,사고번호,사고일시,요일,시군구,사고내용,사망자수,중상자수,경상자수,부상신고자수,사고유형,법규위반,노면상태,기상상태,도로형태,가해운전자 차종,가해운전자 성별,가해운전자 연령,가해운전자 상해정도,피해운전자 차종,피해운전자 성별,피해운전자 연령,피해운전자 상해정도
115,2021010900100332,2021년 1월 9일 18시,토요일,서울특별시 강서구 화곡동,경상사고,0,0,1,0,차대사람 - 차도통행중,안전운전불이행,포장 - 건조,맑음,단일로 - 기타,기타불명,기타불명,미분류,기타불명,보행자,남,54세,경상
116,2021010900100336,2021년 1월 9일 18시,토요일,서울특별시 양천구 신정동,중상사고,0,1,0,0,차대사람 - 횡단중,안전운전불이행,포장 - 젖음/습기,흐림,단일로 - 기타,화물,남,56세,상해없음,보행자,여,66세,중상
117,2021010900100371,2021년 1월 9일 19시,토요일,서울특별시 성동구 하왕십리동,경상사고,0,0,1,0,차대사람 - 기타,신호위반,포장 - 건조,맑음,교차로 - 교차로횡단보도내,기타불명,기타불명,미분류,기타불명,보행자,여,56세,경상
118,2021010900100401,2021년 1월 9일 20시,토요일,서울특별시 중랑구 묵동,중상사고,0,1,0,0,차대사람 - 횡단중,신호위반,포장 - 건조,맑음,단일로 - 기타,승용,남,69세,상해없음,보행자,남,19세,중상
119,2021010900100427,2021년 1월 9일 21시,토요일,서울특별시 금천구 독산동,중상사고,0,1,0,0,차대사람 - 횡단중,안전운전불이행,포장 - 젖음/습기,맑음,단일로 - 기타,승용,남,58세,상해없음,보행자,여,76세,중상
120,2021010900100429,2021년 1월 9일 21시,토요일,서울특별시 구로구 가리봉동,중상사고,0,1,0,0,차대사람 - 기타,안전운전불이행,포장 - 서리/결빙,눈,단일로 - 기타,원동기,남,61세,상해없음,보행자,여,73세,중상
121,2021010900100479,2021년 1월 9일 23시,토요일,서울특별시 영등포구 영등포동8가,중상사고,0,1,1,0,차대사람 - 횡단중,보행자보호의무위반,포장 - 젖음/습기,맑음,교차로 - 교차로부근,승용,남,56세,상해없음,보행자,여,53세,중상
122,2021011000100013,2021년 1월 10일 04시,일요일,서울특별시 성동구 사근동,경상사고,0,0,1,0,차대사람 - 기타,안전운전불이행,포장 - 기타,맑음,기타 - 기타,승용,남,57세,상해없음,보행자,남,56세,경상
123,2021011000100021,2021년 1월 10일 07시,일요일,서울특별시 은평구 불광동,중상사고,0,1,0,0,차대사람 - 횡단중,안전운전불이행,포장 - 건조,맑음,단일로 - 기타,승용,남,34세,상해없음,보행자,여,71세,중상
124,2021011000100052,2021년 1월 10일 11시,일요일,서울특별시 노원구 공릉동,경상사고,0,0,1,0,차대사람 - 횡단중,신호위반,포장 - 건조,맑음,교차로 - 교차로횡단보도내,승용,남,53세,상해없음,보행자,남,33세,경상
125,2021011000100063,2021년 1월 10일 12시,일요일,서울특별시 은평구 수색동,경상사고,0,0,1,0,차대사람 - 횡단중,신호위반,포장 - 건조,맑음,단일로 - 기타,승용,남,85세,상해없음,보행자,여,27세,경상
126,2021011000100064,2021년 1월 10일 12시,일요일,서울특별시 강북구 번동,중상사고,0,1,0,0,차대사람 - 기타,안전운전불이행,포장 - 건조,맑음,교차로 - 교차로안,승용,남,64세,상해없음,보행자,여,76세,중상
127,2021011000100180,2021년 1월 10일 16시,일요일,서울특별시 성동구 금호동1가,경상사고,0,0,1,0,차대사람 - 횡단중,신호위반,포장 - 건조,맑음,교차로 - 교차로부근,승용,남,34세,상해없음,보행자,남,36세,경상
128,2021011000100203,2021년 1월 10일 17시,일요일,서울특별시 서대문구 대현동,부상신고사고,0,0,0,1,차대사람 - 횡단중,기타,포장 - 건조,맑음,단일로 - 기타,원동기,남,63세,상해없음,보행자,여,25세,부상신고
129,2021011000100210,2021년 1월 10일 17시,일요일,서울특별시 구로구 개봉동,중상사고,0,1,0,0,차대사람 - 횡단중,안전운전불이행,포장 - 건조,맑음,교차로 - 교차로안,승용,남,44세,상해없음,보행자,남,48세,중상
130,2021011000100292,2021년 1월 10일 20시,일요일,서울특별시 강남구 수서동,경상사고,0,0,1,0,차대사람 - 기타,기타,포장 - 건조,맑음,단일로 - 기타,승합,남,41세,상해없음,보행자,남,68세,경상
131,2021011000100316,2021년 1월 10일 21시,일요일,서울특별시 중랑구 신내동,경상사고,0,0,1,0,차대사람 - 기타,안전운전불이행,포장 - 건조,맑음,단일로 - 기타,승합,남,49세,상해없음,보행자,남,55세,경상
132,2021011000100318,2021년 1월 10일 21시,일요일,서울특별시 강서구 내발산동,중상사고,0,1,0,0,차대사람 - 기타,안전운전불이행,포장 - 건조,맑음,단일로 - 기타,승합,남,69세,상해없음,보행자,여,68세,중상
133,2021011000100355,2021년 1월 10일 23시,일요일,서울특별시 서대문구 대현동,중상사고,0,1,0,0,차대사람 - 횡단중,보행자보호의무위반,포장 - 건조,맑음,교차로 - 교차로안,승용,남,69세,상해없음,보행자,남,33세,중상
134,2021011100100011,2021년 1월 11일 06시,월요일,서울특별시 동대문구 용두동,중상사고,0,1,0,0,차대사람 - 횡단중,안전운전불이행,포장 - 건조,맑음,교차로 - 교차로횡단보도내,승용,여,38세,상해없음,보행자,남,79세,중상
135,2021011100100029,2021년 1월 11일 07시,월요일,서울특별시 마포구 염리동,중상사고,0,1,0,0,차대사람 - 차도통행중,안전운전불이행,포장 - 건조,맑음,교차로 - 교차로안,승용,남,53세,상해없음,보행자,여,67세,중상
136,2021011100100060,2021년 1월 11일 08시,월요일,서울특별시 서초구 서초동,경상사고,0,0,1,0,차대사람 - 횡단중,보행자보호의무위반,포장 - 건조,맑음,교차로 - 교차로횡단보도내,승용,여,55세,상해없음,보행자,여,28세,경상
137,2021011100100144,2021년 1월 11일 11시,월요일,서울특별시 동작구 사당동,중상사고,0,1,0,0,차대사람 - 횡단중,안전운전불이행,포장 - 건조,맑음,교차로 - 교차로안,화물,남,25세,상해없음,보행자,남,60세,중상
138,2021011100100165,2021년 1월 11일 12시,월요일,서울특별시 성북구 정릉동,부상신고사고,0,0,0,1,차대사람 - 기타,안전운전불이행,포장 - 서리/결빙,맑음,단일로 - 기타,승용,남,56세,상해없음,보행자,여,80세,부상신고
139,2021011100100193,2021년 1월 11일 13시,월요일,서울특별시 동작구 본동,사망사고,1,0,0,0,차대사람 - 기타,안전운전불이행,포장 - 젖음/습기,흐림,교차로 - 교차로부근,화물,남,58세,상해없음,보행자,남,82세,사망
140,2021011100100196,2021년 1월 11일 13시,월요일,서울특별시 노원구 상계동,경상사고,0,0,1,0,차대사람 - 기타,안전운전불이행,포장 - 건조,맑음,단일로 - 기타,승용,남,71세,상해없음,보행자,남,24세,경상
141,2021011100100227,2021년 1월 11일 14시,월요일,서울특별시 구로구 개봉동,중상사고,0,1,0,0,차대사람 - 길가장자리구역통행중,안전운전불이행,포장 - 젖음/습기,흐림,교차로 - 교차로안,승용,여,40세,상해없음,보행자,여,85세,중상
142,2021011100100265,2021년 1월 11일 15시,월요일,서울특별시 동작구 노량진동,경상사고,0,0,1,0,차대사람 - 길가장자리구역통행중,안전운전불이행,포장 - 건조,맑음,단일로 - 기타,승용,남,63세,상해없음,보행자,여,25세,경상
143,2021011100100485,2021년 1월 11일 21시,월요일,서울특별시 영등포구 영등포동7가,중상사고,0,1,0,0,차대사람 - 횡단중,보행자보호의무위반,포장 - 건조,맑음,교차로 - 교차로안,승용,남,53세,상해없음,보행자,여,55세,중상
144,2021011100100487,2021년 1월 11일 21시,월요일,서울특별시 송파구 방이동,중상사고,0,1,0,0,차대사람 - 차도통행중,안전운전불이행,포장 - 젖음/습기,맑음,단일로 - 기타,승용,남,37세,상해없음,보행자,남,83세,중상
145,2021011200100010,2021년 1월 12일 05시,화요일,서울특별시 성북구 길음동,중상사고,0,1,0,0,차대사람 - 횡단중,안전운전불이행,포장 - 젖음/습기,흐림,교차로 - 교차로부근,승합,여,54세,기타불명,보행자,여,65세,중상
146,2021011200100014,2021년 1월 12일 06시,화요일,서울특별시 은평구 증산동,중상사고,0,1,1,0,차대사람 - 횡단중,보행자보호의무위반,포장 - 건조,맑음,단일로 - 기타,승용,남,51세,상해없음,보행자,남,85세,중상
147,2021011200100026,2021년 1월 12일 07시,화요일,서울특별시 성동구 성수동2가,중상사고,0,1,0,0,차대사람 - 길가장자리구역통행중,안전운전불이행,포장 - 건조,맑음,단일로 - 기타,승용,남,42세,상해없음,보행자,남,62세,중상
148,2021011200100047,2021년 1월 12일 08시,화요일,서울특별시 서대문구 충정로2가,중상사고,0,1,0,0,차대사람 - 차도통행중,안전운전불이행,포장 - 건조,맑음,교차로 - 교차로안,승용,남,53세,상해없음,보행자,남,62세,중상
149,2021011200100123,2021년 1월 12일 11시,화요일,서울특별시 영등포구 신길동,중상사고,0,1,0,0,차대사람 - 횡단중,안전운전불이행,포장 - 건조,맑음,교차로 - 교차로안,승용,남,40세,상해없음,보행자,여,42세,중상
150,2021011200100142,2021년 1월 12일 12시,화요일,서울특별시 서대문구 옥천동,경상사고,0,0,1,0,차대사람 - 기타,기타,포장 - 젖음/습기,맑음,단일로 - 기타,승합,남,59세,상해없음,보행자,여,66세,경상
151,2021011200100148,2021년 1월 12일 12시,화요일,서울특별시 양천구 신정동,중상사고,0,1,0,0,차대사람 - 횡단중,안전운전불이행,포장 - 기타,맑음,단일로 - 기타,승용,남,34세,기타불명,보행자,여,72세,중상
152,2021011200100211,2021년 1월 12일 14시,화요일,서울특별시 관악구 봉천동,경상사고,0,0,1,0,차대사람 - 보도통행중,기타,포장 - 서리/결빙,눈,단일로 - 기타,이륜,남,39세,상해없음,보행자,남,37세,경상
153,2021011200100274,2021년 1월 12일 16시,화요일,서울특별시 동대문구 제기동,중상사고,0,1,0,0,차대사람 - 기타,안전운전불이행,포장 - 적설,눈,단일로 - 기타,화물,남,42세,상해없음,보행자,남,57세,중상
154,2021011200100275,2021년 1월 12일 16시,화요일,서울특별시 금천구 시흥동,중상사고,0,1,0,0,차대사람 - 기타,안전운전불이행,포장 - 적설,눈,단일로 - 기타,화물,남,54세,상해없음,보행자,남,61세,중상
155,2021011200100279,2021년 1월 12일 16시,화요일,서울특별시 서초구 방배동,중상사고,0,1,0,0,차대사람 - 보도통행중,기타,포장 - 서리/결빙,눈,단일로 - 기타,승용,여,52세,상해없음,보행자,남,14세,중상
156,2021011200100309,2021년 1월 12일 17시,화요일,서울특별시 동작구 상도1동,중상사고,0,1,0,0,차대사람 - 기타,보행자보호의무위반,포장 - 젖음/습기,흐림,교차로 - 교차로횡단보도내,화물,남,48세,상해없음,보행자,여,28세,중상
157,2021011200100334,2021년 1월 12일 18시,화요일,서울특별시 서초구 염곡동,사망사고,1,0,0,0,차대사람 - 기타,안전운전불이행,포장 - 적설,눈,단일로 - 기타,승용,남,29세,상해없음,보행자,남,52세,사망
158,2021011300100012,2021년 1월 13일 02시,수요일,서울특별시 관악구 신림동,경상사고,0,0,1,0,차대사람 - 기타,안전운전불이행,포장 - 적설,눈,교차로 - 교차로안,승용,남,27세,상해없음,보행자,여,23세,경상
159,2021011300100025,2021년 1월 13일 06시,수요일,서울특별시 종로구 충신동,사망사고,1,0,0,0,차대사람 - 횡단중,안전운전불이행,포장 - 젖음/습기,흐림,교차로 - 교차로안,원동기,남,66세,상해없음,보행자,여,81세,사망
160,2021011300100027,2021년 1월 13일 06시,수요일,서울특별시 서초구 서초동,경상사고,0,0,1,0,차대사람 - 기타,안전운전불이행,포장 - 건조,흐림,단일로 - 기타,승용,남,43세,상해없음,보행자,남,66세,경상
161,2021011300100047,2021년 1월 13일 07시,수요일,서울특별시 광진구 구의동,경상사고,0,0,1,0,차대사람 - 횡단중,안전운전불이행,포장 - 젖음/습기,맑음,단일로 - 기타,승용,남,67세,상해없음,보행자,여,81세,경상
162,2021011300100102,2021년 1월 13일 09시,수요일,서울특별시 송파구 송파동,경상사고,0,0,1,0,차대사람 - 횡단중,안전운전불이행,포장 - 건조,맑음,교차로 - 교차로횡단보도내,승용,여,57세,상해없음,보행자,여,60세,경상
163,2021011300100126,2021년 1월 13일 10시,수요일,서울특별시 강동구 천호동,경상사고,0,0,1,0,차대사람 - 기타,안전운전불이행,포장 - 젖음/습기,맑음,기타 - 기타,승용,여,57세,상해없음,보행자,남,3세,경상
164,2021011300100127,2021년 1월 13일 10시,수요일,서울특별시 송파구 풍납동,중상사고,0,1,0,0,차대사람 - 기타,안전운전불이행,포장 - 건조,맑음,교차로 - 교차로안,화물,남,30세,상해없음,보행자,남,68세,중상
165,2021011300100170,2021년 1월 13일 12시,수요일,서울특별시 성동구 응봉동,중상사고,0,1,0,0,차대사람 - 기타,안전운전불이행,포장 - 건조,맑음,단일로 - 기타,승용,남,76세,상해없음,보행자,남,50세,중상
166,2021011300100172,2021년 1월 13일 12시,수요일,서울특별시 강남구 수서동,사망사고,1,0,0,0,차대사람 - 횡단중,보행자보호의무위반,포장 - 건조,맑음,단일로 - 기타,화물,남,62세,상해없음,보행자,여,52세,사망
167,2021011300100220,2021년 1월 13일 14시,수요일,서울특별시 서대문구 남가좌동,중상사고,0,1,0,0,차대사람 - 보도통행중,기타,포장 - 건조,맑음,단일로 - 기타,승용,남,50세,상해없음,보행자,여,59세,중상
168,2021011300100250,2021년 1월 13일 15시,수요일,서울특별시 구로구 구로동,경상사고,0,0,1,0,차대사람 - 기타,안전운전불이행,포장 - 건조,맑음,단일로 - 기타,승용,남,26세,상해없음,보행자,여,71세,경상
169,2021011300100282,2021년 1월 13일 16시,수요일,서울특별시 동작구 노량진동,경상사고,0,0,1,0,차대사람 - 차도통행중,안전운전불이행,포장 - 건조,맑음,단일로 - 기타,승용,남,77세,상해없음,보행자,여,58세,경상
170,2021011300100283,2021년 1월 13일 16시,수요일,서울특별시 동작구 대방동,중상사고,0,1,0,0,차대사람 - 보도통행중,기타,포장 - 건조,흐림,단일로 - 기타,승용,남,49세,상해없음,보행자,남,52세,중상
171,2021011300100308,2021년 1월 13일 17시,수요일,서울특별시 강북구 우이동,경상사고,0,0,1,0,차대사람 - 기타,안전운전불이행,포장 - 건조,맑음,단일로 - 기타,승용,남,86세,상해없음,보행자,여,33세,경상
172,2021011300100345,2021년 1월 13일 18시,수요일,서울특별시 서초구 서초동,경상사고,0,0,1,0,차대사람 - 기타,안전운전불이행,포장 - 건조,맑음,단일로 - 기타,승용,여,43세,상해없음,보행자,여,33세,경상
173,2021011300100346,2021년 1월 13일 18시,수요일,서울특별시 노원구 월계동,중상사고,0,1,0,0,차대사람 - 횡단중,보행자보호의무위반,포장 - 건조,맑음,단일로 - 기타,화물,남,47세,상해없음,보행자,여,69세,중상
174,2021011300100402,2021년 1월 13일 19시,수요일,서울특별시 서초구 방배동,부상신고사고,0,0,0,1,차대사람 - 기타,안전운전불이행,포장 - 건조,맑음,단일로 - 기타,화물,남,20세,상해없음,보행자,여,27세,부상신고
175,2021011300100431,2021년 1월 13일 20시,수요일,서울특별시 영등포구 양평동3가,중상사고,0,1,2,0,차대사람 - 횡단중,보행자보호의무위반,포장 - 건조,맑음,단일로 - 기타,승용,남,36세,상해없음,보행자,여,45세,경상
176,2021011300100432,2021년 1월 13일 20시,수요일,서울특별시 동작구 사당동,부상신고사고,0,0,0,1,차대사람 - 기타,안전운전불이행,포장 - 건조,맑음,단일로 - 기타,승용,남,44세,상해없음,보행자,남,49세,부상신고
177,2021011300100433,2021년 1월 13일 20시,수요일,서울특별시 송파구 잠실동,경상사고,0,0,1,0,차대사람 - 횡단중,안전운전불이행,포장 - 건조,맑음,단일로 - 기타,승용,여,30세,상해없음,보행자,남,29세,경상
178,2021011300100459,2021년 1월 13일 21시,수요일,서울특별시 성북구 정릉동,경상사고,0,0,1,0,차대사람 - 기타,안전운전불이행,포장 - 건조,맑음,기타 - 기타,승용,남,61세,상해없음,보행자,남,51세,경상
179,2021011300100463,2021년 1월 13일 21시,수요일,서울특별시 강서구 등촌동,중상사고,0,1,0,0,차대사람 - 횡단중,안전운전불이행,포장 - 건조,맑음,단일로 - 기타,승용,남,33세,상해없음,보행자,남,75세,중상
180,2021011400100021,2021년 1월 14일 05시,목요일,서울특별시 성북구 길음동,중상사고,0,1,0,0,차대사람 - 횡단중,안전운전불이행,포장 - 젖음/습기,맑음,단일로 - 기타,화물,남,55세,상해없음,보행자,여,55세,중상
181,2021011400100032,2021년 1월 14일 06시,목요일,서울특별시 송파구 장지동,경상사고,0,0,1,0,차대사람 - 횡단중,보행자보호의무위반,포장 - 건조,맑음,기타 - 기타,승용,남,50세,상해없음,보행자,여,56세,경상
182,2021011400100044,2021년 1월 14일 07시,목요일,서울특별시 중랑구 묵동,중상사고,0,1,0,0,차대사람 - 횡단중,보행자보호의무위반,포장 - 건조,맑음,교차로 - 교차로횡단보도내,화물,남,62세,상해없음,보행자,여,60세,중상
183,2021011400100076,2021년 1월 14일 08시,목요일,서울특별시 강서구 화곡동,경상사고,0,0,1,0,차대사람 - 기타,안전운전불이행,포장 - 건조,맑음,교차로 - 교차로안,승용,여,52세,상해없음,보행자,남,17세,경상
184,2021011400100110,2021년 1월 14일 09시,목요일,서울특별시 마포구 공덕동,중상사고,0,1,0,0,차대사람 - 횡단중,신호위반,포장 - 건조,맑음,교차로 - 교차로부근,건설기계,남,62세,상해없음,보행자,남,23세,중상
185,2021011400100149,2021년 1월 14일 10시,목요일,서울특별시 도봉구 쌍문동,경상사고,0,0,1,0,차대사람 - 차도통행중,안전운전불이행,포장 - 건조,맑음,단일로 - 기타,승용,남,64세,상해없음,보행자,여,60세,경상
186,2021011400100212,2021년 1월 14일 12시,목요일,서울특별시 성북구 길음동,경상사고,0,0,1,0,차대사람 - 횡단중,보행자보호의무위반,포장 - 건조,맑음,교차로 - 교차로횡단보도내,승합,남,60세,상해없음,보행자,여,85세,경상
187,2021011400100242,2021년 1월 14일 13시,목요일,서울특별시 강북구 미아동,중상사고,0,1,0,0,차대사람 - 횡단중,보행자보호의무위반,포장 - 건조,맑음,교차로 - 교차로횡단보도내,승용,여,43세,상해없음,보행자,여,76세,중상
188,2021011400100280,2021년 1월 14일 14시,목요일,서울특별시 동작구 흑석동,경상사고,0,0,1,0,차대사람 - 기타,안전운전불이행,포장 - 건조,맑음,기타 - 기타,건설기계,남,53세,상해없음,보행자,남,35세,경상
189,2021011400100306,2021년 1월 14일 15시,목요일,서울특별시 성동구 용답동,중상사고,0,1,0,0,차대사람 - 차도통행중,안전운전불이행,포장 - 건조,맑음,교차로 - 교차로안,승용,여,62세,상해없음,보행자,여,58세,중상
190,2021011400100309,2021년 1월 14일 15시,목요일,서울특별시 송파구 방이동,경상사고,0,0,1,0,차대사람 - 기타,안전운전불이행,포장 - 건조,기타,단일로 - 기타,기타불명,기타불명,미분류,기타불명,보행자,여,28세,경상
191,2021011400100346,2021년 1월 14일 16시,목요일,서울특별시 서대문구 북가좌동,중상사고,0,1,0,0,차대사람 - 횡단중,안전운전불이행,포장 - 건조,맑음,단일로 - 기타,화물,남,60세,상해없음,보행자,남,53세,중상
192,2021011400100349,2021년 1월 14일 16시,목요일,서울특별시 동대문구 제기동,부상신고사고,0,0,0,1,차대사람 - 기타,안전운전불이행,포장 - 건조,맑음,기타 - 기타,승용,여,85세,상해없음,보행자,여,61세,부상신고
193,2021011400100350,2021년 1월 14일 16시,목요일,서울특별시 마포구 성산동,부상신고사고,0,0,0,1,차대사람 - 횡단중,신호위반,포장 - 젖음/습기,흐림,교차로 - 교차로부근,이륜,남,39세,상해없음,보행자,남,8세,부상신고
194,2021011400100423,2021년 1월 14일 18시,목요일,서울특별시 강서구 화곡동,부상신고사고,0,0,0,1,차대사람 - 기타,안전운전불이행,포장 - 건조,맑음,단일로 - 기타,자전거,남,26세,상해없음,보행자,여,68세,부상신고
195,2021011400100426,2021년 1월 14일 18시,목요일,서울특별시 구로구 개봉동,경상사고,0,0,1,0,차대사람 - 기타,보행자보호의무위반,포장 - 건조,맑음,교차로 - 교차로횡단보도내,승용,남,71세,상해없음,보행자,여,15세,경상
196,2021011400100432,2021년 1월 14일 18시,목요일,서울특별시 도봉구 창동,경상사고,0,0,1,0,차대사람 - 기타,안전운전불이행,포장 - 건조,맑음,단일로 - 기타,승합,남,61세,상해없음,보행자,남,5세,경상
197,2021011400100488,2021년 1월 14일 19시,목요일,서울특별시 강북구 수유동,경상사고,0,0,2,0,차대사람 - 기타,중앙선침범,포장 - 건조,맑음,기타 - 기타,이륜,남,64세,경상,보행자,남,29세,경상
198,2021011400100496,2021년 1월 14일 19시,목요일,서울특별시 강남구 일원동,경상사고,0,0,1,0,차대사람 - 기타,안전운전불이행,포장 - 건조,맑음,교차로 - 교차로부근,승용,남,75세,상해없음,보행자,여,68세,경상
199,2021011400100536,2021년 1월 14일 20시,목요일,서울특별시 서초구 잠원동,경상사고,0,0,1,0,차대사람 - 차도통행중,보행자보호의무위반,포장 - 건조,맑음,교차로 - 교차로안,승용,남,47세,상해없음,보행자,여,51세,경상
200,2021011400100559,2021년 1월 14일 21시,목요일,서울특별시 종로구 신문로1가,중상사고,0,1,0,0,차대사람 - 횡단중,신호위반,포장 - 건조,맑음,단일로 - 기타,승용,남,54세,상해없음,보행자,여,23세,중상
201,2021011400100561,2021년 1월 14일 21시,목요일,서울특별시 서대문구 충정로2가,경상사고,0,0,2,0,차대사람 - 횡단중,안전운전불이행,포장 - 건조,맑음,단일로 - 기타,승용,여,36세,상해없음,보행자,여,23세,경상
202,2021011500100040,2021년 1월 15일 07시,금요일,서울특별시 강서구 공항동,중상사고,0,1,0,0,차대사람 - 횡단중,안전운전불이행,포장 - 건조,맑음,교차로 - 교차로안,승용,남,56세,상해없음,보행자,남,55세,중상
203,2021011500100067,2021년 1월 15일 08시,금요일,서울특별시 영등포구 대림동,중상사고,0,1,0,0,차대사람 - 횡단중,신호위반,포장 - 건조,맑음,단일로 - 기타,건설기계,남,59세,상해없음,보행자,여,73세,중상
204,2021011500100072,2021년 1월 15일 08시,금요일,서울특별시 송파구 방이동,중상사고,0,1,0,0,차대사람 - 기타,보행자보호의무위반,포장 - 건조,맑음,교차로 - 교차로횡단보도내,승용,남,54세,상해없음,보행자,여,53세,중상
205,2021011500100118,2021년 1월 15일 10시,금요일,서울특별시 관악구 남현동,경상사고,0,0,1,0,차대사람 - 길가장자리구역통행중,안전운전불이행,포장 - 건조,맑음,단일로 - 기타,이륜,남,45세,상해없음,보행자,여,81세,경상
206,2021011500100146,2021년 1월 15일 11시,금요일,서울특별시 강남구 역삼동,경상사고,0,0,1,0,차대사람 - 기타,기타,포장 - 서리/결빙,눈,단일로 - 기타,승용,남,84세,상해없음,보행자,여,28세,경상
207,2021011500100167,2021년 1월 15일 12시,금요일,서울특별시 성동구 옥수동,경상사고,0,0,1,0,차대사람 - 기타,안전운전불이행,포장 - 건조,맑음,기타 - 기타,승용,남,34세,상해없음,보행자,남,50세,경상
208,2021011500100235,2021년 1월 15일 14시,금요일,서울특별시 강북구 미아동,경상사고,0,0,1,0,차대사람 - 횡단중,안전운전불이행,포장 - 건조,맑음,단일로 - 기타,승용,남,25세,상해없음,보행자,여,23세,경상
209,2021011500100309,2021년 1월 15일 16시,금요일,서울특별시 강서구 화곡동,경상사고,0,0,1,0,차대사람 - 길가장자리구역통행중,안전운전불이행,포장 - 건조,맑음,단일로 - 기타,승용,남,51세,상해없음,보행자,남,75세,경상
210,2021011500100335,2021년 1월 15일 17시,금요일,서울특별시 강동구 성내동,경상사고,0,0,1,0,차대사람 - 기타,안전운전불이행,포장 - 건조,맑음,단일로 - 기타,승합,남,54세,상해없음,보행자,여,30세,경상
211,2021011500100380,2021년 1월 15일 18시,금요일,서울특별시 용산구 원효로1가,중상사고,0,1,0,0,차대사람 - 보도통행중,신호위반,포장 - 건조,맑음,단일로 - 기타,승용,여,41세,상해없음,보행자,여,31세,중상
212,2021011500100385,2021년 1월 15일 18시,금요일,서울특별시 관악구 봉천동,경상사고,0,0,1,0,차대사람 - 기타,안전운전불이행,포장 - 건조,기타,교차로 - 교차로안,승용,여,43세,상해없음,보행자,남,71세,경상
213,2021011500100387,2021년 1월 15일 18시,금요일,서울특별시 송파구 오금동,중상사고,0,1,0,0,차대사람 - 횡단중,안전운전불이행,포장 - 젖음/습기,흐림,교차로 - 교차로안,승용,남,50세,상해없음,보행자,남,67세,중상
214,2021011500100389,2021년 1월 15일 18시,금요일,서울특별시 서초구 서초동,경상사고,0,0,1,0,차대사람 - 기타,안전운전불이행,포장 - 서리/결빙,흐림,기타 - 기타,승용,남,31세,상해없음,보행자,남,38세,경상
215,2021011500100393,2021년 1월 15일 18시,금요일,서울특별시 노원구 상계동,중상사고,0,1,0,0,차대사람 - 횡단중,안전운전불이행,포장 - 건조,맑음,교차로 - 교차로부근,승용,여,41세,상해없음,보행자,여,51세,중상
216,2021011500100550,2021년 1월 15일 21시,금요일,서울특별시 관악구 신림동,경상사고,0,0,1,0,차대사람 - 횡단중,보행자보호의무위반,포장 - 젖음/습기,흐림,교차로 - 교차로횡단보도내,승합,남,64세,상해없음,보행자,남,29세,경상
217,2021011500100555,2021년 1월 15일 21시,금요일,서울특별시 송파구 송파동,경상사고,0,0,1,0,차대사람 - 보도통행중,안전운전불이행,포장 - 건조,맑음,단일로 - 기타,개인형이동수단(PM),남,26세,상해없음,보행자,여,30세,경상
218,2021011500100556,2021년 1월 15일 21시,금요일,서울특별시 송파구 방이동,경상사고,0,0,1,0,차대사람 - 기타,안전운전불이행,포장 - 건조,맑음,기타 - 기타,승용,여,23세,상해없음,보행자,남,24세,경상
219,2021011500100613,2021년 1월 15일 23시,금요일,서울특별시 구로구 구로동,경상사고,0,0,2,0,차대사람 - 횡단중,보행자보호의무위반,포장 - 건조,맑음,교차로 - 교차로횡단보도내,승용,남,59세,상해없음,보행자,남,24세,경상
220,2021011600100118,2021년 1월 16일 12시,토요일,서울특별시 강남구 압구정동,경상사고,0,0,1,0,차대사람 - 횡단중,보행자보호의무위반,포장 - 건조,맑음,교차로 - 교차로횡단보도내,승용,남,49세,상해없음,보행자,여,20세,경상
221,2021011600100140,2021년 1월 16일 13시,토요일,서울특별시 용산구 한남동,중상사고,0,1,0,0,차대사람 - 보도통행중,보행자보호의무위반,포장 - 건조,맑음,단일로 - 기타,승용,여,25세,상해없음,보행자,여,80세,중상
222,2021011600100172,2021년 1월 16일 14시,토요일,서울특별시 성북구 정릉동,경상사고,0,0,1,0,차대사람 - 차도통행중,안전운전불이행,포장 - 건조,맑음,단일로 - 기타,승용,여,43세,상해없음,보행자,남,68세,경상
223,2021011600100178,2021년 1월 16일 14시,토요일,서울특별시 서초구 반포동,경상사고,0,0,1,0,차대사람 - 기타,기타,포장 - 건조,맑음,단일로 - 기타,자전거,남,15세,상해없음,보행자,여,47세,경상
224,2021011600100207,2021년 1월 16일 15시,토요일,서울특별시 송파구 거여동,중상사고,0,1,0,0,차대사람 - 횡단중,신호위반,포장 - 건조,맑음,교차로 - 교차로횡단보도내,승용,남,66세,상해없음,보행자,여,76세,중상
225,2021011600100209,2021년 1월 16일 15시,토요일,서울특별시 서초구 서초동,중상사고,0,1,0,0,차대사람 - 차도통행중,기타,포장 - 건조,맑음,기타 - 기타,승용,남,53세,상해없음,보행자,남,30세,중상
226,2021011600100210,2021년 1월 16일 15시,토요일,서울특별시 도봉구 창동,경상사고,0,0,1,0,차대사람 - 기타,안전운전불이행,포장 - 건조,맑음,교차로 - 교차로안,승용,남,46세,상해없음,보행자,여,82세,경상