,사고번호,사고일시,요일,시군구,사고내용,사망자수,중상자수,경상자수,부상신고자수,사고유형,법규위반,노면상태,기상상태,도로형태,가해운전자 차종,가해운전자 성별,가해운전자 연령,가해운전자 상해정도,피해운전자 차종,피해운전자 성별,피해운전자 연령,피해운전자 상해정도
1245,2021031300100259,2021년 3월 13일 14시,토요일,서울특별시 광진구 자양동,중상사고,0,1,0,0,차대사람 - 기타,안전운전불이행,포장 - 건조,맑음,단일로 - 기타,승용,남,73세,상해없음,보행자,여,68세,중상
1246,2021031300100292,2021년 3월 13일 15시,토요일,서울특별시 마포구 서교동,경상사고,0,0,1,0,차대사람 - 차도통행중,안전운전불이행,포장 - 건조,맑음,단일로 - 기타,개인형이동수단(PM),남,23세,상해없음,보행자,여,32세,경상
1247,2021031300100294,2021년 3월 13일 15시,토요일,서울특별시 강서구 염창동,중상사고,0,1,0,0,차대사람 - 횡단중,보행자보호의무위반,포장 - 건조,맑음,교차로 - 교차로횡단보도내,승용,여,52세,상해없음,보행자,여,75세,중상
1248,2021031300100296,2021년 3월 13일 15시,토요일,서울특별시 도봉구 쌍문동,경상사고,0,0,1,0,차대사람 - 기타,안전운전불이행,포장 - 건조,맑음,단일로 - 기타,이륜,남,83세,상해없음,보행자,여,38세,경상
1249,2021031300100357,2021년 3월 13일 17시,토요일,서울특별시 마포구 서교동,부상신고사고,0,0,0,2,차대사람 - 횡단중,안전운전불이행,포장 - 건조,맑음,교차로 - 교차로부근,승용,남,31세,상해없음,보행자,남,39세,부상신고
1250,2021031300100390,2021년 3월 13일 18시,토요일,서울특별시 중구 신당동,경상사고,0,0,1,0,차대사람 - 길가장자리구역통행중,안전운전불이행,포장 - 건조,맑음,단일로 - 기타,승용,남,38세,상해없음,보행자,남,69세,경상
1251,2021031300100392,2021년 3월 13일 18시,토요일,서울특별시 강서구 내발산동,경상사고,0,0,1,0,차대사람 - 차도통행중,안전운전불이행,포장 - 건조,맑음,단일로 - 기타,기타불명,기타불명,미분류,기타불명,보행자,남,20세,경상
1252,2021031300100393,2021년 3월 13일 18시,토요일,서울특별시 서초구 잠원동,중상사고,0,1,0,0,차대사람 - 기타,안전운전불이행,포장 - 건조,맑음,교차로 - 교차로부근,개인형이동수단(PM),남,19세,상해없음,보행자,여,62세,중상
1253,2021031300100426,2021년 3월 13일 19시,토요일,서울특별시 마포구 서교동,중상사고,0,1,0,0,차대사람 - 길가장자리구역통행중,안전운전불이행,포장 - 건조,맑음,단일로 - 기타,승용,남,22세,상해없음,보행자,여,47세,중상
1254,2021031300100428,2021년 3월 13일 19시,토요일,서울특별시 도봉구 쌍문동,중상사고,0,1,0,0,차대사람 - 길가장자리구역통행중,안전운전불이행,포장 - 건조,맑음,단일로 - 기타,승용,남,61세,상해없음,보행자,여,87세,중상
1255,2021031300100502,2021년 3월 13일 22시,토요일,서울특별시 마포구 상수동,경상사고,0,0,1,0,차대사람 - 횡단중,안전운전불이행,포장 - 건조,맑음,교차로 - 교차로부근,개인형이동수단(PM),남,19세,상해없음,보행자,남,28세,경상
1256,2021031300100505,2021년 3월 13일 22시,토요일,서울특별시 강서구 마곡동,중상사고,0,1,0,0,차대사람 - 차도통행중,안전운전불이행,포장 - 건조,맑음,단일로 - 기타,승용,남,23세,상해없음,보행자,여,18세,중상
1257,2021031400100031,2021년 3월 14일 04시,일요일,서울특별시 마포구 망원동,부상신고사고,0,0,0,1,차대사람 - 차도통행중,안전운전불이행,포장 - 건조,맑음,단일로 - 기타,승용,남,55세,상해없음,보행자,여,29세,부상신고
1258,2021031400100088,2021년 3월 14일 11시,일요일,서울특별시 강서구 화곡동,경상사고,0,0,1,0,차대사람 - 차도통행중,안전운전불이행,포장 - 건조,맑음,단일로 - 기타,이륜,남,28세,상해없음,보행자,남,64세,경상
1259,2021031400100135,2021년 3월 14일 13시,일요일,서울특별시 중랑구 중화동,경상사고,0,0,1,0,차대사람 - 기타,안전운전불이행,포장 - 건조,맑음,단일로 - 기타,화물,남,44세,상해없음,보행자,여,70세,경상
1260,2021031400100160,2021년 3월 14일 14시,일요일,서울특별시 광진구 구의동,경상사고,0,0,1,0,차대사람 - 차도통행중,안전운전불이행,포장 - 건조,맑음,교차로 - 교차로안,승용,남,54세,상해없음,보행자,여,89세,경상
1261,2021031400100164,2021년 3월 14일 14시,일요일,서울특별시 중랑구 면목동,중상사고,0,1,0,0,차대사람 - 기타,안전운전불이행,포장 - 건조,맑음,단일로 - 기타,승용,남,40세,상해없음,보행자,여,80세,중상
1262,2021031400100208,2021년 3월 14일 16시,일요일,서울특별시 영등포구 영등포동3가,경상사고,0,0,1,0,차대사람 - 기타,안전운전불이행,포장 - 건조,맑음,단일로 - 기타,승용,여,37세,상해없음,보행자,여,18세,경상
1263,2021031400100241,2021년 3월 14일 17시,일요일,서울특별시 용산구 이촌동,경상사고,0,0,2,0,차대사람 - 기타,안전운전불이행,포장 - 건조,맑음,단일로 - 기타,자전거,여,46세,경상,보행자,여,50세,경상
1264,2021031400100302,2021년 3월 14일 19시,일요일,서울특별시 금천구 독산동,경상사고,0,0,1,0,차대사람 - 횡단중,안전운전불이행,포장 - 건조,맑음,교차로 - 교차로부근,승용,남,66세,상해없음,보행자,남,58세,경상
1265,2021031400100336,2021년 3월 14일 20시,일요일,서울특별시 강북구 미아동,사망사고,1,0,0,0,차대사람 - 기타,안전운전불이행,포장 - 건조,맑음,단일로 - 기타,승용,여,50세,상해없음,보행자,남,60세,사망
1266,2021031500100020,2021년 3월 15일 05시,월요일,서울특별시 송파구 문정동,경상사고,0,0,1,0,차대사람 - 기타,기타,포장 - 건조,맑음,단일로 - 기타,승용,남,60세,상해없음,보행자,남,47세,경상
1267,2021031500100143,2021년 3월 15일 10시,월요일,서울특별시 강서구 화곡동,중상사고,0,1,0,0,차대사람 - 횡단중,보행자보호의무위반,포장 - 건조,맑음,교차로 - 교차로횡단보도내,승합,여,52세,상해없음,보행자,여,61세,중상
1268,2021031500100172,2021년 3월 15일 11시,월요일,서울특별시 성북구 종암동,경상사고,0,0,1,0,차대사람 - 횡단중,보행자보호의무위반,포장 - 건조,맑음,교차로 - 교차로횡단보도내,승용,여,59세,상해없음,보행자,여,59세,경상
1269,2021031500100201,2021년 3월 15일 12시,월요일,서울특별시 구로구 구로동,중상사고,0,1,0,0,차대사람 - 기타,안전운전불이행,포장 - 건조,맑음,단일로 - 기타,승용,남,61세,상해없음,보행자,여,58세,중상
1270,2021031500100202,2021년 3월 15일 12시,월요일,서울특별시 서초구 신원동,경상사고,0,0,1,0,차대사람 - 기타,안전운전불이행,포장 - 건조,맑음,단일로 - 기타,자전거,남,78세,상해없음,보행자,남,29세,경상
1271,2021031500100226,2021년 3월 15일 13시,월요일,서울특별시 강동구 천호동,중상사고,0,1,0,0,차대사람 - 횡단중,안전운전불이행,포장 - 건조,맑음,교차로 - 교차로안,화물,남,72세,상해없음,보행자,여,82세,중상
1272,2021031500100227,2021년 3월 15일 13시,월요일,서울특별시 서초구 서초동,경상사고,0,0,1,0,차대사람 - 기타,안전운전불이행,포장 - 건조,맑음,단일로 - 기타,승용,여,48세,상해없음,보행자,여,44세,경상
1273,2021031500100251,2021년 3월 15일 14시,월요일,서울특별시 관악구 봉천동,중상사고,0,1,0,0,차대사람 - 차도통행중,안전운전불이행,포장 - 건조,맑음,교차로 - 교차로부근,승합,남,54세,상해없음,보행자,남,42세,중상
1274,2021031500100286,2021년 3월 15일 15시,월요일,서울특별시 성북구 동소문동7가,중상사고,0,1,0,0,차대사람 - 기타,안전운전불이행,포장 - 건조,맑음,단일로 - 기타,승합,남,44세,상해없음,보행자,여,41세,중상
1275,2021031500100288,2021년 3월 15일 15시,월요일,서울특별시 강동구 천호동,경상사고,0,0,1,0,차대사람 - 기타,안전운전불이행,포장 - 건조,맑음,단일로 - 기타,승용,남,19세,상해없음,보행자,남,48세,경상
1276,2021031500100320,2021년 3월 15일 16시,월요일,서울특별시 송파구 송파동,경상사고,0,0,1,0,차대사람 - 횡단중,보행자보호의무위반,포장 - 건조,맑음,교차로 - 교차로안,화물,남,21세,상해없음,보행자,여,27세,경상
1277,2021031500100353,2021년 3월 15일 17시,월요일,서울특별시 성동구 옥수동,중상사고,0,1,0,0,차대사람 - 기타,안전운전불이행,포장 - 건조,맑음,단일로 - 기타,자전거,여,19세,상해없음,보행자,여,64세,중상
1278,2021031500100356,2021년 3월 15일 17시,월요일,서울특별시 관악구 신림동,경상사고,0,0,1,0,차대사람 - 기타,안전운전불이행,포장 - 건조,맑음,단일로 - 기타,이륜,남,21세,경상,보행자,남,41세,상해없음
1279,2021031500100357,2021년 3월 15일 17시,월요일,서울특별시 관악구 신림동,경상사고,0,0,1,0,차대사람 - 기타,안전운전불이행,포장 - 건조,맑음,교차로 - 교차로부근,자전거,남,68세,상해없음,보행자,여,35세,경상
1280,2021031500100402,2021년 3월 15일 18시,월요일,서울특별시 강동구 성내동,중상사고,0,1,0,0,차대사람 - 횡단중,보행자보호의무위반,포장 - 건조,맑음,교차로 - 교차로안,화물,남,57세,상해없음,보행자,여,9세,중상
1281,2021031500100443,2021년 3월 15일 19시,월요일,서울특별시 중구 예장동,부상신고사고,0,0,0,1,차대사람 - 기타,기타,포장 - 건조,맑음,단일로 - 기타,기타불명,기타불명,미분류,기타불명,보행자,남,50세,부상신고
1282,2021031500100508,2021년 3월 15일 21시,월요일,서울특별시 성북구 동선동4가,경상사고,0,0,1,0,차대사람 - 차도통행중,안전운전불이행,포장 - 건조,맑음,단일로 - 기타,승용,남,21세,상해없음,보행자,남,22세,경상
1283,2021031500100524,2021년 3월 15일 22시,월요일,서울특별시 강북구 미아동,경상사고,0,0,1,0,차대사람 - 기타,안전운전불이행,포장 - 건조,맑음,교차로 - 교차로부근,승용,남,26세,상해없음,보행자,남,25세,경상
1284,2021031500100541,2021년 3월 15일 23시,월요일,서울특별시 용산구 한강로3가,중상사고,0,1,1,0,차대사람 - 기타,안전운전불이행,포장 - 젖음/습기,비,교차로 - 교차로안,승용,남,27세,상해없음,보행자,남,27세,중상
1285,2021031500100542,2021년 3월 15일 23시,월요일,서울특별시 용산구 이촌동,경상사고,0,0,1,0,차대사람 - 횡단중,안전운전불이행,포장 - 젖음/습기,비,교차로 - 교차로횡단보도내,원동기,남,27세,상해없음,보행자,남,24세,경상
1286,2021031500100543,2021년 3월 15일 23시,월요일,서울특별시 마포구 서교동,경상사고,0,0,1,0,차대사람 - 기타,보행자보호의무위반,포장 - 젖음/습기,비,교차로 - 교차로안,자전거,남,49세,상해없음,보행자,남,60세,경상
1287,2021031500100546,2021년 3월 15일 23시,월요일,서울특별시 은평구 갈현동,경상사고,0,0,1,0,차대사람 - 횡단중,보행자보호의무위반,포장 - 젖음/습기,비,교차로 - 교차로횡단보도내,승용,남,48세,상해없음,보행자,여,35세,경상
1288,2021031600100001,2021년 3월 16일 00시,화요일,서울특별시 강남구 역삼동,경상사고,0,0,1,0,차대사람 - 기타,안전운전불이행,포장 - 젖음/습기,비,단일로 - 기타,승용,여,37세,상해없음,보행자,남,30세,경상
1289,2021031600100029,2021년 3월 16일 03시,화요일,서울특별시 강남구 삼성동,경상사고,0,0,1,0,차대사람 - 기타,안전운전불이행,포장 - 건조,맑음,교차로 - 교차로부근,승용,남,44세,기타불명,보행자,남,55세,경상
1290,2021031600100036,2021년 3월 16일 05시,화요일,서울특별시 노원구 상계동,중상사고,0,1,0,0,차대사람 - 기타,안전운전불이행,포장 - 건조,맑음,기타 - 기타,화물,남,61세,상해없음,보행자,남,81세,중상
1291,2021031600100062,2021년 3월 16일 07시,화요일,서울특별시 강남구 청담동,경상사고,0,0,1,0,차대사람 - 길가장자리구역통행중,안전운전불이행,포장 - 건조,맑음,단일로 - 기타,승용,남,47세,기타불명,보행자,남,35세,경상
1292,2021031600100194,2021년 3월 16일 11시,화요일,서울특별시 강남구 청담동,경상사고,0,0,1,0,차대사람 - 기타,기타,포장 - 건조,맑음,기타 - 기타,승용,남,60세,상해없음,보행자,여,36세,경상
1293,2021031600100224,2021년 3월 16일 12시,화요일,서울특별시 종로구 종로5가,중상사고,0,1,0,0,차대사람 - 횡단중,안전운전불이행,포장 - 건조,맑음,교차로 - 교차로부근,승용,남,58세,상해없음,보행자,여,88세,중상
1294,2021031600100262,2021년 3월 16일 13시,화요일,서울특별시 은평구 불광동,중상사고,0,1,0,0,차대사람 - 횡단중,안전운전불이행,포장 - 건조,맑음,교차로 - 교차로횡단보도내,승용,남,50세,상해없음,보행자,남,82세,중상
1295,2021031600100288,2021년 3월 16일 14시,화요일,서울특별시 서대문구 홍은동,경상사고,0,0,1,0,차대사람 - 횡단중,보행자보호의무위반,포장 - 건조,맑음,교차로 - 교차로횡단보도내,승용,남,77세,상해없음,보행자,남,88세,경상
1296,2021031600100322,2021년 3월 16일 15시,화요일,서울특별시 중구 신당동,중상사고,0,1,0,0,차대사람 - 기타,기타,포장 - 건조,맑음,단일로 - 기타,승용,남,39세,상해없음,보행자,여,36세,중상
1297,2021031600100325,2021년 3월 16일 15시,화요일,서울특별시 은평구 불광동,경상사고,0,0,1,0,차대사람 - 횡단중,신호위반,포장 - 건조,맑음,교차로 - 교차로부근,자전거,여,56세,상해없음,보행자,남,58세,경상
1298,2021031600100353,2021년 3월 16일 16시,화요일,서울특별시 강북구 번동,부상신고사고,0,0,0,1,차대사람 - 기타,안전운전불이행,포장 - 건조,맑음,단일로 - 기타,승용,남,42세,상해없음,보행자,남,40세,부상신고
1299,2021031600100390,2021년 3월 16일 17시,화요일,서울특별시 도봉구 도봉동,경상사고,0,0,1,0,차대사람 - 기타,안전운전불이행,포장 - 건조,맑음,교차로 - 교차로안,화물,남,40세,상해없음,보행자,남,80세,경상
1300,2021031600100422,2021년 3월 16일 18시,화요일,서울특별시 영등포구 영등포동,경상사고,0,0,1,0,차대사람 - 보도통행중,기타,포장 - 건조,맑음,단일로 - 기타,자전거,여,44세,상해없음,보행자,남,30세,경상
1301,2021031600100427,2021년 3월 16일 18시,화요일,서울특별시 구로구 고척동,경상사고,0,0,1,0,차대사람 - 보도통행중,기타,포장 - 건조,맑음,단일로 - 기타,자전거,남,71세,상해없음,보행자,남,79세,경상
1302,2021031600100428,2021년 3월 16일 18시,화요일,서울특별시 강남구 역삼동,경상사고,0,0,1,0,차대사람 - 기타,안전운전불이행,포장 - 건조,기타,기타 - 기타,승용,남,49세,상해없음,보행자,여,24세,경상
1303,2021031600100478,2021년 3월 16일 19시,화요일,서울특별시 동대문구 신설동,경상사고,0,0,1,0,차대사람 - 기타,안전운전불이행,포장 - 건조,맑음,단일로 - 기타,건설기계,남,35세,상해없음,보행자,남,37세,경상
1304,2021031600100480,2021년 3월 16일 19시,화요일,서울특별시 동작구 사당동,중상사고,0,1,0,0,차대사람 - 기타,안전운전불이행,포장 - 건조,맑음,단일로 - 기타,승용,남,31세,상해없음,보행자,남,69세,중상
1305,2021031600100481,2021년 3월 16일 19시,화요일,서울특별시 관악구 신림동,경상사고,0,0,1,0,차대사람 - 기타,안전운전불이행,포장 - 건조,맑음,기타 - 기타,이륜,남,72세,상해없음,보행자,남,28세,경상
1306,2021031600100530,2021년 3월 16일 21시,화요일,서울특별시 송파구 신천동,경상사고,0,0,1,0,차대사람 - 횡단중,보행자보호의무위반,포장 - 건조,맑음,교차로 - 교차로부근,승용,남,63세,상해없음,보행자,여,26세,경상
1307,2021031600100553,2021년 3월 16일 22시,화요일,서울특별시 송파구 문정동,경상사고,0,0,1,0,차대사람 - 기타,안전운전불이행,포장 - 건조,맑음,교차로 - 교차로안,승용,남,42세,상해없음,보행자,남,47세,경상
1308,2021031600100584,2021년 3월 16일 23시,화요일,서울특별시 관악구 신림동,경상사고,0,0,1,0,차대사람 - 기타,안전운전불이행,포장 - 건조,맑음,기타 - 기타,이륜,남,24세,상해없음,보행자,여,25세,경상
1309,2021031700100041,2021년 3월 17일 07시,수요일,서울특별시 영등포구 영등포동3가,경상사고,0,0,1,0,차대사람 - 기타,안전운전불이행,포장 - 건조,맑음,단일로 - 기타,승합,여,61세,상해없음,보행자,여,38세,경상
1310,2021031700100064,2021년 3월 17일 08시,수요일,서울특별시 송파구 방이동,경상사고,0,0,1,0,차대사람 - 길가장자리구역통행중,안전운전불이행,포장 - 건조,맑음,단일로 - 기타,승용,남,36세,상해없음,보행자,여,61세,경상
1311,2021031700100100,2021년 3월 17일 09시,수요일,서울특별시 동작구 흑석동,경상사고,0,0,1,0,차대사람 - 횡단중,보행자보호의무위반,포장 - 건조,맑음,교차로 - 교차로횡단보도내,승용,남,63세,상해없음,보행자,여,39세,경상
1312,2021031700100101,2021년 3월 17일 09시,수요일,서울특별시 구로구 구로동,중상사고,0,1,0,0,차대사람 - 길가장자리구역통행중,안전운전불이행,포장 - 건조,맑음,단일로 - 기타,승용,남,44세,기타불명,보행자,여,34세,중상
1313,2021031700100125,2021년 3월 17일 10시,수요일,서울특별시 강북구 미아동,중상사고,0,1,1,0,차대사람 - 횡단중,보행자보호의무위반,포장 - 건조,맑음,교차로 - 교차로안,승용,남,56세,상해없음,보행자,여,39세,중상
1314,2021031700100127,2021년 3월 17일 10시,수요일,서울특별시 중랑구 면목동,경상사고,0,0,1,0,차대사람 - 횡단중,보행자보호의무위반,포장 - 건조,맑음,교차로 - 교차로횡단보도내,승용,여,68세,상해없음,보행자,여,23세,경상
1315,2021031700100128,2021년 3월 17일 10시,수요일,서울특별시 강서구 화곡동,경상사고,0,0,1,0,차대사람 - 횡단중,보행자보호의무위반,포장 - 건조,맑음,교차로 - 교차로횡단보도내,승용,남,44세,상해없음,보행자,남,41세,경상
1316,2021031700100130,2021년 3월 17일 10시,수요일,서울특별시 송파구 마천동,경상사고,0,0,1,0,차대사람 - 기타,안전운전불이행,포장 - 건조,맑음,단일로 - 기타,승용,여,40세,상해없음,보행자,남,24세,경상
1317,2021031700100153,2021년 3월 17일 11시,수요일,서울특별시 광진구 구의동,중상사고,0,1,0,0,차대사람 - 차도통행중,안전운전불이행,포장 - 건조,맑음,단일로 - 기타,승용,여,72세,상해없음,보행자,여,66세,중상
1318,2021031700100154,2021년 3월 17일 11시,수요일,서울특별시 동작구 상도동,경상사고,0,0,1,0,차대사람 - 기타,안전운전불이행,포장 - 건조,맑음,교차로 - 교차로안,승용,남,55세,상해없음,보행자,여,40세,경상
1319,2021031700100185,2021년 3월 17일 12시,수요일,서울특별시 은평구 응암동,부상신고사고,0,0,0,1,차대사람 - 차도통행중,안전운전불이행,포장 - 건조,맑음,단일로 - 기타,승용,여,41세,상해없음,보행자,여,82세,부상신고
1320,2021031700100186,2021년 3월 17일 12시,수요일,서울특별시 동대문구 이문동,경상사고,0,0,1,0,차대사람 - 횡단중,안전운전불이행,포장 - 건조,맑음,단일로 - 기타,승용,남,50세,상해없음,보행자,여,71세,경상
1321,2021031700100189,2021년 3월 17일 12시,수요일,서울특별시 강남구 대치동,경상사고,0,0,1,0,차대사람 - 보도통행중,안전운전불이행,포장 - 건조,맑음,단일로 - 기타,승용,여,57세,상해없음,보행자,남,51세,경상
1322,2021031700100253,2021년 3월 17일 14시,수요일,서울특별시 양천구 신정동,경상사고,0,0,1,0,차대사람 - 횡단중,보행자보호의무위반,포장 - 건조,맑음,단일로 - 기타,자전거,남,75세,상해없음,보행자,여,62세,경상
1323,2021031700100289,2021년 3월 17일 15시,수요일,서울특별시 송파구 마천동,중상사고,0,1,0,0,차대사람 - 기타,안전운전불이행,포장 - 건조,맑음,단일로 - 기타,승용,여,52세,상해없음,보행자,여,83세,중상
1324,2021031700100322,2021년 3월 17일 16시,수요일,서울특별시 강남구 압구정동,중상사고,0,2,0,0,차대사람 - 횡단중,보행자보호의무위반,포장 - 건조,맑음,교차로 - 교차로횡단보도내,승용,남,37세,상해없음,보행자,여,47세,중상
1325,2021031700100361,2021년 3월 17일 17시,수요일,서울특별시 관악구 봉천동,중상사고,0,1,0,0,차대사람 - 횡단중,교차로운행방법위반,포장 - 건조,맑음,교차로 - 교차로안,화물,남,48세,상해없음,보행자,남,78세,중상
1326,2021031700100405,2021년 3월 17일 18시,수요일,서울특별시 강서구 염창동,중상사고,0,1,0,0,차대사람 - 횡단중,안전운전불이행,포장 - 건조,맑음,교차로 - 교차로부근,승용,여,54세,상해없음,보행자,여,62세,중상
1327,2021031700100411,2021년 3월 17일 18시,수요일,서울특별시 은평구 대조동,경상사고,0,0,1,0,차대사람 - 횡단중,안전운전불이행,포장 - 건조,맑음,교차로 - 교차로부근,승용,남,48세,상해없음,보행자,여,29세,경상
1328,2021031700100445,2021년 3월 17일 19시,수요일,서울특별시 성북구 장위동,중상사고,0,1,0,0,차대사람 - 횡단중,보행자보호의무위반,포장 - 건조,맑음,교차로 - 교차로횡단보도내,승용,남,59세,상해없음,보행자,남,40세,중상
1329,2021031700100518,2021년 3월 17일 21시,수요일,서울특별시 중랑구 망우동,경상사고,0,0,1,0,차대사람 - 횡단중,안전운전불이행,포장 - 건조,흐림,교차로 - 교차로횡단보도내,기타불명,기타불명,미분류,기타불명,보행자,여,51세,경상
1330,2021031700100546,2021년 3월 17일 22시,수요일,서울특별시 동작구 신대방동,경상사고,0,0,1,0,차대사람 - 기타,안전운전불이행,포장 - 건조,맑음,단일로 - 기타,승용,남,30세,기타불명,보행자,남,20세,경상
1331,2021031800100031,2021년 3월 18일 05시,목요일,서울특별시 양천구 신정동,중상사고,0,1,0,0,차대사람 - 횡단중,신호위반,포장 - 건조,맑음,교차로 - 교차로횡단보도내,화물,남,33세,상해없음,보행자,여,60세,중상
1332,2021031800100077,2021년 3월 18일 08시,목요일,서울특별시 종로구 숭인동,경상사고,0,0,1,0,차대사람 - 횡단중,안전운전불이행,포장 - 건조,맑음,단일로 - 기타,승용,남,67세,상해없음,보행자,남,58세,경상
1333,2021031800100110,2021년 3월 18일 09시,목요일,서울특별시 동대문구 용두동,중상사고,0,1,0,0,차대사람 - 횡단중,신호위반,포장 - 건조,맑음,단일로 - 기타,이륜,남,67세,상해없음,보행자,여,61세,중상
1334,2021031800100181,2021년 3월 18일 12시,목요일,서울특별시 종로구 익선동,경상사고,0,0,1,0,차대사람 - 기타,신호위반,포장 - 건조,맑음,기타 - 기타,승용,여,37세,상해없음,보행자,남,66세,경상
1335,2021031800100244,2021년 3월 18일 14시,목요일,서울특별시 중구 신당동,경상사고,0,0,1,0,차대사람 - 기타,안전운전불이행,포장 - 건조,맑음,단일로 - 기타,승용,남,50세,상해없음,보행자,여,67세,경상
1336,2021031800100246,2021년 3월 18일 14시,목요일,서울특별시 성북구 삼선동3가,중상사고,0,1,0,0,차대사람 - 횡단중,보행자보호의무위반,포장 - 건조,맑음,단일로 - 기타,승용,여,71세,상해없음,보행자,남,8세,중상
1337,2021031800100252,2021년 3월 18일 14시,목요일,서울특별시 강동구 명일동,경상사고,0,0,1,0,차대사람 - 보도통행중,기타,포장 - 건조,맑음,기타 - 기타,승용,남,37세,상해없음,보행자,남,69세,경상
1338,2021031800100253,2021년 3월 18일 14시,목요일,서울특별시 노원구 중계동,부상신고사고,0,0,0,1,차대사람 - 기타,안전운전불이행,포장 - 건조,맑음,단일로 - 기타,기타불명,기타불명,미분류,기타불명,보행자,여,10세,부상신고
1339,2021031800100283,2021년 3월 18일 15시,목요일,서울특별시 양천구 목동,중상사고,0,1,0,0,차대사람 - 기타,안전운전불이행,포장 - 건조,맑음,기타 - 기타,승합,남,31세,상해없음,보행자,여,41세,중상
1340,2021031800100317,2021년 3월 18일 16시,목요일,서울특별시 강남구 개포동,경상사고,0,0,1,0,차대사람 - 기타,기타,포장 - 건조,맑음,단일로 - 기타,승용,여,53세,상해없음,보행자,남,46세,경상
1341,2021031800100387,2021년 3월 18일 18시,목요일,서울특별시 영등포구 여의도동,경상사고,0,0,1,0,차대사람 - 횡단중,안전운전불이행,포장 - 건조,맑음,교차로 - 교차로부근,승용,여,37세,상해없음,보행자,남,33세,경상
1342,2021031800100420,2021년 3월 18일 19시,목요일,서울특별시 강남구 역삼동,중상사고,0,1,0,0,차대사람 - 횡단중,보행자보호의무위반,포장 - 건조,맑음,교차로 - 교차로횡단보도내,승용,남,66세,상해없음,보행자,남,69세,중상
1343,2021031800100494,2021년 3월 18일 22시,목요일,서울특별시 관악구 신림동,중상사고,0,1,0,0,차대사람 - 기타,안전운전불이행,포장 - 건조,맑음,교차로 - 교차로부근,승용,여,46세,상해없음,보행자,여,21세,중상
1344,2021031900100028,2021년 3월 19일 05시,금요일,서울특별시 동작구 사당동,중상사고,0,1,1,0,차대사람 - 횡단중,보행자보호의무위반,포장 - 건조,맑음,교차로 - 교차로횡단보도내,승용,남,53세,상해없음,보행자,여,60세,중상
1345,2021031900100039,2021년 3월 19일 06시,금요일,서울특별시 서초구 잠원동,중상사고,0,1,0,0,차대사람 - 횡단중,보행자보호의무위반,포장 - 건조,맑음,교차로 - 교차로횡단보도내,승용,남,30세,상해없음,보행자,남,52세,중상
1346,2021031900100064,2021년 3월 19일 08시,금요일,서울특별시 금천구 가산동,중상사고,0,1,0,0,차대사람 - 기타,보행자보호의무위반,포장 - 건조,맑음,교차로 - 교차로안,승용,남,52세,상해없음,보행자,남,27세,중상
1347,2021031900100066,2021년 3월 19일 08시,금요일,서울특별시 동작구 상도동,경상사고,0,0,1,0,차대사람 - 길가장자리구역통행중,안전운전불이행,포장 - 건조,맑음,교차로 - 교차로부근,화물,남,40세,상해없음,보행자,남,73세,경상
1348,2021031900100104,2021년 3월 19일 09시,금요일,서울특별시 광진구 광장동,중상사고,0,1,0,0,차대사람 - 기타,안전운전불이행,포장 - 건조,맑음,교차로 - 교차로안,승용,남,69세,상해없음,보행자,남,3세,중상
1349,2021031900100107,2021년 3월 19일 09시,금요일,서울특별시 구로구 가리봉동,경상사고,0,0,1,0,차대사람 - 기타,안전운전불이행,포장 - 건조,맑음,단일로 - 기타,특수,남,29세,상해없음,보행자,남,50세,경상
1350,2021031900100128,2021년 3월 19일 10시,금요일,서울특별시 서대문구 연희동,경상사고,0,0,1,0,차대사람 - 횡단중,신호위반,포장 - 건조,맑음,단일로 - 기타,화물,남,67세,상해없음,보행자,남,47세,경상
1351,2021031900100129,2021년 3월 19일 10시,금요일,서울특별시 용산구 용산동2가,중상사고,0,2,0,0,차대사람 - 기타,안전운전불이행,포장 - 건조,맑음,기타 - 기타,승합,남,63세,중상,보행자,여,74세,중상
1352,2021031900100131,2021년 3월 19일 10시,금요일,서울특별시 영등포구 양평동3가,경상사고,0,0,1,0,차대사람 - 횡단중,보행자보호의무위반,포장 - 건조,맑음,단일로 - 기타,승용,남,46세,상해없음,보행자,여,38세,경상
1353,2021031900100167,2021년 3월 19일 11시,금요일,서울특별시 강동구 성내동,경상사고,0,0,1,0,차대사람 - 기타,안전운전불이행,포장 - 건조,맑음,교차로 - 교차로안,승용,남,36세,상해없음,보행자,여,76세,경상
1354,2021031900100195,2021년 3월 19일 12시,금요일,서울특별시 성동구 상왕십리동,사망사고,1,0,0,0,차대사람 - 횡단중,보행자보호의무위반,포장 - 건조,맑음,교차로 - 교차로안,건설기계,남,55세,상해없음,보행자,남,65세,사망
1355,2021031900100198,2021년 3월 19일 12시,금요일,서울특별시 강남구 자곡동,경상사고,0,0,1,0,차대사람 - 기타,안전운전불이행,포장 - 건조,맑음,단일로 - 기타,승용,남,63세,상해없음,보행자,남,35세,경상