,사고번호,사고일시,요일,시군구,사고내용,사망자수,중상자수,경상자수,부상신고자수,사고유형,법규위반,노면상태,기상상태,도로형태,가해운전자 차종,가해운전자 성별,가해운전자 연령,가해운전자 상해정도,피해운전자 차종,피해운전자 성별,피해운전자 연령,피해운전자 상해정도
1356,2021031900100233,2021년 3월 19일 13시,금요일,서울특별시 양천구 신월동,중상사고,0,1,0,0,차대사람 - 차도통행중,안전운전불이행,포장 - 건조,맑음,단일로 - 기타,원동기,남,36세,상해없음,보행자,남,61세,중상
1357,2021031900100271,2021년 3월 19일 14시,금요일,서울특별시 강남구 수서동,경상사고,0,0,1,0,차대사람 - 차도통행중,안전운전불이행,포장 - 건조,맑음,단일로 - 기타,승용,여,76세,상해없음,보행자,여,78세,경상
1358,2021031900100296,2021년 3월 19일 15시,금요일,서울특별시 광진구 군자동,경상사고,0,0,1,0,차대사람 - 차도통행중,안전운전불이행,포장 - 건조,맑음,교차로 - 교차로안,승용,여,47세,상해없음,보행자,남,58세,경상
1359,2021031900100297,2021년 3월 19일 15시,금요일,서울특별시 영등포구 당산동4가,중상사고,0,1,0,0,차대사람 - 횡단중,보행자보호의무위반,포장 - 건조,맑음,단일로 - 기타,화물,남,54세,상해없음,보행자,여,33세,중상
1360,2021031900100304,2021년 3월 19일 15시,금요일,서울특별시 서초구 방배동,경상사고,0,0,1,0,차대사람 - 기타,안전운전불이행,포장 - 건조,맑음,단일로 - 기타,승용,여,37세,상해없음,보행자,남,77세,경상
1361,2021031900100352,2021년 3월 19일 16시,금요일,서울특별시 강동구 암사동,경상사고,0,0,1,0,차대사람 - 기타,기타,포장 - 건조,맑음,단일로 - 기타,개인형이동수단(PM),여,15세,기타불명,보행자,여,70세,경상
1362,2021031900100354,2021년 3월 19일 16시,금요일,서울특별시 송파구 거여동,경상사고,0,0,1,0,차대사람 - 길가장자리구역통행중,안전운전불이행,포장 - 건조,맑음,단일로 - 기타,화물,남,49세,상해없음,보행자,남,54세,경상
1363,2021031900100390,2021년 3월 19일 17시,금요일,서울특별시 금천구 시흥동,경상사고,0,0,1,0,차대사람 - 기타,기타,포장 - 건조,맑음,단일로 - 기타,승합,남,43세,상해없음,보행자,여,42세,경상
1364,2021031900100436,2021년 3월 19일 18시,금요일,서울특별시 송파구 잠실동,중상사고,0,1,0,0,차대사람 - 횡단중,보행자보호의무위반,포장 - 건조,맑음,단일로 - 기타,승용,여,65세,상해없음,보행자,여,38세,중상
1365,2021031900100527,2021년 3월 19일 20시,금요일,서울특별시 중구 신당동,경상사고,0,0,1,0,차대사람 - 기타,안전운전불이행,포장 - 건조,흐림,단일로 - 기타,승용,남,26세,상해없음,보행자,여,67세,경상
1366,2021031900100533,2021년 3월 19일 20시,금요일,서울특별시 양천구 신정동,중상사고,0,1,0,0,차대사람 - 기타,신호위반,포장 - 건조,맑음,교차로 - 교차로부근,이륜,남,59세,상해없음,보행자,남,70세,중상
1367,2021031900100534,2021년 3월 19일 20시,금요일,서울특별시 도봉구 방학동,경상사고,0,0,1,0,차대사람 - 횡단중,신호위반,포장 - 건조,맑음,교차로 - 교차로횡단보도내,원동기,남,17세,상해없음,보행자,남,25세,경상
1368,2021031900100571,2021년 3월 19일 21시,금요일,서울특별시 성북구 동소문동6가,경상사고,0,0,1,0,차대사람 - 기타,안전운전불이행,포장 - 건조,맑음,단일로 - 기타,승용,남,61세,상해없음,보행자,여,26세,경상
1369,2021031900100576,2021년 3월 19일 21시,금요일,서울특별시 강남구 대치동,부상신고사고,0,0,0,1,차대사람 - 보도통행중,안전운전불이행,포장 - 건조,맑음,단일로 - 기타,기타불명,기타불명,미분류,기타불명,보행자,여,15세,부상신고
1370,2021031900100601,2021년 3월 19일 22시,금요일,서울특별시 종로구 홍파동,경상사고,0,0,1,0,차대사람 - 보도통행중,기타,포장 - 건조,맑음,기타 - 기타,이륜,남,22세,상해없음,보행자,남,71세,경상
1371,2021031900100602,2021년 3월 19일 22시,금요일,서울특별시 동대문구 답십리동,경상사고,0,0,1,0,차대사람 - 기타,안전운전불이행,포장 - 건조,맑음,교차로 - 교차로안,승용,여,40세,상해없음,보행자,남,64세,경상
1372,2021032000100040,2021년 3월 20일 06시,토요일,서울특별시 강서구 내발산동,중상사고,0,1,0,0,차대사람 - 횡단중,안전운전불이행,포장 - 건조,흐림,교차로 - 교차로횡단보도내,승용,여,53세,상해없음,보행자,여,78세,중상
1373,2021032000100041,2021년 3월 20일 06시,토요일,서울특별시 송파구 거여동,경상사고,0,0,1,1,차대사람 - 보도통행중,기타,포장 - 건조,맑음,교차로 - 교차로안,자전거,남,41세,부상신고,보행자,여,72세,경상
1374,2021032000100052,2021년 3월 20일 07시,토요일,서울특별시 동대문구 청량리동,사망사고,1,0,0,0,차대사람 - 횡단중,안전운전불이행,포장 - 건조,흐림,교차로 - 교차로부근,승합,남,42세,상해없음,보행자,여,83세,사망
1375,2021032000100060,2021년 3월 20일 08시,토요일,서울특별시 종로구 이화동,경상사고,0,0,1,0,차대사람 - 기타,신호위반,포장 - 젖음/습기,비,단일로 - 기타,화물,남,60세,상해없음,보행자,남,60세,경상
1376,2021032000100061,2021년 3월 20일 08시,토요일,서울특별시 동대문구 휘경동,경상사고,0,0,1,0,차대사람 - 기타,보행자보호의무위반,포장 - 건조,맑음,기타 - 기타,승용,남,73세,상해없음,보행자,남,61세,경상
1377,2021032000100075,2021년 3월 20일 09시,토요일,서울특별시 광진구 자양동,중상사고,0,1,0,0,차대사람 - 기타,안전운전불이행,포장 - 젖음/습기,비,단일로 - 기타,화물,남,59세,상해없음,보행자,여,90세,중상
1378,2021032000100091,2021년 3월 20일 10시,토요일,서울특별시 송파구 장지동,중상사고,0,1,0,0,차대사람 - 기타,안전운전불이행,포장 - 건조,맑음,기타 - 기타,화물,남,49세,상해없음,보행자,남,38세,중상
1379,2021032000100113,2021년 3월 20일 11시,토요일,서울특별시 노원구 상계동,경상사고,0,0,1,0,차대사람 - 길가장자리구역통행중,안전운전불이행,포장 - 젖음/습기,비,기타 - 기타,승용,남,38세,상해없음,보행자,여,24세,경상
1380,2021032000100145,2021년 3월 20일 12시,토요일,서울특별시 마포구 아현동,중상사고,0,1,0,0,차대사람 - 차도통행중,안전운전불이행,포장 - 젖음/습기,비,교차로 - 교차로안,승용,여,33세,상해없음,보행자,여,66세,중상
1381,2021032000100178,2021년 3월 20일 13시,토요일,서울특별시 동대문구 신설동,경상사고,0,0,1,0,차대사람 - 기타,안전운전불이행,포장 - 젖음/습기,비,단일로 - 기타,승용,남,37세,상해없음,보행자,남,63세,경상
1382,2021032000100180,2021년 3월 20일 13시,토요일,서울특별시 동작구 노량진동,경상사고,0,0,1,0,차대사람 - 기타,안전운전불이행,포장 - 젖음/습기,흐림,교차로 - 교차로부근,화물,남,38세,상해없음,보행자,여,28세,경상
1383,2021032000100181,2021년 3월 20일 13시,토요일,서울특별시 관악구 남현동,경상사고,0,0,1,0,차대사람 - 기타,안전운전불이행,포장 - 젖음/습기,흐림,기타 - 기타,승용,남,30세,상해없음,보행자,여,24세,경상
1384,2021032000100260,2021년 3월 20일 15시,토요일,서울특별시 강남구 청담동,중상사고,0,1,0,0,차대사람 - 기타,안전운전불이행,포장 - 건조,맑음,단일로 - 기타,승용,남,61세,상해없음,보행자,여,31세,중상
1385,2021032000100263,2021년 3월 20일 15시,토요일,서울특별시 구로구 고척동,중상사고,0,1,0,0,차대사람 - 보도통행중,안전운전불이행,포장 - 젖음/습기,비,교차로 - 교차로안,승용,여,27세,상해없음,보행자,여,57세,중상
1386,2021032000100313,2021년 3월 20일 17시,토요일,서울특별시 강남구 도곡동,경상사고,0,0,1,0,차대사람 - 횡단중,안전운전불이행,포장 - 건조,맑음,교차로 - 교차로안,화물,남,59세,상해없음,보행자,여,8세,경상
1387,2021032000100344,2021년 3월 20일 18시,토요일,서울특별시 종로구 숭인동,부상신고사고,0,0,0,1,차대사람 - 기타,안전운전불이행,포장 - 건조,맑음,단일로 - 기타,승용,남,51세,상해없음,보행자,남,45세,부상신고
1388,2021032000100345,2021년 3월 20일 18시,토요일,서울특별시 용산구 이태원동,경상사고,0,0,1,0,차대사람 - 횡단중,신호위반,포장 - 건조,맑음,단일로 - 기타,승용,남,72세,상해없음,보행자,남,78세,경상
1389,2021032000100413,2021년 3월 20일 20시,토요일,서울특별시 마포구 동교동,경상사고,0,0,1,0,차대사람 - 횡단중,신호위반,포장 - 건조,맑음,단일로 - 기타,원동기,남,26세,상해없음,보행자,남,31세,경상
1390,2021032000100455,2021년 3월 20일 21시,토요일,서울특별시 은평구 갈현동,경상사고,0,0,1,0,차대사람 - 차도통행중,안전운전불이행,포장 - 건조,맑음,단일로 - 기타,승합,남,74세,상해없음,보행자,남,60세,경상
1391,2021032000100474,2021년 3월 20일 22시,토요일,서울특별시 광진구 구의동,경상사고,0,0,1,0,차대사람 - 차도통행중,안전운전불이행,포장 - 건조,맑음,단일로 - 기타,승용,여,40세,상해없음,보행자,여,49세,경상
1392,2021032000100478,2021년 3월 20일 22시,토요일,서울특별시 성동구 도선동,경상사고,0,0,1,0,차대사람 - 길가장자리구역통행중,안전운전불이행,포장 - 건조,맑음,단일로 - 기타,이륜,남,28세,상해없음,보행자,여,24세,경상
1393,2021032000100481,2021년 3월 20일 22시,토요일,서울특별시 도봉구 창동,경상사고,0,0,1,0,차대사람 - 횡단중,안전운전불이행,포장 - 건조,맑음,교차로 - 교차로횡단보도내,승용,남,63세,상해없음,보행자,남,69세,경상
1394,2021032000100511,2021년 3월 20일 23시,토요일,서울특별시 중랑구 면목동,중상사고,0,1,0,0,차대사람 - 횡단중,신호위반,포장 - 건조,맑음,기타 - 기타,승용,남,34세,상해없음,보행자,여,44세,중상
1395,2021032100100001,2021년 3월 21일 00시,일요일,서울특별시 노원구 상계동,경상사고,0,0,1,0,차대사람 - 차도통행중,안전운전불이행,포장 - 건조,맑음,단일로 - 기타,승용,남,45세,상해없음,보행자,남,57세,경상
1396,2021032100100020,2021년 3월 21일 02시,일요일,서울특별시 강서구 마곡동,경상사고,0,0,1,0,차대사람 - 기타,신호위반,포장 - 건조,맑음,교차로 - 교차로횡단보도내,이륜,남,18세,상해없음,보행자,여,25세,경상
1397,2021032100100102,2021년 3월 21일 12시,일요일,서울특별시 용산구 한강로1가,경상사고,0,0,1,0,차대사람 - 기타,기타,비포장 - 기타,맑음,기타 - 기타,자전거,여,28세,상해없음,보행자,여,25세,경상
1398,2021032100100103,2021년 3월 21일 12시,일요일,서울특별시 관악구 봉천동,중상사고,0,1,0,0,차대사람 - 보도통행중,기타,포장 - 건조,맑음,단일로 - 기타,화물,남,69세,상해없음,보행자,남,52세,중상
1399,2021032100100128,2021년 3월 21일 13시,일요일,서울특별시 동작구 상도동,중상사고,0,1,0,0,차대사람 - 기타,안전운전불이행,포장 - 건조,맑음,교차로 - 교차로부근,승용,여,36세,상해없음,보행자,여,68세,중상
1400,2021032100100129,2021년 3월 21일 13시,일요일,서울특별시 동작구 상도동,경상사고,0,0,1,0,차대사람 - 기타,안전운전불이행,포장 - 젖음/습기,흐림,단일로 - 기타,승용,남,63세,상해없음,보행자,여,71세,경상
1401,2021032100100155,2021년 3월 21일 14시,일요일,서울특별시 양천구 목동,경상사고,0,0,1,0,차대사람 - 횡단중,보행자보호의무위반,포장 - 건조,맑음,교차로 - 교차로부근,승용,남,67세,상해없음,보행자,여,32세,경상
1402,2021032100100193,2021년 3월 21일 15시,일요일,서울특별시 동대문구 제기동,경상사고,0,0,1,0,차대사람 - 차도통행중,안전운전불이행,포장 - 건조,맑음,단일로 - 기타,승용,여,50세,상해없음,보행자,여,54세,경상
1403,2021032100100194,2021년 3월 21일 15시,일요일,서울특별시 광진구 광장동,경상사고,0,0,1,0,차대사람 - 기타,안전운전불이행,포장 - 건조,맑음,단일로 - 기타,이륜,남,27세,상해없음,보행자,남,15세,경상
1404,2021032100100200,2021년 3월 21일 15시,일요일,서울특별시 송파구 송파동,중상사고,0,1,0,0,차대사람 - 기타,안전운전불이행,포장 - 건조,맑음,단일로 - 기타,승용,여,76세,상해없음,보행자,여,74세,중상
1405,2021032100100230,2021년 3월 21일 16시,일요일,서울특별시 동대문구 제기동,경상사고,0,0,1,0,차대사람 - 기타,안전운전불이행,포장 - 건조,맑음,단일로 - 기타,승용,남,69세,상해없음,보행자,남,57세,경상
1406,2021032100100233,2021년 3월 21일 16시,일요일,서울특별시 중랑구 상봉동,경상사고,0,0,1,0,차대사람 - 기타,보행자보호의무위반,포장 - 건조,맑음,교차로 - 교차로안,승용,남,66세,상해없음,보행자,남,51세,경상
1407,2021032100100238,2021년 3월 21일 16시,일요일,서울특별시 강남구 대치동,경상사고,0,0,1,0,차대사람 - 차도통행중,신호위반,포장 - 건조,흐림,단일로 - 기타,승용,여,60세,상해없음,보행자,남,20세,경상
1408,2021032100100268,2021년 3월 21일 17시,일요일,서울특별시 관악구 봉천동,중상사고,0,1,0,0,차대사람 - 횡단중,안전운전불이행,포장 - 건조,맑음,단일로 - 기타,승용,남,47세,상해없음,보행자,여,69세,중상
1409,2021032100100298,2021년 3월 21일 18시,일요일,서울특별시 강동구 길동,경상사고,0,0,1,0,차대사람 - 기타,안전운전불이행,포장 - 건조,맑음,교차로 - 교차로부근,승용,남,56세,상해없음,보행자,여,69세,경상
1410,2021032100100407,2021년 3월 21일 22시,일요일,서울특별시 서초구 서초동,부상신고사고,0,0,0,1,차대사람 - 기타,안전운전불이행,포장 - 건조,맑음,단일로 - 기타,승용,남,39세,상해없음,보행자,남,25세,부상신고
1411,2021032100100423,2021년 3월 21일 23시,일요일,서울특별시 서대문구 미근동,중상사고,0,1,0,0,차대사람 - 기타,안전운전불이행,포장 - 건조,맑음,교차로 - 교차로횡단보도내,승합,남,44세,상해없음,보행자,남,59세,중상
1412,2021032200100029,2021년 3월 22일 07시,월요일,서울특별시 강서구 화곡동,중상사고,0,1,0,0,차대사람 - 횡단중,신호위반,포장 - 건조,맑음,교차로 - 교차로횡단보도내,승용,여,70세,상해없음,보행자,여,25세,중상
1413,2021032200100145,2021년 3월 22일 10시,월요일,서울특별시 송파구 신천동,경상사고,0,0,1,0,차대사람 - 기타,안전운전불이행,포장 - 건조,맑음,단일로 - 기타,특수,남,39세,상해없음,보행자,남,39세,경상
1414,2021032200100172,2021년 3월 22일 11시,월요일,서울특별시 서초구 서초동,경상사고,0,0,1,0,차대사람 - 기타,안전운전불이행,포장 - 건조,맑음,교차로 - 교차로안,승용,남,34세,상해없음,보행자,남,44세,경상
1415,2021032200100231,2021년 3월 22일 13시,월요일,서울특별시 마포구 도화동,경상사고,0,0,1,0,차대사람 - 차도통행중,안전운전불이행,포장 - 건조,맑음,단일로 - 기타,승용,여,41세,상해없음,보행자,남,58세,경상
1416,2021032200100232,2021년 3월 22일 13시,월요일,서울특별시 영등포구 영등포동,경상사고,0,0,1,0,차대사람 - 기타,안전운전불이행,포장 - 건조,맑음,단일로 - 기타,이륜,남,58세,상해없음,보행자,남,39세,경상
1417,2021032200100308,2021년 3월 22일 15시,월요일,서울특별시 동대문구 장안동,경상사고,0,0,1,0,차대사람 - 횡단중,신호위반,포장 - 기타,맑음,교차로 - 교차로횡단보도내,화물,남,65세,상해없음,보행자,남,73세,경상
1418,2021032200100309,2021년 3월 22일 15시,월요일,서울특별시 성동구 행당동,경상사고,0,0,1,0,차대사람 - 기타,안전운전불이행,포장 - 건조,맑음,단일로 - 기타,승용,남,50세,기타불명,보행자,남,20세,경상
1419,2021032200100312,2021년 3월 22일 15시,월요일,서울특별시 서초구 서초동,부상신고사고,0,0,0,1,차대사람 - 기타,안전운전불이행,포장 - 건조,맑음,단일로 - 기타,승용,여,22세,기타불명,보행자,남,23세,부상신고
1420,2021032200100341,2021년 3월 22일 16시,월요일,서울특별시 중구 필동2가,중상사고,0,1,0,0,차대사람 - 기타,안전운전불이행,포장 - 건조,맑음,교차로 - 교차로안,승용,남,54세,상해없음,보행자,남,64세,중상
1421,2021032200100342,2021년 3월 22일 16시,월요일,서울특별시 성북구 성북동,중상사고,0,1,0,0,차대사람 - 기타,보행자보호의무위반,포장 - 건조,맑음,단일로 - 기타,승용,여,46세,상해없음,보행자,여,18세,중상
1422,2021032200100343,2021년 3월 22일 16시,월요일,서울특별시 성동구 용답동,경상사고,0,0,1,0,차대사람 - 길가장자리구역통행중,안전운전불이행,포장 - 건조,맑음,단일로 - 기타,화물,남,53세,기타불명,보행자,여,15세,경상
1423,2021032200100348,2021년 3월 22일 16시,월요일,서울특별시 노원구 중계동,경상사고,0,0,1,0,차대사람 - 보도통행중,기타,포장 - 건조,맑음,단일로 - 기타,자전거,남,11세,상해없음,보행자,여,50세,경상
1424,2021032200100384,2021년 3월 22일 17시,월요일,서울특별시 강북구 수유동,중상사고,0,1,0,0,차대사람 - 횡단중,안전운전불이행,포장 - 건조,맑음,단일로 - 기타,승용,남,27세,상해없음,보행자,남,47세,중상
1425,2021032200100463,2021년 3월 22일 19시,월요일,서울특별시 영등포구 당산동3가,경상사고,0,0,1,0,차대사람 - 기타,안전운전불이행,포장 - 건조,맑음,단일로 - 기타,승용,남,58세,상해없음,보행자,남,38세,경상
1426,2021032200100468,2021년 3월 22일 19시,월요일,서울특별시 강남구 자곡동,중상사고,0,1,0,0,차대사람 - 기타,안전운전불이행,포장 - 건조,맑음,교차로 - 교차로안,승용,여,38세,상해없음,보행자,여,59세,중상
1427,2021032200100549,2021년 3월 22일 22시,월요일,서울특별시 서초구 서초동,경상사고,0,0,1,0,차대사람 - 횡단중,안전운전불이행,포장 - 건조,맑음,기타 - 기타,승용,남,27세,상해없음,보행자,남,38세,경상
1428,2021032200100570,2021년 3월 22일 23시,월요일,서울특별시 종로구 관수동,경상사고,0,0,1,0,차대사람 - 차도통행중,안전운전불이행,포장 - 건조,맑음,단일로 - 기타,승용,남,53세,상해없음,보행자,남,36세,경상
1429,2021032300100008,2021년 3월 23일 01시,화요일,서울특별시 양천구 신월동,경상사고,0,0,1,0,차대사람 - 기타,안전운전불이행,포장 - 건조,맑음,기타 - 기타,화물,남,59세,상해없음,보행자,여,46세,경상
1430,2021032300100031,2021년 3월 23일 06시,화요일,서울특별시 용산구 한강로3가,경상사고,0,0,1,0,차대사람 - 보도통행중,안전운전불이행,포장 - 건조,맑음,기타 - 기타,승합,남,57세,상해없음,보행자,여,90세,경상
1431,2021032300100039,2021년 3월 23일 07시,화요일,서울특별시 동작구 노량진동,경상사고,0,0,1,0,차대사람 - 기타,안전운전불이행,포장 - 건조,맑음,단일로 - 기타,화물,남,51세,기타불명,보행자,남,71세,경상
1432,2021032300100060,2021년 3월 23일 08시,화요일,서울특별시 은평구 역촌동,경상사고,0,0,1,0,차대사람 - 횡단중,안전운전불이행,포장 - 건조,맑음,단일로 - 기타,승용,남,49세,상해없음,보행자,여,70세,경상
1433,2021032300100066,2021년 3월 23일 08시,화요일,서울특별시 서초구 서초동,중상사고,0,1,0,0,차대사람 - 기타,안전운전불이행,포장 - 건조,맑음,단일로 - 기타,승용,여,52세,상해없음,보행자,남,47세,중상
1434,2021032300100067,2021년 3월 23일 08시,화요일,서울특별시 노원구 하계동,부상신고사고,0,0,0,1,차대사람 - 횡단중,신호위반,포장 - 건조,맑음,교차로 - 교차로횡단보도내,승용,남,59세,상해없음,보행자,남,55세,부상신고
1435,2021032300100122,2021년 3월 23일 10시,화요일,서울특별시 송파구 마천동,중상사고,0,1,0,0,차대사람 - 길가장자리구역통행중,안전운전불이행,포장 - 건조,맑음,단일로 - 기타,개인형이동수단(PM),여,51세,상해없음,보행자,남,43세,중상
1436,2021032300100124,2021년 3월 23일 10시,화요일,서울특별시 성북구 길음동,경상사고,0,0,1,0,차대사람 - 기타,안전운전불이행,포장 - 건조,맑음,단일로 - 기타,승용,남,74세,상해없음,보행자,여,69세,경상
1437,2021032300100210,2021년 3월 23일 13시,화요일,서울특별시 구로구 구로동,중상사고,0,1,0,0,차대사람 - 기타,안전운전불이행,포장 - 건조,맑음,교차로 - 교차로안,승용,남,34세,상해없음,보행자,남,62세,중상
1438,2021032300100248,2021년 3월 23일 14시,화요일,서울특별시 중랑구 신내동,경상사고,0,0,2,0,차대사람 - 보도통행중,안전운전불이행,포장 - 건조,맑음,단일로 - 기타,기타불명,기타불명,미분류,기타불명,보행자,남,24세,경상
1439,2021032300100249,2021년 3월 23일 14시,화요일,서울특별시 관악구 봉천동,중상사고,0,1,0,0,차대사람 - 횡단중,안전운전불이행,포장 - 건조,맑음,교차로 - 교차로부근,승용,여,54세,상해없음,보행자,여,70세,중상
1440,2021032300100288,2021년 3월 23일 15시,화요일,서울특별시 성북구 종암동,경상사고,0,0,1,0,차대사람 - 보도통행중,보행자보호의무위반,포장 - 건조,맑음,단일로 - 기타,자전거,남,48세,기타불명,보행자,여,42세,경상
1441,2021032300100325,2021년 3월 23일 16시,화요일,서울특별시 광진구 자양동,경상사고,0,0,1,0,차대사람 - 보도통행중,기타,포장 - 건조,맑음,단일로 - 기타,승용,남,61세,상해없음,보행자,여,23세,경상
1442,2021032300100366,2021년 3월 23일 17시,화요일,서울특별시 중랑구 상봉동,경상사고,0,0,1,0,차대사람 - 기타,안전운전불이행,포장 - 건조,맑음,단일로 - 기타,기타불명,기타불명,미분류,기타불명,보행자,여,33세,경상
1443,2021032300100369,2021년 3월 23일 17시,화요일,서울특별시 노원구 상계동,중상사고,0,1,0,0,차대사람 - 횡단중,안전운전불이행,포장 - 건조,맑음,단일로 - 기타,이륜,남,23세,상해없음,보행자,여,83세,중상
1444,2021032300100410,2021년 3월 23일 18시,화요일,서울특별시 중구 남대문로5가,경상사고,0,0,1,0,차대사람 - 기타,안전운전불이행,포장 - 건조,맑음,교차로 - 교차로부근,승합,남,59세,상해없음,보행자,여,50세,경상
1445,2021032300100415,2021년 3월 23일 18시,화요일,서울특별시 강남구 청담동,경상사고,0,0,1,0,차대사람 - 기타,안전운전불이행,포장 - 건조,맑음,단일로 - 기타,승용,남,61세,상해없음,보행자,여,37세,경상
1446,2021032300100457,2021년 3월 23일 19시,화요일,서울특별시 강남구 삼성동,경상사고,0,0,2,0,차대사람 - 기타,기타,포장 - 건조,맑음,기타 - 기타,승용,여,50세,상해없음,보행자,여,24세,경상
1447,2021032300100459,2021년 3월 23일 19시,화요일,서울특별시 강서구 방화동,중상사고,0,1,0,0,차대사람 - 기타,안전운전불이행,포장 - 건조,맑음,교차로 - 교차로안,승용,여,46세,상해없음,보행자,남,92세,중상
1448,2021032300100538,2021년 3월 23일 22시,화요일,서울특별시 강서구 화곡동,경상사고,0,0,1,0,차대사람 - 횡단중,안전운전불이행,포장 - 건조,맑음,단일로 - 기타,승용,남,29세,상해없음,보행자,남,24세,경상
1449,2021032300100555,2021년 3월 23일 23시,화요일,서울특별시 성북구 길음동,중상사고,0,1,0,0,차대사람 - 기타,안전운전불이행,포장 - 건조,맑음,단일로 - 기타,승합,남,39세,상해없음,보행자,남,53세,중상
1450,2021032300100556,2021년 3월 23일 23시,화요일,서울특별시 강북구 수유동,경상사고,0,0,1,0,차대사람 - 차도통행중,안전운전불이행,포장 - 건조,맑음,교차로 - 교차로횡단보도내,이륜,남,29세,상해없음,보행자,남,50세,경상
1451,2021032300100561,2021년 3월 23일 23시,화요일,서울특별시 서초구 잠원동,경상사고,0,0,1,0,차대사람 - 횡단중,안전운전불이행,포장 - 건조,맑음,단일로 - 기타,승용,남,60세,상해없음,보행자,여,22세,경상
1452,2021032400100037,2021년 3월 24일 06시,수요일,서울특별시 양천구 목동,경상사고,0,0,1,0,차대사람 - 길가장자리구역통행중,안전운전불이행,포장 - 건조,맑음,단일로 - 기타,승용,남,33세,상해없음,보행자,여,40세,경상
1453,2021032400100079,2021년 3월 24일 08시,수요일,서울특별시 성북구 안암동5가,경상사고,0,0,1,0,차대사람 - 횡단중,보행자보호의무위반,포장 - 건조,맑음,단일로 - 기타,승용,남,56세,상해없음,보행자,여,25세,경상
1454,2021032400100080,2021년 3월 24일 08시,수요일,서울특별시 성동구 마장동,중상사고,0,1,0,0,차대사람 - 기타,안전운전불이행,포장 - 건조,맑음,단일로 - 기타,원동기,남,26세,상해없음,보행자,여,65세,중상
1455,2021032400100119,2021년 3월 24일 09시,수요일,서울특별시 광진구 군자동,경상사고,0,0,1,0,차대사람 - 차도통행중,안전운전불이행,포장 - 건조,맑음,단일로 - 기타,승용,남,26세,상해없음,보행자,여,67세,경상
1456,2021032400100121,2021년 3월 24일 09시,수요일,서울특별시 금천구 독산동,경상사고,0,0,1,0,차대사람 - 기타,안전운전불이행,포장 - 건조,맑음,단일로 - 기타,승용,남,71세,상해없음,보행자,여,80세,경상
1457,2021032400100151,2021년 3월 24일 10시,수요일,서울특별시 동대문구 장안동,중상사고,0,1,0,0,차대사람 - 보도통행중,보행자보호의무위반,포장 - 건조,맑음,교차로 - 교차로횡단보도내,승용,남,62세,상해없음,보행자,여,71세,중상
1458,2021032400100200,2021년 3월 24일 12시,수요일,서울특별시 관악구 봉천동,경상사고,0,0,1,0,차대사람 - 기타,안전운전불이행,포장 - 건조,맑음,기타 - 기타,승합,남,52세,상해없음,보행자,여,62세,경상
1459,2021032400100202,2021년 3월 24일 12시,수요일,서울특별시 강동구 둔촌동,경상사고,0,0,1,0,차대사람 - 기타,안전운전불이행,포장 - 건조,맑음,단일로 - 기타,승용,여,72세,상해없음,보행자,여,30세,경상
1460,2021032400100224,2021년 3월 24일 13시,수요일,서울특별시 서대문구 미근동,경상사고,0,0,1,0,차대사람 - 횡단중,보행자보호의무위반,포장 - 건조,맑음,단일로 - 기타,승용,남,71세,상해없음,보행자,여,33세,경상
1461,2021032400100259,2021년 3월 24일 14시,수요일,서울특별시 금천구 독산동,중상사고,0,1,0,0,차대사람 - 횡단중,보행자보호의무위반,포장 - 건조,맑음,교차로 - 교차로횡단보도내,화물,남,64세,상해없음,보행자,여,82세,중상
1462,2021032400100263,2021년 3월 24일 14시,수요일,서울특별시 도봉구 쌍문동,중상사고,0,1,0,0,차대사람 - 기타,보행자보호의무위반,포장 - 건조,맑음,교차로 - 교차로횡단보도내,승용,남,55세,상해없음,보행자,여,79세,중상
1463,2021032400100293,2021년 3월 24일 15시,수요일,서울특별시 중랑구 면목동,경상사고,0,0,1,0,차대사람 - 기타,안전운전불이행,포장 - 건조,맑음,기타 - 기타,자전거,남,60세,상해없음,보행자,남,75세,경상
1464,2021032400100294,2021년 3월 24일 15시,수요일,서울특별시 강동구 천호동,경상사고,0,0,1,0,차대사람 - 보도통행중,안전운전불이행,포장 - 건조,맑음,단일로 - 기타,자전거,남,11세,상해없음,보행자,여,77세,경상
1465,2021032400100295,2021년 3월 24일 15시,수요일,서울특별시 양천구 신월동,중상사고,0,1,0,0,차대사람 - 기타,안전운전불이행,포장 - 건조,맑음,교차로 - 교차로부근,승용,여,62세,상해없음,보행자,여,69세,중상
1466,2021032400100330,2021년 3월 24일 16시,수요일,서울특별시 송파구 문정동,부상신고사고,0,0,0,1,차대사람 - 기타,안전운전불이행,포장 - 건조,맑음,단일로 - 기타,승용,여,56세,상해없음,보행자,여,5세,부상신고
1467,2021032400100360,2021년 3월 24일 17시,수요일,서울특별시 관악구 신림동,중상사고,0,1,0,0,차대사람 - 횡단중,보행자보호의무위반,포장 - 건조,맑음,단일로 - 기타,승용,남,31세,상해없음,보행자,남,27세,중상
1468,2021032400100364,2021년 3월 24일 17시,수요일,서울특별시 노원구 상계동,중상사고,0,1,0,0,차대사람 - 기타,중앙선침범,포장 - 건조,맑음,단일로 - 기타,승용,여,52세,상해없음,보행자,여,63세,중상