,사고번호,사고일시,요일,시군구,사고내용,사망자수,중상자수,경상자수,부상신고자수,사고유형,법규위반,노면상태,기상상태,도로형태,가해운전자 차종,가해운전자 성별,가해운전자 연령,가해운전자 상해정도,피해운전자 차종,피해운전자 성별,피해운전자 연령,피해운전자 상해정도
1581,2021033000100043,2021년 3월 30일 06시,화요일,서울특별시 송파구 송파동,중상사고,0,1,0,0,차대사람 - 횡단중,보행자보호의무위반,포장 - 건조,맑음,교차로 - 교차로부근,승용,남,45세,상해없음,보행자,여,70세,중상
1582,2021033000100044,2021년 3월 30일 06시,화요일,서울특별시 구로구 고척동,경상사고,0,0,1,0,차대사람 - 차도통행중,안전운전불이행,포장 - 건조,맑음,교차로 - 교차로안,승용,남,56세,상해없음,보행자,여,56세,경상
1583,2021033000100045,2021년 3월 30일 06시,화요일,서울특별시 노원구 하계동,경상사고,0,0,1,0,차대사람 - 횡단중,보행자보호의무위반,포장 - 건조,맑음,교차로 - 교차로횡단보도내,승용,남,61세,상해없음,보행자,여,45세,경상
1584,2021033000100085,2021년 3월 30일 08시,화요일,서울특별시 마포구 망원동,중상사고,0,1,0,0,차대사람 - 차도통행중,안전운전불이행,포장 - 건조,맑음,교차로 - 교차로안,승용,여,44세,상해없음,보행자,여,78세,중상
1585,2021033000100086,2021년 3월 30일 08시,화요일,서울특별시 영등포구 양평동2가,중상사고,0,1,0,0,차대사람 - 횡단중,안전운전불이행,포장 - 건조,맑음,교차로 - 교차로안,이륜,남,39세,상해없음,보행자,여,61세,중상
1586,2021033000100091,2021년 3월 30일 08시,화요일,서울특별시 성북구 하월곡동,경상사고,0,0,1,0,차대사람 - 길가장자리구역통행중,안전운전불이행,포장 - 건조,맑음,단일로 - 기타,승용,여,44세,상해없음,보행자,남,36세,경상
1587,2021033000100131,2021년 3월 30일 09시,화요일,서울특별시 동대문구 용두동,중상사고,0,1,0,0,차대사람 - 횡단중,보행자보호의무위반,포장 - 건조,맑음,단일로 - 기타,승용,남,28세,상해없음,보행자,여,36세,중상
1588,2021033000100134,2021년 3월 30일 09시,화요일,서울특별시 동작구 흑석동,경상사고,0,0,1,0,차대사람 - 기타,안전운전불이행,포장 - 건조,맑음,기타 - 기타,승용,여,52세,상해없음,보행자,남,48세,경상
1589,2021033000100232,2021년 3월 30일 12시,화요일,서울특별시 서대문구 홍제동,경상사고,0,0,1,0,차대사람 - 길가장자리구역통행중,안전운전불이행,포장 - 건조,맑음,단일로 - 기타,승합,남,72세,상해없음,보행자,여,36세,경상
1590,2021033000100233,2021년 3월 30일 12시,화요일,서울특별시 강북구 번동,중상사고,0,1,0,0,차대사람 - 길가장자리구역통행중,기타,포장 - 건조,맑음,단일로 - 기타,승용,남,59세,상해없음,보행자,남,82세,중상
1591,2021033000100234,2021년 3월 30일 12시,화요일,서울특별시 동대문구 답십리동,경상사고,0,0,1,0,차대사람 - 보도통행중,보행자보호의무위반,포장 - 건조,맑음,교차로 - 교차로횡단보도내,화물,남,32세,상해없음,보행자,여,50세,경상
1592,2021033000100235,2021년 3월 30일 12시,화요일,서울특별시 영등포구 영등포동,경상사고,0,0,1,0,차대사람 - 보도통행중,안전운전불이행,포장 - 건조,맑음,단일로 - 기타,승용,남,30세,상해없음,보행자,여,50세,경상
1593,2021033000100260,2021년 3월 30일 13시,화요일,서울특별시 강서구 화곡동,경상사고,0,0,1,0,차대사람 - 보도통행중,기타,포장 - 건조,맑음,교차로 - 교차로횡단보도내,승용,여,52세,상해없음,보행자,여,65세,경상
1594,2021033000100262,2021년 3월 30일 13시,화요일,서울특별시 구로구 구로동,경상사고,0,0,1,0,차대사람 - 횡단중,신호위반,포장 - 건조,맑음,교차로 - 교차로횡단보도내,승용,남,72세,상해없음,보행자,여,46세,경상
1595,2021033000100296,2021년 3월 30일 14시,화요일,서울특별시 노원구 상계동,경상사고,0,0,1,0,차대사람 - 횡단중,안전운전불이행,포장 - 건조,맑음,교차로 - 교차로횡단보도내,승합,남,63세,상해없음,보행자,여,66세,경상
1596,2021033000100323,2021년 3월 30일 15시,화요일,서울특별시 강북구 미아동,경상사고,0,0,1,0,차대사람 - 차도통행중,안전운전불이행,포장 - 건조,맑음,단일로 - 기타,승용,여,46세,상해없음,보행자,남,61세,경상
1597,2021033000100326,2021년 3월 30일 15시,화요일,서울특별시 성동구 송정동,부상신고사고,0,0,0,1,차대사람 - 기타,안전운전불이행,포장 - 건조,맑음,기타 - 기타,자전거,여,43세,기타불명,보행자,여,2세,부상신고
1598,2021033000100364,2021년 3월 30일 16시,화요일,서울특별시 강남구 논현동,경상사고,0,0,1,0,차대사람 - 길가장자리구역통행중,안전운전불이행,포장 - 건조,맑음,단일로 - 기타,승용,여,31세,기타불명,보행자,남,27세,경상
1599,2021033000100370,2021년 3월 30일 16시,화요일,서울특별시 강남구 도곡동,경상사고,0,0,1,0,차대사람 - 횡단중,신호위반,포장 - 건조,맑음,교차로 - 교차로부근,승합,여,56세,상해없음,보행자,여,40세,경상
1600,2021033000100405,2021년 3월 30일 17시,화요일,서울특별시 종로구 평창동,중상사고,0,1,0,0,차대사람 - 기타,안전운전불이행,포장 - 건조,맑음,교차로 - 교차로안,승용,남,37세,상해없음,보행자,남,92세,중상
1601,2021033000100410,2021년 3월 30일 17시,화요일,서울특별시 서초구 잠원동,경상사고,0,0,1,0,차대사람 - 횡단중,보행자보호의무위반,포장 - 건조,맑음,단일로 - 기타,승용,여,61세,상해없음,보행자,여,11세,경상
1602,2021033000100448,2021년 3월 30일 18시,화요일,서울특별시 송파구 잠실동,경상사고,0,0,1,0,차대사람 - 길가장자리구역통행중,신호위반,포장 - 건조,맑음,단일로 - 기타,승용,남,71세,상해없음,보행자,여,49세,경상
1603,2021033000100449,2021년 3월 30일 18시,화요일,서울특별시 송파구 잠실동,경상사고,0,0,1,0,차대사람 - 기타,안전운전불이행,포장 - 건조,맑음,교차로 - 교차로안,기타불명,기타불명,미분류,기타불명,보행자,여,81세,경상
1604,2021033000100511,2021년 3월 30일 19시,화요일,서울특별시 양천구 목동,경상사고,0,0,1,0,차대사람 - 횡단중,보행자보호의무위반,포장 - 건조,흐림,교차로 - 교차로횡단보도내,기타불명,기타불명,미분류,기타불명,보행자,남,22세,경상
1605,2021033000100512,2021년 3월 30일 19시,화요일,서울특별시 강남구 대치동,경상사고,0,0,1,0,차대사람 - 기타,안전운전불이행,포장 - 건조,맑음,단일로 - 기타,승용,여,71세,상해없음,보행자,여,48세,경상
1606,2021033000100547,2021년 3월 30일 20시,화요일,서울특별시 동대문구 답십리동,중상사고,0,1,0,0,차대사람 - 기타,신호위반,포장 - 건조,맑음,교차로 - 교차로안,이륜,남,57세,상해없음,보행자,여,50세,중상
1607,2021033000100548,2021년 3월 30일 20시,화요일,서울특별시 마포구 동교동,경상사고,0,0,1,0,차대사람 - 기타,안전운전불이행,포장 - 건조,맑음,단일로 - 기타,승용,남,56세,상해없음,보행자,남,51세,경상
1608,2021033000100571,2021년 3월 30일 21시,화요일,서울특별시 금천구 독산동,경상사고,0,0,1,0,차대사람 - 기타,안전운전불이행,포장 - 건조,맑음,교차로 - 교차로안,승용,여,31세,상해없음,보행자,여,12세,경상
1609,2021033000100596,2021년 3월 30일 22시,화요일,서울특별시 도봉구 방학동,경상사고,0,0,1,0,차대사람 - 기타,안전운전불이행,포장 - 건조,맑음,교차로 - 교차로부근,자전거,남,77세,상해없음,보행자,여,26세,경상
1610,2021033000100618,2021년 3월 30일 23시,화요일,서울특별시 서대문구 창천동,경상사고,0,0,1,0,차대사람 - 기타,안전운전불이행,포장 - 건조,맑음,교차로 - 교차로안,개인형이동수단(PM),남,20세,기타불명,보행자,여,20세,경상
1611,2021033100100074,2021년 3월 31일 08시,수요일,서울특별시 광진구 구의동,경상사고,0,0,1,0,차대사람 - 차도통행중,안전운전불이행,포장 - 건조,맑음,교차로 - 교차로안,승용,남,24세,상해없음,보행자,여,29세,경상
1612,2021033100100081,2021년 3월 31일 08시,수요일,서울특별시 구로구 구로동,중상사고,0,1,0,0,차대사람 - 횡단중,보행자보호의무위반,포장 - 건조,맑음,단일로 - 기타,승용,남,61세,상해없음,보행자,남,19세,중상
1613,2021033100100082,2021년 3월 31일 08시,수요일,서울특별시 노원구 공릉동,중상사고,0,1,0,0,차대사람 - 횡단중,안전운전불이행,포장 - 건조,맑음,교차로 - 교차로안,승용,남,35세,상해없음,보행자,여,67세,중상
1614,2021033100100116,2021년 3월 31일 09시,수요일,서울특별시 영등포구 당산동1가,경상사고,0,0,1,0,차대사람 - 기타,안전운전불이행,포장 - 건조,맑음,교차로 - 교차로부근,승용,여,59세,상해없음,보행자,여,26세,경상
1615,2021033100100118,2021년 3월 31일 09시,수요일,서울특별시 도봉구 도봉동,경상사고,0,0,1,0,차대사람 - 횡단중,안전운전불이행,포장 - 건조,맑음,교차로 - 교차로안,화물,남,64세,상해없음,보행자,남,55세,경상
1616,2021033100100142,2021년 3월 31일 10시,수요일,서울특별시 성북구 성북동,중상사고,0,1,0,0,차대사람 - 기타,기타,포장 - 건조,맑음,단일로 - 기타,승용,여,38세,상해없음,보행자,여,78세,중상
1617,2021033100100201,2021년 3월 31일 12시,수요일,서울특별시 성북구 장위동,경상사고,0,0,1,0,차대사람 - 기타,안전운전불이행,포장 - 건조,맑음,교차로 - 교차로안,승합,여,28세,상해없음,보행자,남,6세,경상
1618,2021033100100202,2021년 3월 31일 12시,수요일,서울특별시 서초구 서초동,부상신고사고,0,0,0,1,차대사람 - 기타,안전운전불이행,포장 - 건조,맑음,단일로 - 기타,승용,여,30세,상해없음,보행자,남,51세,부상신고
1619,2021033100100301,2021년 3월 31일 15시,수요일,서울특별시 구로구 구로동,중상사고,0,1,0,0,차대사람 - 기타,안전운전불이행,포장 - 건조,맑음,교차로 - 교차로안,승용,남,38세,상해없음,보행자,여,72세,중상
1620,2021033100100347,2021년 3월 31일 16시,수요일,서울특별시 영등포구 당산동3가,부상신고사고,0,0,0,1,차대사람 - 횡단중,신호위반,포장 - 건조,맑음,교차로 - 교차로부근,이륜,남,27세,부상신고,보행자,남,74세,상해없음
1621,2021033100100351,2021년 3월 31일 16시,수요일,서울특별시 서초구 양재동,경상사고,0,0,1,0,차대사람 - 횡단중,보행자보호의무위반,포장 - 건조,맑음,교차로 - 교차로횡단보도내,승용,여,55세,상해없음,보행자,여,25세,경상
1622,2021033100100353,2021년 3월 31일 16시,수요일,서울특별시 노원구 상계동,경상사고,0,0,1,0,차대사람 - 횡단중,신호위반,포장 - 건조,맑음,교차로 - 교차로횡단보도내,원동기,남,21세,상해없음,보행자,남,51세,경상
1623,2021033100100354,2021년 3월 31일 16시,수요일,서울특별시 도봉구 창동,경상사고,0,0,1,0,차대사람 - 횡단중,보행자보호의무위반,포장 - 건조,맑음,교차로 - 교차로부근,화물,남,63세,상해없음,보행자,여,61세,경상
1624,2021033100100439,2021년 3월 31일 18시,수요일,서울특별시 영등포구 신길동,중상사고,0,1,0,0,차대사람 - 기타,안전운전불이행,포장 - 건조,맑음,단일로 - 기타,승합,남,72세,상해없음,보행자,남,68세,중상
1625,2021033100100490,2021년 3월 31일 19시,수요일,서울특별시 동작구 사당동,부상신고사고,0,0,0,1,차대사람 - 횡단중,안전운전불이행,포장 - 건조,맑음,단일로 - 기타,원동기,남,19세,상해없음,보행자,남,4세,부상신고
1626,2021033100100493,2021년 3월 31일 19시,수요일,서울특별시 서초구 반포동,경상사고,0,0,1,0,차대사람 - 기타,안전운전불이행,포장 - 건조,맑음,기타 - 기타,기타불명,기타불명,미분류,기타불명,보행자,남,8세,경상
1627,2021033100100548,2021년 3월 31일 21시,수요일,서울특별시 구로구 구로동,경상사고,0,0,1,0,차대사람 - 길가장자리구역통행중,안전운전불이행,포장 - 건조,맑음,단일로 - 기타,승용,남,47세,상해없음,보행자,남,37세,경상
1628,2021033100100550,2021년 3월 31일 21시,수요일,서울특별시 양천구 목동,경상사고,0,0,1,0,차대사람 - 횡단중,보행자보호의무위반,포장 - 건조,맑음,단일로 - 기타,승용,여,49세,기타불명,보행자,남,15세,경상
1629,2021033100100572,2021년 3월 31일 22시,수요일,서울특별시 성북구 동선동1가,경상사고,0,0,2,0,차대사람 - 기타,안전운전불이행,포장 - 건조,맑음,기타 - 기타,이륜,남,19세,상해없음,보행자,남,23세,경상
1630,2021033100100573,2021년 3월 31일 22시,수요일,서울특별시 성북구 동선동1가,경상사고,0,0,1,0,차대사람 - 기타,안전운전불이행,포장 - 건조,맑음,단일로 - 기타,승용,남,65세,상해없음,보행자,남,42세,경상
1631,2021040100100012,2021년 4월 1일 01시,목요일,서울특별시 강북구 번동,경상사고,0,0,2,0,차대사람 - 횡단중,보행자보호의무위반,포장 - 건조,맑음,교차로 - 교차로안,승용,남,69세,상해없음,보행자,남,33세,경상
1632,2021040100100074,2021년 4월 1일 08시,목요일,서울특별시 영등포구 양평동1가,경상사고,0,0,1,0,차대사람 - 보도통행중,기타,포장 - 건조,맑음,기타 - 기타,개인형이동수단(PM),남,26세,상해없음,보행자,여,36세,경상
1633,2021040100100076,2021년 4월 1일 08시,목요일,서울특별시 송파구 풍납동,경상사고,0,0,1,0,차대사람 - 횡단중,보행자보호의무위반,포장 - 건조,맑음,교차로 - 교차로횡단보도내,승용,여,56세,상해없음,보행자,여,76세,경상
1634,2021040100100116,2021년 4월 1일 09시,목요일,서울특별시 서초구 반포동,중상사고,0,1,0,0,차대사람 - 횡단중,안전운전불이행,포장 - 건조,맑음,교차로 - 교차로횡단보도내,승용,여,54세,상해없음,보행자,남,80세,중상
1635,2021040100100176,2021년 4월 1일 11시,목요일,서울특별시 금천구 시흥동,중상사고,0,1,0,0,차대사람 - 횡단중,신호위반,포장 - 건조,맑음,단일로 - 기타,승용,남,74세,상해없음,보행자,여,66세,중상
1636,2021040100100177,2021년 4월 1일 11시,목요일,서울특별시 동작구 신대방동,경상사고,0,0,1,0,차대사람 - 횡단중,안전운전불이행,포장 - 건조,맑음,단일로 - 기타,승용,여,59세,상해없음,보행자,여,20세,경상
1637,2021040100100179,2021년 4월 1일 11시,목요일,서울특별시 성북구 장위동,경상사고,0,0,1,0,차대사람 - 기타,안전운전불이행,포장 - 건조,맑음,단일로 - 기타,원동기,남,72세,상해없음,보행자,남,20세,경상
1638,2021040100100213,2021년 4월 1일 12시,목요일,서울특별시 성동구 사근동,중상사고,0,1,0,0,차대사람 - 횡단중,안전운전불이행,포장 - 건조,맑음,단일로 - 기타,자전거,여,43세,상해없음,보행자,여,54세,중상
1639,2021040100100215,2021년 4월 1일 12시,목요일,서울특별시 강남구 역삼동,경상사고,0,0,1,0,차대사람 - 기타,안전운전불이행,포장 - 건조,맑음,단일로 - 기타,승용,여,28세,상해없음,보행자,남,45세,경상
1640,2021040100100248,2021년 4월 1일 13시,목요일,서울특별시 은평구 응암동,중상사고,0,1,0,0,차대사람 - 횡단중,중앙선침범,포장 - 건조,맑음,단일로 - 기타,화물,남,66세,상해없음,보행자,여,76세,중상
1641,2021040100100367,2021년 4월 1일 16시,목요일,서울특별시 서대문구 연희동,부상신고사고,0,0,0,1,차대사람 - 기타,안전운전불이행,포장 - 건조,맑음,단일로 - 기타,개인형이동수단(PM),여,19세,상해없음,보행자,여,52세,부상신고
1642,2021040100100376,2021년 4월 1일 16시,목요일,서울특별시 강남구 개포동,중상사고,0,1,0,1,차대사람 - 보도통행중,안전운전불이행,포장 - 건조,맑음,단일로 - 기타,자전거,남,14세,부상신고,보행자,여,67세,중상
1643,2021040100100405,2021년 4월 1일 17시,목요일,서울특별시 용산구 이태원동,경상사고,0,0,1,0,차대사람 - 횡단중,신호위반,포장 - 건조,맑음,단일로 - 기타,이륜,남,31세,상해없음,보행자,여,40세,경상
1644,2021040100100406,2021년 4월 1일 17시,목요일,서울특별시 광진구 군자동,경상사고,0,0,2,0,차대사람 - 기타,보행자보호의무위반,포장 - 건조,맑음,단일로 - 기타,개인형이동수단(PM),남,28세,상해없음,보행자,여,26세,경상
1645,2021040100100407,2021년 4월 1일 17시,목요일,서울특별시 강서구 화곡동,중상사고,0,1,0,0,차대사람 - 횡단중,신호위반,포장 - 건조,맑음,교차로 - 교차로횡단보도내,원동기,남,39세,상해없음,보행자,여,48세,중상
1646,2021040100100408,2021년 4월 1일 17시,목요일,서울특별시 강동구 천호동,경상사고,0,0,1,0,차대사람 - 횡단중,보행자보호의무위반,포장 - 건조,맑음,교차로 - 교차로안,승용,남,57세,상해없음,보행자,여,57세,경상
1647,2021040100100410,2021년 4월 1일 17시,목요일,서울특별시 서초구 서초동,경상사고,0,0,1,0,차대사람 - 기타,안전운전불이행,포장 - 건조,맑음,미분류 - 미분류,승용,남,67세,상해없음,보행자,여,23세,경상
1648,2021040100100452,2021년 4월 1일 18시,목요일,서울특별시 강북구 번동,경상사고,0,0,1,0,차대사람 - 기타,안전운전불이행,포장 - 건조,맑음,단일로 - 기타,승용,남,25세,상해없음,보행자,남,71세,경상
1649,2021040100100455,2021년 4월 1일 18시,목요일,서울특별시 노원구 월계동,중상사고,0,1,0,0,차대사람 - 기타,안전운전불이행,포장 - 건조,맑음,단일로 - 기타,승용,여,38세,상해없음,보행자,여,25세,중상
1650,2021040100100511,2021년 4월 1일 19시,목요일,서울특별시 성동구 행당동,경상사고,0,0,1,0,차대사람 - 보도통행중,기타,포장 - 건조,맑음,단일로 - 기타,승용,여,51세,상해없음,보행자,여,32세,경상
1651,2021040100100512,2021년 4월 1일 19시,목요일,서울특별시 관악구 신림동,경상사고,0,0,1,0,차대사람 - 횡단중,신호위반,포장 - 건조,맑음,기타 - 기타,이륜,남,20세,상해없음,보행자,남,35세,경상
1652,2021040100100514,2021년 4월 1일 19시,목요일,서울특별시 구로구 구로동,경상사고,0,0,1,0,차대사람 - 횡단중,보행자보호의무위반,포장 - 건조,맑음,교차로 - 교차로횡단보도내,이륜,남,34세,상해없음,보행자,여,35세,경상
1653,2021040100100553,2021년 4월 1일 20시,목요일,서울특별시 노원구 상계동,경상사고,0,0,1,0,차대사람 - 길가장자리구역통행중,안전운전불이행,포장 - 건조,기타,단일로 - 기타,이륜,여,22세,상해없음,보행자,여,17세,경상
1654,2021040100100580,2021년 4월 1일 21시,목요일,서울특별시 중구 방산동,중상사고,0,1,0,0,차대사람 - 기타,안전운전불이행,포장 - 건조,맑음,단일로 - 기타,승용,여,65세,상해없음,보행자,남,25세,중상
1655,2021040100100583,2021년 4월 1일 21시,목요일,서울특별시 강서구 화곡동,경상사고,0,0,1,0,차대사람 - 기타,안전운전불이행,포장 - 젖음/습기,비,단일로 - 기타,승용,남,64세,상해없음,보행자,여,43세,경상
1656,2021040100100584,2021년 4월 1일 21시,목요일,서울특별시 노원구 상계동,경상사고,0,0,1,1,차대사람 - 차도통행중,안전운전불이행,포장 - 건조,맑음,단일로 - 기타,이륜,남,18세,부상신고,보행자,여,49세,경상
1657,2021040100100600,2021년 4월 1일 22시,목요일,서울특별시 영등포구 영등포동3가,경상사고,0,0,2,0,차대사람 - 기타,안전운전불이행,포장 - 건조,맑음,교차로 - 교차로안,기타불명,남,52세,상해없음,보행자,여,25세,경상
1658,2021040100100601,2021년 4월 1일 22시,목요일,서울특별시 중랑구 망우동,경상사고,0,0,1,0,차대사람 - 횡단중,신호위반,포장 - 건조,맑음,교차로 - 교차로횡단보도내,이륜,남,19세,상해없음,보행자,남,15세,경상
1659,2021040100100603,2021년 4월 1일 22시,목요일,서울특별시 송파구 방이동,부상신고사고,0,0,0,1,차대사람 - 횡단중,안전운전불이행,포장 - 건조,맑음,교차로 - 교차로횡단보도내,승용,남,76세,상해없음,보행자,남,42세,부상신고
1660,2021040200100009,2021년 4월 2일 01시,금요일,서울특별시 구로구 구로동,중상사고,0,1,0,0,차대사람 - 횡단중,안전운전불이행,포장 - 건조,맑음,단일로 - 기타,승용,남,63세,상해없음,보행자,남,59세,중상
1661,2021040200100017,2021년 4월 2일 02시,금요일,서울특별시 동대문구 이문동,경상사고,0,0,1,0,차대사람 - 기타,과속,포장 - 건조,맑음,단일로 - 기타,이륜,남,23세,상해없음,보행자,남,45세,경상
1662,2021040200100076,2021년 4월 2일 08시,금요일,서울특별시 송파구 잠실동,경상사고,0,0,1,0,차대사람 - 차도통행중,안전운전불이행,포장 - 건조,맑음,단일로 - 기타,화물,남,39세,상해없음,보행자,여,71세,경상
1663,2021040200100078,2021년 4월 2일 08시,금요일,서울특별시 강남구 대치동,부상신고사고,0,0,0,1,차대사람 - 횡단중,보행자보호의무위반,포장 - 건조,맑음,단일로 - 기타,자전거,여,52세,상해없음,보행자,남,67세,부상신고
1664,2021040200100206,2021년 4월 2일 12시,금요일,서울특별시 강북구 미아동,경상사고,0,0,1,0,차대사람 - 보도통행중,보행자보호의무위반,포장 - 건조,맑음,교차로 - 교차로횡단보도내,승용,여,39세,상해없음,보행자,여,23세,경상
1665,2021040200100284,2021년 4월 2일 14시,금요일,서울특별시 중구 황학동,경상사고,0,0,1,0,차대사람 - 기타,안전운전불이행,포장 - 건조,맑음,단일로 - 기타,승용,여,62세,상해없음,보행자,남,61세,경상
1666,2021040200100287,2021년 4월 2일 14시,금요일,서울특별시 관악구 신림동,부상신고사고,0,0,0,1,차대사람 - 기타,안전운전불이행,포장 - 건조,맑음,단일로 - 기타,자전거,남,61세,상해없음,보행자,남,43세,부상신고
1667,2021040200100290,2021년 4월 2일 14시,금요일,서울특별시 성북구 상월곡동,경상사고,0,0,1,0,차대사람 - 횡단중,안전운전불이행,포장 - 건조,맑음,교차로 - 교차로횡단보도내,승용,여,36세,상해없음,보행자,남,24세,경상
1668,2021040200100317,2021년 4월 2일 15시,금요일,서울특별시 관악구 봉천동,중상사고,0,1,0,0,차대사람 - 횡단중,안전운전불이행,포장 - 건조,맑음,교차로 - 교차로안,승용,남,43세,상해없음,보행자,여,80세,중상
1669,2021040200100353,2021년 4월 2일 16시,금요일,서울특별시 동대문구 휘경동,경상사고,0,0,1,0,차대사람 - 보도통행중,보행자보호의무위반,포장 - 건조,맑음,교차로 - 교차로횡단보도내,화물,남,57세,상해없음,보행자,여,80세,경상
1670,2021040200100397,2021년 4월 2일 17시,금요일,서울특별시 강남구 신사동,경상사고,0,0,1,0,차대사람 - 기타,기타,포장 - 건조,맑음,기타 - 기타,승용,남,52세,상해없음,보행자,남,24세,경상
1671,2021040200100400,2021년 4월 2일 17시,금요일,서울특별시 성북구 종암동,경상사고,0,0,1,0,차대사람 - 기타,안전운전불이행,포장 - 건조,맑음,교차로 - 교차로안,승용,남,70세,상해없음,보행자,남,43세,경상
1672,2021040200100442,2021년 4월 2일 18시,금요일,서울특별시 관악구 봉천동,중상사고,0,1,0,0,차대사람 - 기타,안전운전불이행,포장 - 건조,맑음,교차로 - 교차로안,승용,남,57세,상해없음,보행자,여,41세,중상
1673,2021040200100443,2021년 4월 2일 18시,금요일,서울특별시 강남구 역삼동,경상사고,0,0,1,0,차대사람 - 횡단중,보행자보호의무위반,포장 - 건조,맑음,기타 - 기타,승용,여,40세,상해없음,보행자,남,31세,경상
1674,2021040200100497,2021년 4월 2일 19시,금요일,서울특별시 양천구 신정동,중상사고,0,1,0,0,차대사람 - 보도통행중,기타,포장 - 건조,맑음,단일로 - 기타,승용,여,52세,상해없음,보행자,여,43세,중상
1675,2021040200100539,2021년 4월 2일 20시,금요일,서울특별시 강남구 역삼동,경상사고,0,0,1,0,차대사람 - 기타,안전운전불이행,포장 - 건조,맑음,교차로 - 교차로부근,승용,남,24세,상해없음,보행자,여,26세,경상
1676,2021040200100569,2021년 4월 2일 21시,금요일,서울특별시 광진구 구의동,경상사고,0,0,1,0,차대사람 - 길가장자리구역통행중,안전운전불이행,포장 - 건조,맑음,기타 - 기타,기타불명,기타불명,미분류,기타불명,보행자,남,57세,경상
1677,2021040200100607,2021년 4월 2일 22시,금요일,서울특별시 금천구 가산동,중상사고,0,2,0,0,차대사람 - 기타,안전운전불이행,포장 - 건조,맑음,교차로 - 교차로부근,승용,남,40세,상해없음,보행자,남,39세,중상
1678,2021040200100635,2021년 4월 2일 23시,금요일,서울특별시 양천구 목동,경상사고,0,0,1,0,차대사람 - 기타,안전운전불이행,포장 - 건조,흐림,기타 - 기타,승용,남,69세,상해없음,보행자,남,24세,경상
1679,2021040300100004,2021년 4월 3일 00시,토요일,서울특별시 서초구 서초동,경상사고,0,0,1,0,차대사람 - 보도통행중,기타,포장 - 건조,맑음,교차로 - 교차로부근,승용,남,37세,상해없음,보행자,남,27세,경상
1680,2021040300100042,2021년 4월 3일 04시,토요일,서울특별시 중랑구 면목동,경상사고,0,0,1,0,차대사람 - 기타,안전운전불이행,포장 - 건조,흐림,교차로 - 교차로부근,기타불명,기타불명,미분류,기타불명,보행자,여,21세,경상
1681,2021040300100083,2021년 4월 3일 09시,토요일,서울특별시 동작구 상도동,경상사고,0,0,1,0,차대사람 - 기타,안전운전불이행,포장 - 건조,맑음,단일로 - 기타,승용,여,52세,상해없음,보행자,남,26세,경상
1682,2021040300100100,2021년 4월 3일 10시,토요일,서울특별시 마포구 연남동,경상사고,0,0,1,0,차대사람 - 기타,안전운전불이행,포장 - 젖음/습기,비,교차로 - 교차로부근,승용,남,27세,상해없음,보행자,남,84세,경상
1683,2021040300100129,2021년 4월 3일 11시,토요일,서울특별시 관악구 신림동,경상사고,0,0,1,0,차대사람 - 횡단중,신호위반,포장 - 젖음/습기,비,교차로 - 교차로횡단보도내,승용,남,72세,상해없음,보행자,남,24세,경상
1684,2021040300100210,2021년 4월 3일 13시,토요일,서울특별시 강동구 성내동,경상사고,0,0,1,0,차대사람 - 길가장자리구역통행중,안전운전불이행,포장 - 젖음/습기,비,단일로 - 기타,승용,남,62세,상해없음,보행자,여,25세,경상
1685,2021040300100328,2021년 4월 3일 16시,토요일,서울특별시 송파구 오금동,경상사고,0,0,1,0,차대사람 - 기타,안전운전불이행,포장 - 건조,맑음,단일로 - 기타,승용,여,55세,상해없음,보행자,여,72세,경상
1686,2021040300100401,2021년 4월 3일 18시,토요일,서울특별시 구로구 개봉동,경상사고,0,0,1,0,차대사람 - 기타,안전운전불이행,포장 - 젖음/습기,비,단일로 - 기타,승용,남,35세,상해없음,보행자,남,43세,경상
1687,2021040300100427,2021년 4월 3일 19시,토요일,서울특별시 영등포구 신길동,중상사고,0,1,0,0,차대사람 - 횡단중,안전운전불이행,포장 - 젖음/습기,맑음,교차로 - 교차로부근,화물,남,33세,상해없음,보행자,여,54세,중상
1688,2021040300100429,2021년 4월 3일 19시,토요일,서울특별시 관악구 신림동,중상사고,0,1,0,0,차대사람 - 횡단중,신호위반,포장 - 젖음/습기,비,단일로 - 기타,이륜,남,28세,상해없음,보행자,여,66세,중상
1689,2021040300100474,2021년 4월 3일 20시,토요일,서울특별시 동대문구 전농동,경상사고,0,0,1,0,차대사람 - 기타,안전운전불이행,포장 - 젖음/습기,비,단일로 - 기타,승용,남,58세,상해없음,보행자,남,30세,경상
1690,2021040300100475,2021년 4월 3일 20시,토요일,서울특별시 마포구 서교동,경상사고,0,0,1,0,차대사람 - 기타,안전운전불이행,포장 - 젖음/습기,비,단일로 - 기타,승용,여,27세,상해없음,보행자,여,23세,경상
1691,2021040300100516,2021년 4월 3일 21시,토요일,서울특별시 영등포구 영등포동3가,경상사고,0,0,1,0,차대사람 - 기타,안전운전불이행,비포장 - 젖음/습기,비,단일로 - 기타,승용,남,62세,상해없음,보행자,여,22세,경상
1692,2021040300100552,2021년 4월 3일 22시,토요일,서울특별시 강북구 수유동,경상사고,0,0,1,1,차대사람 - 횡단중,안전운전불이행,포장 - 젖음/습기,비,단일로 - 기타,승용,남,25세,상해없음,보행자,여,60세,경상