,사고번호,사고일시,요일,시군구,사고내용,사망자수,중상자수,경상자수,부상신고자수,사고유형,법규위반,노면상태,기상상태,도로형태,가해운전자 차종,가해운전자 성별,가해운전자 연령,가해운전자 상해정도,피해운전자 차종,피해운전자 성별,피해운전자 연령,피해운전자 상해정도
1806,2021040800100162,2021년 4월 8일 10시,목요일,서울특별시 양천구 신월동,경상사고,0,0,2,0,차대사람 - 기타,안전운전불이행,포장 - 건조,맑음,교차로 - 교차로안,화물,남,57세,상해없음,보행자,남,48세,경상
1807,2021040800100190,2021년 4월 8일 11시,목요일,서울특별시 중구 을지로3가,경상사고,0,0,1,0,차대사람 - 차도통행중,안전운전불이행,포장 - 건조,맑음,단일로 - 기타,승용,남,41세,상해없음,보행자,남,43세,경상
1808,2021040800100192,2021년 4월 8일 11시,목요일,서울특별시 중구 예장동,경상사고,0,0,2,0,차대사람 - 보도통행중,안전운전불이행,포장 - 건조,맑음,단일로 - 기타,자전거,남,20세,경상,보행자,여,66세,경상
1809,2021040800100193,2021년 4월 8일 11시,목요일,서울특별시 성북구 정릉동,경상사고,0,0,1,0,차대사람 - 기타,안전운전불이행,포장 - 건조,맑음,단일로 - 기타,승합,남,64세,상해없음,보행자,남,85세,경상
1810,2021040800100227,2021년 4월 8일 12시,목요일,서울특별시 중구 예장동,중상사고,0,1,0,0,차대사람 - 길가장자리구역통행중,안전운전불이행,포장 - 건조,맑음,단일로 - 기타,승용,남,63세,상해없음,보행자,여,74세,중상
1811,2021040800100230,2021년 4월 8일 12시,목요일,서울특별시 노원구 상계동,중상사고,0,1,0,0,차대사람 - 횡단중,중앙선침범,포장 - 건조,맑음,단일로 - 기타,원동기,남,40세,상해없음,보행자,남,63세,중상
1812,2021040800100231,2021년 4월 8일 12시,목요일,서울특별시 서초구 반포동,중상사고,0,1,1,0,차대사람 - 기타,안전운전불이행,포장 - 건조,맑음,기타 - 기타,화물,남,58세,상해없음,보행자,남,28세,중상
1813,2021040800100254,2021년 4월 8일 13시,목요일,서울특별시 서대문구 대현동,경상사고,0,0,1,0,차대사람 - 기타,기타,포장 - 건조,맑음,기타 - 기타,이륜,남,45세,상해없음,보행자,여,26세,경상
1814,2021040800100260,2021년 4월 8일 13시,목요일,서울특별시 서초구 양재동,경상사고,0,0,1,0,차대사람 - 기타,안전운전불이행,포장 - 건조,맑음,단일로 - 기타,승용,여,64세,상해없음,보행자,여,26세,경상
1815,2021040800100292,2021년 4월 8일 14시,목요일,서울특별시 마포구 망원동,중상사고,0,1,0,0,차대사람 - 길가장자리구역통행중,안전운전불이행,포장 - 건조,맑음,단일로 - 기타,승용,여,38세,상해없음,보행자,여,60세,중상
1816,2021040800100369,2021년 4월 8일 16시,목요일,서울특별시 도봉구 창동,중상사고,0,1,0,1,차대사람 - 횡단중,안전운전불이행,포장 - 건조,맑음,단일로 - 기타,이륜,남,28세,부상신고,보행자,여,77세,중상
1817,2021040800100406,2021년 4월 8일 17시,목요일,서울특별시 동대문구 제기동,중상사고,0,1,0,0,차대사람 - 기타,안전운전불이행,포장 - 건조,맑음,단일로 - 기타,승용,여,42세,상해없음,보행자,여,73세,중상
1818,2021040800100410,2021년 4월 8일 17시,목요일,서울특별시 송파구 마천동,중상사고,0,1,0,0,차대사람 - 차도통행중,보행자보호의무위반,포장 - 건조,맑음,교차로 - 교차로횡단보도내,승용,남,70세,상해없음,보행자,남,78세,중상
1819,2021040800100411,2021년 4월 8일 17시,목요일,서울특별시 송파구 송파동,경상사고,0,0,1,0,차대사람 - 기타,안전운전불이행,포장 - 건조,맑음,단일로 - 기타,승용,남,42세,상해없음,보행자,여,27세,경상
1820,2021040800100458,2021년 4월 8일 18시,목요일,서울특별시 서대문구 홍제동,경상사고,0,0,1,0,차대사람 - 기타,안전운전불이행,포장 - 건조,맑음,단일로 - 기타,승용,여,23세,상해없음,보행자,여,12세,경상
1821,2021040800100464,2021년 4월 8일 18시,목요일,서울특별시 양천구 신월동,중상사고,0,1,0,0,차대사람 - 보도통행중,기타,포장 - 건조,맑음,단일로 - 기타,화물,남,61세,기타불명,보행자,여,63세,중상
1822,2021040800100548,2021년 4월 8일 20시,목요일,서울특별시 영등포구 양평동1가,경상사고,0,0,1,0,차대사람 - 기타,안전운전불이행,포장 - 건조,맑음,교차로 - 교차로안,기타불명,기타불명,미분류,기타불명,보행자,남,63세,경상
1823,2021040800100550,2021년 4월 8일 20시,목요일,서울특별시 강남구 논현동,경상사고,0,0,1,0,차대사람 - 횡단중,안전운전불이행,포장 - 건조,맑음,교차로 - 교차로안,이륜,남,25세,상해없음,보행자,남,31세,경상
1824,2021040800100552,2021년 4월 8일 20시,목요일,서울특별시 서초구 반포동,경상사고,0,0,1,0,차대사람 - 기타,보행자보호의무위반,포장 - 건조,맑음,교차로 - 교차로부근,기타불명,기타불명,미분류,기타불명,보행자,여,23세,경상
1825,2021040800100599,2021년 4월 8일 22시,목요일,서울특별시 강동구 천호동,부상신고사고,0,0,0,1,차대사람 - 기타,기타,포장 - 기타,흐림,기타 - 기타,원동기,기타불명,미분류,기타불명,보행자,남,4세,부상신고
1826,2021040900100002,2021년 4월 9일 00시,금요일,서울특별시 금천구 독산동,경상사고,0,0,1,0,차대사람 - 기타,안전운전불이행,포장 - 건조,맑음,교차로 - 교차로부근,승용,남,54세,상해없음,보행자,남,33세,경상
1827,2021040900100021,2021년 4월 9일 03시,금요일,서울특별시 중구 신당동,중상사고,0,1,0,0,차대사람 - 횡단중,보행자보호의무위반,포장 - 건조,맑음,기타 - 기타,이륜,남,55세,상해없음,보행자,남,43세,중상
1828,2021040900100045,2021년 4월 9일 07시,금요일,서울특별시 양천구 신월동,중상사고,0,2,0,0,차대사람 - 기타,과속,포장 - 건조,맑음,단일로 - 기타,이륜,남,50세,상해없음,보행자,여,58세,중상
1829,2021040900100071,2021년 4월 9일 08시,금요일,서울특별시 관악구 신림동,경상사고,0,0,1,0,차대사람 - 기타,안전운전불이행,포장 - 건조,맑음,기타 - 기타,승용,남,70세,상해없음,보행자,여,30세,경상
1830,2021040900100072,2021년 4월 9일 08시,금요일,서울특별시 송파구 풍납동,중상사고,0,1,1,0,차대사람 - 횡단중,보행자보호의무위반,포장 - 건조,맑음,단일로 - 기타,승용,여,37세,경상,보행자,여,33세,중상
1831,2021040900100112,2021년 4월 9일 09시,금요일,서울특별시 중구 황학동,중상사고,0,1,0,0,차대사람 - 차도통행중,안전운전불이행,포장 - 건조,맑음,교차로 - 교차로부근,원동기,여,57세,상해없음,보행자,여,71세,중상
1832,2021040900100150,2021년 4월 9일 10시,금요일,서울특별시 동작구 노량진동,경상사고,0,0,1,0,차대사람 - 차도통행중,안전운전불이행,포장 - 건조,맑음,교차로 - 교차로안,화물,남,63세,상해없음,보행자,남,50세,경상
1833,2021040900100176,2021년 4월 9일 11시,금요일,서울특별시 광진구 중곡동,중상사고,0,1,0,0,차대사람 - 보도통행중,중앙선침범,포장 - 건조,맑음,단일로 - 기타,승용,남,76세,상해없음,보행자,여,30세,중상
1834,2021040900100222,2021년 4월 9일 12시,금요일,서울특별시 강남구 청담동,경상사고,0,0,1,0,차대사람 - 기타,안전운전불이행,포장 - 건조,맑음,기타 - 기타,승용,여,44세,상해없음,보행자,남,43세,경상
1835,2021040900100257,2021년 4월 9일 13시,금요일,서울특별시 동대문구 용두동,경상사고,0,0,1,0,차대사람 - 횡단중,안전운전불이행,포장 - 건조,맑음,교차로 - 교차로부근,승용,남,67세,상해없음,보행자,여,51세,경상
1836,2021040900100258,2021년 4월 9일 13시,금요일,서울특별시 광진구 자양동,경상사고,0,0,1,0,차대사람 - 차도통행중,안전운전불이행,포장 - 건조,맑음,단일로 - 터널,승용,남,29세,상해없음,보행자,남,51세,경상
1837,2021040900100260,2021년 4월 9일 13시,금요일,서울특별시 강남구 역삼동,경상사고,0,0,1,0,차대사람 - 기타,안전운전불이행,포장 - 건조,맑음,단일로 - 기타,승합,남,54세,상해없음,보행자,여,46세,경상
1838,2021040900100286,2021년 4월 9일 14시,금요일,서울특별시 중구 충무로3가,중상사고,0,1,0,0,차대사람 - 기타,안전운전불이행,포장 - 건조,맑음,교차로 - 교차로부근,화물,남,59세,상해없음,보행자,남,48세,중상
1839,2021040900100316,2021년 4월 9일 15시,금요일,서울특별시 강동구 강일동,중상사고,0,1,0,0,차대사람 - 차도통행중,안전운전불이행,포장 - 건조,맑음,단일로 - 기타,자전거,남,54세,상해없음,보행자,여,79세,중상
1840,2021040900100356,2021년 4월 9일 16시,금요일,서울특별시 동대문구 전농동,경상사고,0,0,1,0,차대사람 - 기타,안전운전불이행,포장 - 건조,맑음,단일로 - 기타,승합,남,56세,상해없음,보행자,남,66세,경상
1841,2021040900100358,2021년 4월 9일 16시,금요일,서울특별시 관악구 봉천동,경상사고,0,0,2,0,차대사람 - 보도통행중,보행자보호의무위반,포장 - 건조,맑음,교차로 - 교차로횡단보도내,승용,여,54세,상해없음,보행자,여,40세,경상
1842,2021040900100359,2021년 4월 9일 16시,금요일,서울특별시 관악구 봉천동,경상사고,0,0,1,0,차대사람 - 기타,안전운전불이행,포장 - 건조,맑음,단일로 - 기타,개인형이동수단(PM),남,17세,상해없음,보행자,여,26세,경상
1843,2021040900100361,2021년 4월 9일 16시,금요일,서울특별시 송파구 송파동,경상사고,0,0,1,0,차대사람 - 횡단중,보행자보호의무위반,포장 - 건조,맑음,단일로 - 기타,승용,남,80세,상해없음,보행자,여,23세,경상
1844,2021040900100406,2021년 4월 9일 17시,금요일,서울특별시 강북구 미아동,경상사고,0,0,1,0,차대사람 - 횡단중,안전운전불이행,포장 - 건조,맑음,단일로 - 기타,승용,여,37세,상해없음,보행자,남,49세,경상
1845,2021040900100409,2021년 4월 9일 17시,금요일,서울특별시 관악구 봉천동,경상사고,0,0,1,0,차대사람 - 횡단중,보행자보호의무위반,포장 - 건조,맑음,교차로 - 교차로안,승용,여,35세,상해없음,보행자,남,31세,경상
1846,2021040900100473,2021년 4월 9일 18시,금요일,서울특별시 서대문구 창천동,중상사고,0,1,0,0,차대사람 - 횡단중,안전운전불이행,포장 - 건조,맑음,단일로 - 기타,자전거,남,31세,상해없음,보행자,남,69세,중상
1847,2021040900100475,2021년 4월 9일 18시,금요일,서울특별시 성동구 도선동,부상신고사고,0,0,0,1,차대사람 - 기타,안전운전불이행,포장 - 건조,맑음,단일로 - 기타,기타불명,기타불명,미분류,기타불명,보행자,남,35세,부상신고
1848,2021040900100510,2021년 4월 9일 19시,금요일,서울특별시 구로구 구로동,중상사고,0,1,0,0,차대사람 - 기타,안전운전불이행,포장 - 건조,맑음,단일로 - 기타,이륜,남,28세,상해없음,보행자,여,52세,중상
1849,2021040900100549,2021년 4월 9일 20시,금요일,서울특별시 강남구 삼성동,경상사고,0,0,1,0,차대사람 - 횡단중,신호위반,포장 - 건조,맑음,단일로 - 기타,개인형이동수단(PM),남,35세,상해없음,보행자,남,34세,경상
1850,2021041000100034,2021년 4월 10일 06시,토요일,서울특별시 구로구 개봉동,중상사고,0,1,0,0,차대사람 - 횡단중,보행자보호의무위반,포장 - 건조,맑음,교차로 - 교차로횡단보도내,화물,남,48세,상해없음,보행자,남,71세,중상
1851,2021041000100044,2021년 4월 10일 07시,토요일,서울특별시 도봉구 창동,중상사고,0,2,0,0,차대사람 - 횡단중,신호위반,포장 - 건조,맑음,교차로 - 교차로안,이륜,남,48세,상해없음,보행자,여,74세,중상
1852,2021041000100080,2021년 4월 10일 09시,토요일,서울특별시 노원구 중계동,경상사고,0,0,1,0,차대사람 - 차도통행중,안전운전불이행,포장 - 건조,맑음,교차로 - 교차로부근,승용,남,48세,상해없음,보행자,남,71세,경상
1853,2021041000100082,2021년 4월 10일 09시,토요일,서울특별시 강남구 개포동,중상사고,0,1,0,0,차대사람 - 기타,안전운전불이행,포장 - 건조,맑음,단일로 - 기타,건설기계,남,52세,상해없음,보행자,남,66세,중상
1854,2021041000100111,2021년 4월 10일 10시,토요일,서울특별시 성동구 응봉동,경상사고,0,0,1,0,차대사람 - 기타,안전운전불이행,포장 - 건조,맑음,교차로 - 교차로부근,기타불명,기타불명,미분류,기타불명,보행자,여,66세,경상
1855,2021041000100145,2021년 4월 10일 11시,토요일,서울특별시 강남구 신사동,부상신고사고,0,0,0,1,차대사람 - 기타,안전운전불이행,포장 - 건조,맑음,단일로 - 기타,승용,남,32세,상해없음,보행자,남,68세,부상신고
1856,2021041000100192,2021년 4월 10일 12시,토요일,서울특별시 중랑구 망우동,경상사고,0,0,1,0,차대사람 - 기타,안전운전불이행,포장 - 건조,맑음,교차로 - 교차로안,개인형이동수단(PM),남,32세,상해없음,보행자,여,21세,경상
1857,2021041000100194,2021년 4월 10일 12시,토요일,서울특별시 강남구 청담동,경상사고,0,0,1,0,차대사람 - 기타,기타,포장 - 건조,맑음,기타 - 기타,승합,남,49세,상해없음,보행자,여,39세,경상
1858,2021041000100238,2021년 4월 10일 13시,토요일,서울특별시 서초구 방배동,경상사고,0,0,1,0,차대사람 - 기타,안전운전불이행,포장 - 건조,맑음,기타 - 기타,승용,남,37세,기타불명,보행자,여,26세,경상
1859,2021041000100277,2021년 4월 10일 14시,토요일,서울특별시 용산구 한남동,경상사고,0,0,1,0,차대사람 - 기타,안전운전불이행,포장 - 건조,맑음,단일로 - 기타,승용,남,65세,상해없음,보행자,여,25세,경상
1860,2021041000100319,2021년 4월 10일 15시,토요일,서울특별시 은평구 갈현동,경상사고,0,0,1,0,차대사람 - 보도통행중,안전운전불이행,포장 - 건조,맑음,단일로 - 기타,자전거,남,13세,상해없음,보행자,남,39세,경상
1861,2021041000100358,2021년 4월 10일 16시,토요일,서울특별시 강북구 미아동,중상사고,0,1,0,0,차대사람 - 차도통행중,안전운전불이행,포장 - 건조,맑음,단일로 - 기타,건설기계,남,61세,상해없음,보행자,남,41세,중상
1862,2021041000100364,2021년 4월 10일 16시,토요일,서울특별시 강동구 성내동,경상사고,0,0,1,0,차대사람 - 길가장자리구역통행중,신호위반,포장 - 건조,맑음,단일로 - 기타,화물,남,38세,상해없음,보행자,남,49세,경상
1863,2021041000100487,2021년 4월 10일 19시,토요일,서울특별시 중랑구 면목동,사망사고,1,0,0,0,차대사람 - 기타,안전운전불이행,포장 - 건조,맑음,교차로 - 교차로안,승용,남,65세,상해없음,보행자,남,58세,사망
1864,2021041000100491,2021년 4월 10일 19시,토요일,서울특별시 도봉구 방학동,경상사고,0,0,1,0,차대사람 - 기타,안전운전불이행,포장 - 건조,맑음,단일로 - 기타,승용,여,71세,상해없음,보행자,여,61세,경상
1865,2021041000100577,2021년 4월 10일 22시,토요일,서울특별시 구로구 고척동,경상사고,0,0,1,0,차대사람 - 기타,안전운전불이행,포장 - 건조,맑음,단일로 - 기타,승합,남,61세,상해없음,보행자,남,67세,경상
1866,2021041000100578,2021년 4월 10일 22시,토요일,서울특별시 서초구 서초동,경상사고,0,0,1,0,차대사람 - 보도통행중,안전운전불이행,포장 - 건조,맑음,단일로 - 기타,승용,남,29세,상해없음,보행자,여,18세,경상
1867,2021041100100056,2021년 4월 11일 08시,일요일,서울특별시 강남구 대치동,중상사고,0,1,0,0,차대사람 - 기타,안전운전불이행,포장 - 건조,맑음,단일로 - 기타,승용,여,48세,상해없음,보행자,여,41세,중상
1868,2021041100100070,2021년 4월 11일 09시,일요일,서울특별시 영등포구 대림동,중상사고,0,1,0,0,차대사람 - 보도통행중,안전운전불이행,포장 - 건조,맑음,교차로 - 교차로안,승용,남,50세,상해없음,보행자,여,45세,중상
1869,2021041100100071,2021년 4월 11일 09시,일요일,서울특별시 관악구 신림동,사망사고,1,0,0,0,차대사람 - 기타,안전운전불이행,포장 - 건조,맑음,단일로 - 기타,승용,남,78세,상해없음,보행자,남,54세,사망
1870,2021041100100087,2021년 4월 11일 10시,일요일,서울특별시 강남구 개포동,중상사고,0,1,0,0,차대사람 - 횡단중,보행자보호의무위반,포장 - 건조,맑음,단일로 - 기타,승합,남,62세,상해없음,보행자,여,70세,중상
1871,2021041100100114,2021년 4월 11일 11시,일요일,서울특별시 금천구 가산동,경상사고,0,0,1,1,차대사람 - 기타,안전운전불이행,포장 - 건조,맑음,단일로 - 기타,자전거,남,52세,부상신고,보행자,여,61세,경상
1872,2021041100100147,2021년 4월 11일 12시,일요일,서울특별시 강동구 강일동,부상신고사고,0,0,0,1,차대사람 - 횡단중,기타,포장 - 적설,맑음,단일로 - 기타,자전거,남,24세,상해없음,보행자,여,67세,부상신고
1873,2021041100100150,2021년 4월 11일 12시,일요일,서울특별시 구로구 개봉동,중상사고,0,1,0,0,차대사람 - 기타,안전운전불이행,포장 - 건조,맑음,기타 - 기타,승용,남,60세,상해없음,보행자,남,50세,중상
1874,2021041100100152,2021년 4월 11일 12시,일요일,서울특별시 도봉구 방학동,경상사고,0,0,1,0,차대사람 - 차도통행중,안전운전불이행,포장 - 건조,맑음,단일로 - 기타,승용,남,31세,상해없음,보행자,여,10세,경상
1875,2021041100100209,2021년 4월 11일 14시,일요일,서울특별시 노원구 상계동,중상사고,0,1,0,0,차대사람 - 횡단중,보행자보호의무위반,포장 - 건조,맑음,교차로 - 교차로안,승용,남,43세,상해없음,보행자,여,80세,중상
1876,2021041100100246,2021년 4월 11일 15시,일요일,서울특별시 강북구 수유동,경상사고,0,0,1,0,차대사람 - 기타,안전운전불이행,포장 - 건조,맑음,교차로 - 교차로안,승용,남,78세,상해없음,보행자,여,27세,경상
1877,2021041100100247,2021년 4월 11일 15시,일요일,서울특별시 광진구 중곡동,중상사고,0,1,0,0,차대사람 - 기타,안전운전불이행,포장 - 건조,맑음,단일로 - 기타,승용,남,69세,상해없음,보행자,여,12세,중상
1878,2021041100100287,2021년 4월 11일 16시,일요일,서울특별시 강동구 길동,경상사고,0,0,1,0,차대사람 - 기타,안전운전불이행,포장 - 건조,맑음,단일로 - 기타,원동기,여,23세,상해없음,보행자,남,7세,경상
1879,2021041100100383,2021년 4월 11일 19시,일요일,서울특별시 강북구 미아동,경상사고,0,0,1,0,차대사람 - 차도통행중,안전운전불이행,포장 - 건조,맑음,단일로 - 기타,승용,남,64세,상해없음,보행자,남,54세,경상
1880,2021041100100385,2021년 4월 11일 19시,일요일,서울특별시 강동구 천호동,경상사고,0,0,1,0,차대사람 - 횡단중,보행자보호의무위반,포장 - 건조,맑음,교차로 - 교차로횡단보도내,승용,여,46세,상해없음,보행자,남,58세,경상
1881,2021041100100392,2021년 4월 11일 19시,일요일,서울특별시 강남구 개포동,경상사고,0,0,1,0,차대사람 - 기타,안전운전불이행,포장 - 건조,맑음,단일로 - 기타,자전거,남,42세,경상,보행자,남,21세,상해없음
1882,2021041100100428,2021년 4월 11일 20시,일요일,서울특별시 송파구 방이동,경상사고,0,0,1,0,차대사람 - 보도통행중,기타,포장 - 건조,맑음,단일로 - 기타,승용,여,29세,상해없음,보행자,여,26세,경상
1883,2021041100100476,2021년 4월 11일 22시,일요일,서울특별시 중구 봉래동2가,경상사고,0,0,1,0,차대사람 - 횡단중,보행자보호의무위반,포장 - 건조,맑음,단일로 - 기타,승용,남,64세,상해없음,보행자,남,29세,경상
1884,2021041100100478,2021년 4월 11일 22시,일요일,서울특별시 중랑구 면목동,중상사고,0,1,0,0,차대사람 - 횡단중,신호위반,포장 - 건조,기타,단일로 - 기타,원동기,남,59세,상해없음,보행자,남,23세,중상
1885,2021041100100481,2021년 4월 11일 22시,일요일,서울특별시 강남구 대치동,중상사고,0,1,0,0,차대사람 - 길가장자리구역통행중,안전운전불이행,포장 - 건조,맑음,교차로 - 교차로안,승용,남,38세,상해없음,보행자,남,38세,중상
1886,2021041100100499,2021년 4월 11일 23시,일요일,서울특별시 금천구 독산동,중상사고,0,1,0,0,차대사람 - 횡단중,안전운전불이행,포장 - 건조,맑음,교차로 - 교차로부근,승용,남,50세,상해없음,보행자,남,52세,중상
1887,2021041200100041,2021년 4월 12일 07시,월요일,서울특별시 강동구 둔촌동,부상신고사고,0,0,0,1,차대사람 - 기타,안전운전불이행,포장 - 건조,맑음,교차로 - 교차로안,승용,남,47세,상해없음,보행자,남,79세,부상신고
1888,2021041200100043,2021년 4월 12일 07시,월요일,서울특별시 강남구 대치동,경상사고,0,0,1,0,차대사람 - 기타,안전운전불이행,포장 - 건조,맑음,단일로 - 기타,승합,남,56세,기타불명,보행자,여,19세,경상
1889,2021041200100066,2021년 4월 12일 08시,월요일,서울특별시 용산구 효창동,중상사고,0,1,0,0,차대사람 - 기타,안전운전불이행,포장 - 건조,맑음,교차로 - 교차로안,승합,남,61세,상해없음,보행자,여,72세,중상
1890,2021041200100069,2021년 4월 12일 08시,월요일,서울특별시 송파구 장지동,경상사고,0,0,1,0,차대사람 - 기타,기타,포장 - 건조,맑음,기타 - 기타,승합,남,60세,상해없음,보행자,남,56세,경상
1891,2021041200100102,2021년 4월 12일 09시,월요일,서울특별시 은평구 신사동,경상사고,0,0,1,0,차대사람 - 보도통행중,기타,포장 - 건조,맑음,단일로 - 기타,승용,남,70세,상해없음,보행자,여,37세,경상
1892,2021041200100103,2021년 4월 12일 09시,월요일,서울특별시 영등포구 문래동3가,경상사고,0,0,1,0,차대사람 - 횡단중,보행자보호의무위반,포장 - 젖음/습기,비,교차로 - 교차로횡단보도내,승용,남,46세,상해없음,보행자,남,63세,경상
1893,2021041200100127,2021년 4월 12일 10시,월요일,서울특별시 서대문구 홍제동,경상사고,0,0,1,0,차대사람 - 차도통행중,안전운전불이행,포장 - 건조,맑음,단일로 - 기타,승용,여,48세,상해없음,보행자,여,71세,경상
1894,2021041200100129,2021년 4월 12일 10시,월요일,서울특별시 강남구 청담동,경상사고,0,0,1,0,차대사람 - 횡단중,보행자보호의무위반,포장 - 건조,맑음,교차로 - 교차로횡단보도내,승용,남,69세,기타불명,보행자,여,24세,경상
1895,2021041200100159,2021년 4월 12일 11시,월요일,서울특별시 동대문구 장안동,부상신고사고,0,0,0,1,차대사람 - 차도통행중,안전운전불이행,포장 - 건조,맑음,단일로 - 기타,승용,남,78세,상해없음,보행자,남,75세,부상신고
1896,2021041200100160,2021년 4월 12일 11시,월요일,서울특별시 동작구 흑석동,중상사고,0,1,0,0,차대사람 - 횡단중,보행자보호의무위반,포장 - 건조,맑음,교차로 - 교차로안,건설기계,남,57세,상해없음,보행자,남,80세,중상
1897,2021041200100190,2021년 4월 12일 12시,월요일,서울특별시 동작구 사당동,경상사고,0,0,1,0,차대사람 - 보도통행중,보행자보호의무위반,포장 - 건조,맑음,교차로 - 교차로횡단보도내,화물,남,29세,상해없음,보행자,여,30세,경상
1898,2021041200100191,2021년 4월 12일 12시,월요일,서울특별시 강서구 화곡동,중상사고,0,1,0,0,차대사람 - 기타,안전운전불이행,포장 - 젖음/습기,비,교차로 - 교차로부근,승용,남,75세,상해없음,보행자,여,80세,중상
1899,2021041200100223,2021년 4월 12일 13시,월요일,서울특별시 중랑구 면목동,중상사고,0,1,0,0,차대사람 - 기타,안전운전불이행,포장 - 건조,맑음,교차로 - 교차로부근,승용,남,33세,상해없음,보행자,남,60세,중상
1900,2021041200100225,2021년 4월 12일 13시,월요일,서울특별시 강서구 화곡동,경상사고,0,0,1,0,차대사람 - 횡단중,보행자보호의무위반,포장 - 젖음/습기,비,단일로 - 기타,승용,남,45세,상해없음,보행자,여,69세,경상
1901,2021041200100290,2021년 4월 12일 15시,월요일,서울특별시 서대문구 홍제동,부상신고사고,0,0,0,1,차대사람 - 기타,기타,포장 - 건조,맑음,단일로 - 기타,승합,남,48세,상해없음,보행자,여,65세,부상신고
1902,2021041200100373,2021년 4월 12일 17시,월요일,서울특별시 금천구 가산동,경상사고,0,0,1,0,차대사람 - 횡단중,보행자보호의무위반,포장 - 젖음/습기,비,단일로 - 기타,승용,남,61세,상해없음,보행자,여,17세,경상
1903,2021041200100408,2021년 4월 12일 18시,월요일,서울특별시 동대문구 장안동,경상사고,0,0,1,0,차대사람 - 기타,안전운전불이행,포장 - 젖음/습기,비,단일로 - 기타,승용,남,66세,상해없음,보행자,남,31세,경상
1904,2021041200100446,2021년 4월 12일 19시,월요일,서울특별시 종로구 교북동,경상사고,0,0,1,0,차대사람 - 보도통행중,기타,포장 - 젖음/습기,비,기타 - 기타,이륜,남,19세,상해없음,보행자,여,34세,경상
1905,2021041200100448,2021년 4월 12일 19시,월요일,서울특별시 은평구 녹번동,중상사고,0,1,0,0,차대사람 - 차도통행중,안전운전불이행,포장 - 젖음/습기,비,단일로 - 기타,화물,남,52세,상해없음,보행자,남,58세,중상
1906,2021041200100451,2021년 4월 12일 19시,월요일,서울특별시 송파구 장지동,경상사고,0,0,1,0,차대사람 - 횡단중,안전운전불이행,포장 - 젖음/습기,비,교차로 - 교차로안,승용,남,47세,상해없음,보행자,남,9세,경상
1907,2021041200100452,2021년 4월 12일 19시,월요일,서울특별시 구로구 가리봉동,경상사고,0,0,1,0,차대사람 - 기타,안전운전불이행,포장 - 젖음/습기,비,단일로 - 기타,승용,여,42세,상해없음,보행자,남,31세,경상
1908,2021041200100453,2021년 4월 12일 19시,월요일,서울특별시 강남구 역삼동,중상사고,0,1,0,0,차대사람 - 기타,안전운전불이행,포장 - 젖음/습기,비,단일로 - 기타,승용,남,65세,상해없음,보행자,남,65세,중상
1909,2021041200100505,2021년 4월 12일 20시,월요일,서울특별시 중랑구 신내동,중상사고,0,1,0,0,차대사람 - 보도통행중,보행자보호의무위반,포장 - 젖음/습기,비,단일로 - 기타,화물,남,46세,상해없음,보행자,남,55세,중상
1910,2021041200100507,2021년 4월 12일 20시,월요일,서울특별시 강서구 화곡동,경상사고,0,0,1,0,차대사람 - 기타,안전운전불이행,포장 - 젖음/습기,비,단일로 - 기타,기타불명,기타불명,미분류,기타불명,보행자,여,51세,경상
1911,2021041200100543,2021년 4월 12일 21시,월요일,서울특별시 강북구 수유동,중상사고,0,1,0,0,차대사람 - 횡단중,안전운전불이행,포장 - 젖음/습기,비,교차로 - 교차로부근,승용,남,53세,상해없음,보행자,여,50세,중상
1912,2021041200100544,2021년 4월 12일 21시,월요일,서울특별시 영등포구 당산동1가,중상사고,0,1,0,0,차대사람 - 횡단중,신호위반,포장 - 젖음/습기,비,기타 - 기타,이륜,남,34세,상해없음,보행자,여,33세,중상
1913,2021041200100545,2021년 4월 12일 21시,월요일,서울특별시 강남구 논현동,경상사고,0,0,1,0,차대사람 - 횡단중,안전운전불이행,포장 - 젖음/습기,비,교차로 - 교차로안,승용,남,46세,상해없음,보행자,남,29세,경상
1914,2021041200100585,2021년 4월 12일 22시,월요일,서울특별시 서대문구 홍제동,중상사고,0,1,1,0,차대사람 - 횡단중,신호위반,포장 - 젖음/습기,비,단일로 - 기타,이륜,남,53세,상해없음,보행자,남,29세,경상
1915,2021041200100590,2021년 4월 12일 22시,월요일,서울특별시 노원구 상계동,경상사고,0,0,1,0,차대사람 - 횡단중,보행자보호의무위반,포장 - 젖음/습기,비,기타 - 기타,이륜,남,45세,상해없음,보행자,남,34세,경상
1916,2021041200100592,2021년 4월 12일 22시,월요일,서울특별시 강남구 대치동,중상사고,0,1,0,0,차대사람 - 보도통행중,기타,포장 - 젖음/습기,비,단일로 - 기타,이륜,남,26세,상해없음,보행자,남,61세,중상
1917,2021041200100630,2021년 4월 12일 23시,월요일,서울특별시 성동구 행당동,경상사고,0,0,1,0,차대사람 - 기타,안전운전불이행,포장 - 젖음/습기,비,단일로 - 기타,이륜,남,18세,상해없음,보행자,남,58세,경상