,사고번호,사고일시,요일,시군구,사고내용,사망자수,중상자수,경상자수,부상신고자수,사고유형,법규위반,노면상태,기상상태,도로형태,가해운전자 차종,가해운전자 성별,가해운전자 연령,가해운전자 상해정도,피해운전자 차종,피해운전자 성별,피해운전자 연령,피해운전자 상해정도
1918,2021041300100002,2021년 4월 13일 00시,화요일,서울특별시 서초구 우면동,경상사고,0,0,1,0,차대사람 - 횡단중,신호위반,포장 - 젖음/습기,비,교차로 - 교차로횡단보도내,승용,남,54세,상해없음,보행자,남,18세,경상
1919,2021041300100018,2021년 4월 13일 01시,화요일,서울특별시 강서구 화곡동,중상사고,0,1,1,0,차대사람 - 횡단중,신호위반,포장 - 젖음/습기,비,단일로 - 기타,이륜,남,17세,경상,보행자,여,25세,중상
1920,2021041300100043,2021년 4월 13일 06시,화요일,서울특별시 중랑구 면목동,경상사고,0,0,1,0,차대사람 - 보도통행중,보행자보호의무위반,포장 - 건조,맑음,단일로 - 기타,이륜,남,24세,상해없음,보행자,여,42세,경상
1921,2021041300100044,2021년 4월 13일 06시,화요일,서울특별시 성북구 하월곡동,중상사고,0,1,0,0,차대사람 - 횡단중,안전운전불이행,포장 - 젖음/습기,비,단일로 - 기타,승용,남,26세,상해없음,보행자,여,69세,중상
1922,2021041300100057,2021년 4월 13일 07시,화요일,서울특별시 관악구 신림동,중상사고,0,1,0,0,차대사람 - 기타,보행자보호의무위반,포장 - 건조,맑음,교차로 - 교차로안,승용,남,30세,상해없음,보행자,남,23세,중상
1923,2021041300100058,2021년 4월 13일 07시,화요일,서울특별시 강동구 강일동,중상사고,0,1,0,0,차대사람 - 기타,안전운전불이행,포장 - 건조,맑음,단일로 - 기타,화물,남,32세,상해없음,보행자,남,84세,중상
1924,2021041300100089,2021년 4월 13일 08시,화요일,서울특별시 동대문구 장안동,경상사고,0,0,1,0,차대사람 - 횡단중,보행자보호의무위반,포장 - 기타,맑음,교차로 - 교차로안,승용,남,48세,상해없음,보행자,남,39세,경상
1925,2021041300100123,2021년 4월 13일 09시,화요일,서울특별시 광진구 화양동,경상사고,0,0,1,0,차대사람 - 길가장자리구역통행중,안전운전불이행,포장 - 건조,맑음,단일로 - 기타,승용,남,51세,상해없음,보행자,여,21세,경상
1926,2021041300100124,2021년 4월 13일 09시,화요일,서울특별시 동작구 사당동,경상사고,0,0,1,0,차대사람 - 기타,안전운전불이행,포장 - 건조,맑음,단일로 - 기타,승용,남,70세,상해없음,보행자,여,67세,경상
1927,2021041300100151,2021년 4월 13일 10시,화요일,서울특별시 송파구 마천동,경상사고,0,0,1,0,차대사람 - 차도통행중,안전운전불이행,포장 - 젖음/습기,맑음,단일로 - 기타,승용,여,53세,상해없음,보행자,남,47세,경상
1928,2021041300100180,2021년 4월 13일 11시,화요일,서울특별시 강남구 대치동,경상사고,0,0,1,0,차대사람 - 길가장자리구역통행중,안전운전불이행,포장 - 건조,맑음,단일로 - 기타,승용,여,40세,상해없음,보행자,여,71세,경상
1929,2021041300100203,2021년 4월 13일 12시,화요일,서울특별시 중구 신당동,중상사고,0,1,0,0,차대사람 - 보도통행중,기타,포장 - 건조,맑음,단일로 - 기타,원동기,여,67세,상해없음,보행자,남,75세,중상
1930,2021041300100204,2021년 4월 13일 12시,화요일,서울특별시 강남구 청담동,경상사고,0,0,1,0,차대사람 - 기타,안전운전불이행,포장 - 건조,맑음,단일로 - 기타,승용,남,41세,상해없음,보행자,남,44세,경상
1931,2021041300100207,2021년 4월 13일 12시,화요일,서울특별시 성북구 길음동,경상사고,0,0,1,0,차대사람 - 기타,불법유턴,포장 - 건조,맑음,단일로 - 기타,승용,남,29세,상해없음,보행자,남,36세,경상
1932,2021041300100230,2021년 4월 13일 13시,화요일,서울특별시 은평구 응암동,경상사고,0,0,1,0,차대사람 - 보도통행중,안전운전불이행,포장 - 건조,맑음,교차로 - 교차로부근,자전거,남,51세,상해없음,보행자,여,47세,경상
1933,2021041300100235,2021년 4월 13일 13시,화요일,서울특별시 노원구 하계동,중상사고,0,1,0,0,차대사람 - 횡단중,신호위반,포장 - 건조,맑음,교차로 - 교차로안,승용,남,66세,상해없음,보행자,여,48세,중상
1934,2021041300100267,2021년 4월 13일 14시,화요일,서울특별시 송파구 문정동,중상사고,0,1,0,0,차대사람 - 보도통행중,보행자보호의무위반,포장 - 건조,맑음,교차로 - 교차로횡단보도내,승용,남,76세,상해없음,보행자,남,71세,중상
1935,2021041300100342,2021년 4월 13일 16시,화요일,서울특별시 성동구 성수동2가,경상사고,0,0,1,0,차대사람 - 횡단중,보행자보호의무위반,포장 - 건조,맑음,교차로 - 교차로횡단보도내,화물,남,48세,상해없음,보행자,남,43세,경상
1936,2021041300100394,2021년 4월 13일 17시,화요일,서울특별시 성동구 성수동2가,경상사고,0,0,1,0,차대사람 - 기타,안전운전불이행,포장 - 건조,맑음,기타 - 기타,승용,남,35세,상해없음,보행자,여,72세,경상
1937,2021041300100396,2021년 4월 13일 17시,화요일,서울특별시 강서구 내발산동,경상사고,0,0,1,0,차대사람 - 차도통행중,안전운전불이행,포장 - 건조,맑음,단일로 - 기타,승용,남,76세,상해없음,보행자,여,15세,경상
1938,2021041300100435,2021년 4월 13일 18시,화요일,서울특별시 동대문구 제기동,경상사고,0,0,1,0,차대사람 - 횡단중,안전운전불이행,포장 - 건조,맑음,교차로 - 교차로안,화물,남,56세,상해없음,보행자,남,62세,경상
1939,2021041300100440,2021년 4월 13일 18시,화요일,서울특별시 강남구 삼성동,경상사고,0,0,1,0,차대사람 - 기타,안전운전불이행,포장 - 건조,맑음,단일로 - 기타,승용,남,46세,상해없음,보행자,여,35세,경상
1940,2021041300100442,2021년 4월 13일 18시,화요일,서울특별시 양천구 목동,경상사고,0,0,1,0,차대사람 - 기타,안전운전불이행,포장 - 건조,맑음,단일로 - 기타,승용,남,45세,상해없음,보행자,여,18세,경상
1941,2021041300100491,2021년 4월 13일 19시,화요일,서울특별시 성북구 동선동4가,부상신고사고,0,0,0,1,차대사람 - 보도통행중,기타,포장 - 건조,맑음,기타 - 기타,개인형이동수단(PM),기타불명,미분류,기타불명,보행자,여,17세,부상신고
1942,2021041300100527,2021년 4월 13일 20시,화요일,서울특별시 영등포구 양평동5가,경상사고,0,0,1,0,차대사람 - 기타,안전운전불이행,포장 - 건조,맑음,단일로 - 기타,승용,남,19세,상해없음,보행자,남,48세,경상
1943,2021041300100557,2021년 4월 13일 21시,화요일,서울특별시 강남구 수서동,경상사고,0,0,1,0,차대사람 - 기타,안전운전불이행,포장 - 기타,기타,단일로 - 기타,승용,남,61세,상해없음,보행자,남,47세,경상
1944,2021041300100585,2021년 4월 13일 22시,화요일,서울특별시 종로구 숭인동,경상사고,0,0,1,0,차대사람 - 기타,안전운전불이행,포장 - 건조,맑음,단일로 - 기타,기타불명,기타불명,미분류,기타불명,보행자,남,26세,경상
1945,2021041300100590,2021년 4월 13일 22시,화요일,서울특별시 강남구 역삼동,경상사고,0,0,1,0,차대사람 - 기타,안전운전불이행,포장 - 건조,맑음,단일로 - 기타,개인형이동수단(PM),여,19세,상해없음,보행자,여,17세,경상
1946,2021041400100001,2021년 4월 14일 00시,수요일,서울특별시 구로구 구로동,중상사고,0,1,0,0,차대사람 - 횡단중,안전운전불이행,포장 - 건조,맑음,교차로 - 교차로횡단보도내,승용,남,41세,상해없음,보행자,남,45세,중상
1947,2021041400100094,2021년 4월 14일 09시,수요일,서울특별시 성동구 성수동2가,경상사고,0,0,1,0,차대사람 - 기타,보행자보호의무위반,포장 - 건조,맑음,교차로 - 교차로부근,자전거,남,13세,기타불명,보행자,여,27세,경상
1948,2021041400100125,2021년 4월 14일 10시,수요일,서울특별시 강남구 청담동,경상사고,0,0,1,0,차대사람 - 보도통행중,보행자보호의무위반,포장 - 건조,맑음,교차로 - 교차로횡단보도내,승용,남,56세,상해없음,보행자,남,82세,경상
1949,2021041400100128,2021년 4월 14일 10시,수요일,서울특별시 서초구 양재동,중상사고,0,1,0,0,차대사람 - 기타,안전운전불이행,포장 - 건조,맑음,단일로 - 기타,승용,여,38세,상해없음,보행자,남,67세,중상
1950,2021041400100144,2021년 4월 14일 11시,수요일,서울특별시 강서구 화곡동,경상사고,0,0,1,0,차대사람 - 차도통행중,안전운전불이행,포장 - 건조,맑음,교차로 - 교차로안,승용,남,53세,상해없음,보행자,남,24세,경상
1951,2021041400100148,2021년 4월 14일 11시,수요일,서울특별시 서초구 서초동,중상사고,0,1,0,0,차대사람 - 횡단중,신호위반,포장 - 건조,맑음,교차로 - 교차로횡단보도내,화물,남,65세,상해없음,보행자,여,60세,중상
1952,2021041400100168,2021년 4월 14일 12시,수요일,서울특별시 강북구 미아동,중상사고,0,1,1,0,차대사람 - 횡단중,보행자보호의무위반,포장 - 건조,맑음,교차로 - 교차로안,이륜,남,37세,경상,보행자,남,22세,중상
1953,2021041400100172,2021년 4월 14일 12시,수요일,서울특별시 성동구 용답동,경상사고,0,0,1,0,차대사람 - 차도통행중,안전운전불이행,포장 - 건조,맑음,단일로 - 기타,승용,여,50세,상해없음,보행자,남,69세,경상
1954,2021041400100252,2021년 4월 14일 14시,수요일,서울특별시 강남구 수서동,경상사고,0,0,1,0,차대사람 - 길가장자리구역통행중,안전운전불이행,포장 - 건조,맑음,교차로 - 교차로안,승용,남,73세,상해없음,보행자,여,22세,경상
1955,2021041400100349,2021년 4월 14일 17시,수요일,서울특별시 광진구 중곡동,경상사고,0,0,1,0,차대사람 - 기타,안전운전불이행,포장 - 건조,맑음,단일로 - 기타,화물,남,71세,상해없음,보행자,남,8세,경상
1956,2021041400100350,2021년 4월 14일 17시,수요일,서울특별시 마포구 용강동,중상사고,0,1,0,0,차대사람 - 기타,안전운전불이행,포장 - 건조,맑음,교차로 - 교차로안,승용,남,38세,상해없음,보행자,여,33세,중상
1957,2021041400100446,2021년 4월 14일 19시,수요일,서울특별시 은평구 역촌동,경상사고,0,0,1,0,차대사람 - 보도통행중,안전운전불이행,포장 - 건조,맑음,교차로 - 교차로부근,기타불명,기타불명,미분류,기타불명,보행자,남,62세,경상
1958,2021041400100531,2021년 4월 14일 22시,수요일,서울특별시 강남구 신사동,중상사고,0,1,0,0,차대사람 - 차도통행중,안전운전불이행,포장 - 건조,맑음,교차로 - 교차로부근,승용,여,28세,상해없음,보행자,남,40세,중상
1959,2021041400100536,2021년 4월 14일 22시,수요일,서울특별시 성북구 석관동,경상사고,0,0,1,0,차대사람 - 차도통행중,안전운전불이행,포장 - 건조,맑음,교차로 - 교차로부근,승용,남,31세,상해없음,보행자,남,45세,경상
1960,2021041500100066,2021년 4월 15일 08시,목요일,서울특별시 서대문구 북아현동,경상사고,0,0,1,0,차대사람 - 보도통행중,기타,포장 - 건조,맑음,단일로 - 기타,자전거,남,28세,기타불명,보행자,여,20세,경상
1961,2021041500100067,2021년 4월 15일 08시,목요일,서울특별시 송파구 장지동,중상사고,0,1,0,0,차대사람 - 길가장자리구역통행중,보행자보호의무위반,포장 - 건조,맑음,교차로 - 교차로횡단보도내,화물,남,53세,상해없음,보행자,여,48세,중상
1962,2021041500100192,2021년 4월 15일 12시,목요일,서울특별시 동대문구 답십리동,경상사고,0,0,1,0,차대사람 - 기타,안전운전불이행,포장 - 기타,맑음,교차로 - 교차로부근,승용,여,53세,상해없음,보행자,여,67세,경상
1963,2021041500100195,2021년 4월 15일 12시,목요일,서울특별시 동작구 상도동,경상사고,0,0,1,0,차대사람 - 기타,안전운전불이행,포장 - 건조,맑음,단일로 - 기타,화물,남,54세,상해없음,보행자,남,43세,경상
1964,2021041500100228,2021년 4월 15일 13시,목요일,서울특별시 성북구 정릉동,중상사고,0,1,0,0,차대사람 - 횡단중,안전운전불이행,포장 - 건조,맑음,단일로 - 기타,화물,남,72세,상해없음,보행자,여,82세,중상
1965,2021041500100235,2021년 4월 15일 13시,목요일,서울특별시 구로구 구로동,경상사고,0,0,1,0,차대사람 - 기타,안전운전불이행,포장 - 건조,맑음,단일로 - 기타,기타불명,기타불명,미분류,기타불명,보행자,여,53세,경상
1966,2021041500100267,2021년 4월 15일 14시,목요일,서울특별시 강동구 천호동,경상사고,0,0,1,0,차대사람 - 횡단중,신호위반,포장 - 건조,맑음,교차로 - 교차로안,승용,남,62세,상해없음,보행자,여,10세,경상
1967,2021041500100296,2021년 4월 15일 15시,목요일,서울특별시 송파구 가락동,경상사고,0,0,1,0,차대사람 - 횡단중,보행자보호의무위반,포장 - 건조,맑음,교차로 - 교차로횡단보도내,화물,남,50세,상해없음,보행자,여,31세,경상
1968,2021041500100299,2021년 4월 15일 15시,목요일,서울특별시 양천구 신월동,중상사고,0,1,0,0,차대사람 - 기타,안전운전불이행,포장 - 건조,맑음,단일로 - 기타,승용,남,32세,상해없음,보행자,여,85세,중상
1969,2021041500100329,2021년 4월 15일 16시,목요일,서울특별시 용산구 한남동,경상사고,0,0,1,0,차대사람 - 횡단중,보행자보호의무위반,포장 - 건조,맑음,교차로 - 교차로안,승합,남,50세,상해없음,보행자,남,64세,경상
1970,2021041500100331,2021년 4월 15일 16시,목요일,서울특별시 강서구 화곡동,경상사고,0,0,2,0,차대사람 - 횡단중,안전운전불이행,포장 - 건조,맑음,교차로 - 교차로안,이륜,남,38세,경상,보행자,남,56세,경상
1971,2021041500100371,2021년 4월 15일 17시,목요일,서울특별시 강동구 길동,경상사고,0,0,1,0,차대사람 - 기타,안전운전불이행,포장 - 건조,맑음,기타 - 기타,승합,남,51세,상해없음,보행자,남,44세,경상
1972,2021041500100373,2021년 4월 15일 17시,목요일,서울특별시 은평구 대조동,중상사고,0,1,0,0,차대사람 - 기타,안전운전불이행,포장 - 건조,맑음,단일로 - 기타,승용,남,51세,상해없음,보행자,남,29세,중상
1973,2021041500100429,2021년 4월 15일 18시,목요일,서울특별시 서초구 서초동,중상사고,0,1,0,0,차대사람 - 횡단중,보행자보호의무위반,포장 - 건조,맑음,교차로 - 교차로횡단보도내,화물,여,33세,상해없음,보행자,여,34세,중상
1974,2021041500100432,2021년 4월 15일 18시,목요일,서울특별시 강남구 개포동,경상사고,0,0,1,0,차대사람 - 기타,안전운전불이행,포장 - 건조,맑음,단일로 - 기타,자전거,남,76세,상해없음,보행자,남,50세,경상
1975,2021041500100483,2021년 4월 15일 19시,목요일,서울특별시 강동구 성내동,중상사고,0,1,0,0,차대사람 - 차도통행중,안전운전불이행,포장 - 건조,맑음,교차로 - 교차로안,승용,남,47세,상해없음,보행자,남,62세,중상
1976,2021041500100484,2021년 4월 15일 19시,목요일,서울특별시 노원구 월계동,경상사고,0,0,1,0,차대사람 - 횡단중,안전운전불이행,포장 - 건조,맑음,교차로 - 교차로부근,이륜,남,25세,상해없음,보행자,여,60세,경상
1977,2021041500100518,2021년 4월 15일 20시,목요일,서울특별시 관악구 봉천동,중상사고,0,1,0,0,차대사람 - 기타,안전운전불이행,포장 - 건조,맑음,교차로 - 교차로안,승용,남,50세,상해없음,보행자,여,73세,중상
1978,2021041500100582,2021년 4월 15일 22시,목요일,서울특별시 금천구 독산동,경상사고,0,0,1,0,차대사람 - 보도통행중,신호위반,포장 - 건조,맑음,교차로 - 교차로안,승용,남,27세,상해없음,보행자,여,50세,경상
1979,2021041500100586,2021년 4월 15일 22시,목요일,서울특별시 강서구 마곡동,중상사고,0,2,0,0,차대사람 - 횡단중,과속,포장 - 건조,흐림,단일로 - 기타,이륜,남,28세,중상,보행자,남,47세,중상
1980,2021041500100587,2021년 4월 15일 22시,목요일,서울특별시 강서구 등촌동,경상사고,0,0,1,0,차대사람 - 기타,안전운전불이행,포장 - 건조,맑음,단일로 - 기타,승용,남,55세,상해없음,보행자,남,48세,경상
1981,2021041600100029,2021년 4월 16일 05시,금요일,서울특별시 서초구 반포동,부상신고사고,0,0,0,1,차대사람 - 기타,안전운전불이행,포장 - 건조,맑음,기타 - 기타,승용,남,43세,상해없음,보행자,남,9세,부상신고
1982,2021041600100051,2021년 4월 16일 07시,금요일,서울특별시 은평구 대조동,경상사고,0,0,1,0,차대사람 - 보도통행중,신호위반,포장 - 건조,맑음,교차로 - 교차로안,승용,여,59세,상해없음,보행자,여,29세,경상
1983,2021041600100115,2021년 4월 16일 09시,금요일,서울특별시 강남구 도곡동,경상사고,0,0,1,0,차대사람 - 기타,안전운전불이행,포장 - 건조,맑음,단일로 - 기타,화물,남,60세,상해없음,보행자,여,30세,경상
1984,2021041600100161,2021년 4월 16일 11시,금요일,서울특별시 강서구 가양동,사망사고,1,0,0,0,차대사람 - 횡단중,신호위반,포장 - 젖음/습기,비,교차로 - 교차로횡단보도내,화물,남,61세,상해없음,보행자,남,76세,사망
1985,2021041600100187,2021년 4월 16일 12시,금요일,서울특별시 관악구 신림동,중상사고,0,1,0,0,차대사람 - 기타,기타,포장 - 젖음/습기,비,단일로 - 기타,승합,남,66세,상해없음,보행자,남,85세,중상
1986,2021041600100212,2021년 4월 16일 13시,금요일,서울특별시 용산구 용산동2가,경상사고,0,0,1,0,차대사람 - 기타,안전운전불이행,포장 - 건조,맑음,단일로 - 기타,승용,남,56세,상해없음,보행자,남,23세,경상
1987,2021041600100215,2021년 4월 16일 13시,금요일,서울특별시 영등포구 당산동3가,경상사고,0,0,1,0,차대사람 - 차도통행중,안전운전불이행,포장 - 건조,맑음,단일로 - 기타,승용,남,68세,상해없음,보행자,여,38세,경상
1988,2021041600100216,2021년 4월 16일 13시,금요일,서울특별시 구로구 구로동,중상사고,0,1,0,0,차대사람 - 기타,보행자보호의무위반,포장 - 건조,맑음,교차로 - 교차로횡단보도내,화물,남,29세,상해없음,보행자,남,7세,중상
1989,2021041600100276,2021년 4월 16일 15시,금요일,서울특별시 서대문구 홍제동,부상신고사고,0,0,0,1,차대사람 - 횡단중,안전운전불이행,포장 - 건조,맑음,단일로 - 기타,승용,남,38세,상해없음,보행자,남,9세,부상신고
1990,2021041600100311,2021년 4월 16일 16시,금요일,서울특별시 양천구 신정동,경상사고,0,0,1,0,차대사람 - 횡단중,안전운전불이행,포장 - 건조,맑음,미분류 - 미분류,기타불명,기타불명,미분류,기타불명,보행자,남,63세,경상
1991,2021041600100351,2021년 4월 16일 17시,금요일,서울특별시 강서구 방화동,중상사고,0,1,0,0,차대사람 - 기타,안전운전불이행,포장 - 건조,맑음,단일로 - 기타,승합,남,63세,상해없음,보행자,여,69세,중상
1992,2021041600100384,2021년 4월 16일 18시,금요일,서울특별시 동대문구 청량리동,경상사고,0,0,1,0,차대사람 - 기타,안전운전불이행,포장 - 건조,맑음,기타 - 기타,승합,남,49세,상해없음,보행자,여,53세,경상
1993,2021041600100393,2021년 4월 16일 18시,금요일,서울특별시 도봉구 창동,중상사고,0,1,0,0,차대사람 - 횡단중,안전운전불이행,포장 - 건조,맑음,단일로 - 기타,이륜,남,22세,상해없음,보행자,남,5세,중상
1994,2021041600100437,2021년 4월 16일 19시,금요일,서울특별시 서초구 서초동,중상사고,0,1,0,0,차대사람 - 보도통행중,안전운전불이행,포장 - 건조,맑음,단일로 - 기타,이륜,남,25세,상해없음,보행자,여,26세,중상
1995,2021041600100506,2021년 4월 16일 21시,금요일,서울특별시 중랑구 중화동,중상사고,0,1,0,0,차대사람 - 기타,중앙선침범,포장 - 건조,맑음,교차로 - 교차로안,승용,여,71세,상해없음,보행자,여,28세,중상
1996,2021041600100543,2021년 4월 16일 22시,금요일,서울특별시 강남구 대치동,경상사고,0,0,1,0,차대사람 - 횡단중,보행자보호의무위반,포장 - 건조,맑음,단일로 - 기타,승용,남,50세,상해없음,보행자,여,41세,경상
1997,2021041600100576,2021년 4월 16일 23시,금요일,서울특별시 마포구 서교동,중상사고,0,1,0,0,차대사람 - 보도통행중,보행자보호의무위반,포장 - 건조,맑음,교차로 - 교차로횡단보도내,승용,남,61세,상해없음,보행자,남,32세,중상
1998,2021041700100002,2021년 4월 17일 00시,토요일,서울특별시 노원구 상계동,중상사고,0,1,3,0,차대사람 - 차도통행중,안전운전불이행,포장 - 건조,맑음,기타 - 기타,승용,남,34세,상해없음,보행자,남,40세,중상
1999,2021041700100062,2021년 4월 17일 07시,토요일,서울특별시 성북구 종암동,경상사고,0,0,1,0,차대사람 - 기타,안전운전불이행,포장 - 건조,맑음,단일로 - 기타,승용,남,31세,상해없음,보행자,남,78세,경상
2000,2021041700100079,2021년 4월 17일 08시,토요일,서울특별시 노원구 상계동,중상사고,0,1,0,0,차대사람 - 횡단중,안전운전불이행,포장 - 건조,맑음,단일로 - 기타,화물,남,41세,상해없음,보행자,여,78세,중상
2001,2021041700100096,2021년 4월 17일 09시,토요일,서울특별시 중랑구 면목동,중상사고,0,1,0,0,차대사람 - 보도통행중,신호위반,포장 - 건조,맑음,교차로 - 교차로안,승용,남,75세,상해없음,보행자,여,45세,중상
2002,2021041700100125,2021년 4월 17일 10시,토요일,서울특별시 성동구 성수동2가,중상사고,0,1,0,0,차대사람 - 기타,안전운전불이행,포장 - 건조,맑음,기타 - 기타,승용,남,52세,상해없음,보행자,여,24세,중상
2003,2021041700100195,2021년 4월 17일 12시,토요일,서울특별시 강서구 화곡동,경상사고,0,0,1,0,차대사람 - 기타,안전운전불이행,포장 - 건조,맑음,단일로 - 기타,승용,남,27세,상해없음,보행자,남,41세,경상
2004,2021041700100198,2021년 4월 17일 12시,토요일,서울특별시 도봉구 방학동,중상사고,0,1,0,0,차대사람 - 기타,안전운전불이행,포장 - 건조,맑음,단일로 - 기타,이륜,남,64세,상해없음,보행자,여,62세,중상
2005,2021041700100226,2021년 4월 17일 13시,토요일,서울특별시 동작구 신대방동,경상사고,0,0,1,0,차대사람 - 횡단중,안전운전불이행,포장 - 건조,맑음,교차로 - 교차로안,승용,남,49세,상해없음,보행자,여,31세,경상
2006,2021041700100228,2021년 4월 17일 13시,토요일,서울특별시 관악구 신림동,중상사고,0,1,0,0,차대사람 - 횡단중,보행자보호의무위반,포장 - 건조,맑음,교차로 - 교차로부근,승용,남,57세,상해없음,보행자,여,57세,중상
2007,2021041700100229,2021년 4월 17일 13시,토요일,서울특별시 송파구 거여동,경상사고,0,0,1,0,차대사람 - 기타,안전운전불이행,포장 - 건조,맑음,단일로 - 기타,승용,남,70세,상해없음,보행자,남,42세,경상
2008,2021041700100231,2021년 4월 17일 13시,토요일,서울특별시 성북구 상월곡동,중상사고,0,1,0,0,차대사람 - 보도통행중,기타,포장 - 건조,맑음,단일로 - 기타,개인형이동수단(PM),남,24세,상해없음,보행자,남,29세,중상
2009,2021041700100275,2021년 4월 17일 14시,토요일,서울특별시 송파구 마천동,중상사고,0,1,0,0,차대사람 - 기타,안전운전불이행,포장 - 건조,맑음,교차로 - 교차로안,승용,남,49세,상해없음,보행자,여,72세,중상
2010,2021041700100320,2021년 4월 17일 15시,토요일,서울특별시 관악구 신림동,경상사고,0,0,2,0,차대사람 - 기타,안전운전불이행,포장 - 건조,맑음,단일로 - 기타,승용,여,49세,상해없음,보행자,여,8세,경상
2011,2021041700100368,2021년 4월 17일 16시,토요일,서울특별시 영등포구 양평동6가,경상사고,0,0,1,0,차대사람 - 기타,안전운전불이행,포장 - 건조,맑음,단일로 - 기타,자전거,남,48세,상해없음,보행자,여,60세,경상
2012,2021041700100371,2021년 4월 17일 16시,토요일,서울특별시 양천구 신정동,경상사고,0,0,1,0,차대사람 - 횡단중,안전운전불이행,포장 - 건조,맑음,교차로 - 교차로횡단보도내,승용,여,39세,상해없음,보행자,남,63세,경상
2013,2021041700100405,2021년 4월 17일 17시,토요일,서울특별시 관악구 봉천동,중상사고,0,1,0,0,차대사람 - 횡단중,안전운전불이행,포장 - 건조,맑음,단일로 - 기타,이륜,남,21세,상해없음,보행자,여,71세,중상
2014,2021041700100406,2021년 4월 17일 17시,토요일,서울특별시 강서구 화곡동,중상사고,0,1,0,0,차대사람 - 기타,안전운전불이행,포장 - 건조,맑음,교차로 - 교차로안,승용,남,58세,상해없음,보행자,남,61세,중상
2015,2021041700100446,2021년 4월 17일 18시,토요일,서울특별시 용산구 용산동2가,경상사고,0,0,1,0,차대사람 - 횡단중,안전운전불이행,포장 - 건조,맑음,단일로 - 기타,승합,남,57세,상해없음,보행자,남,25세,경상
2016,2021041700100479,2021년 4월 17일 19시,토요일,서울특별시 금천구 독산동,부상신고사고,0,0,0,1,차대사람 - 기타,안전운전불이행,포장 - 건조,맑음,단일로 - 기타,이륜,남,61세,상해없음,보행자,남,46세,부상신고
2017,2021041700100513,2021년 4월 17일 20시,토요일,서울특별시 동작구 신대방동,경상사고,0,0,2,0,차대사람 - 보도통행중,기타,포장 - 건조,맑음,단일로 - 기타,이륜,남,29세,경상,보행자,여,69세,경상
2018,2021041700100537,2021년 4월 17일 21시,토요일,서울특별시 송파구 잠실동,경상사고,0,0,1,0,차대사람 - 기타,안전운전불이행,포장 - 건조,맑음,단일로 - 기타,승용,남,61세,상해없음,보행자,여,55세,경상
2019,2021041800100035,2021년 4월 18일 05시,일요일,서울특별시 중랑구 망우동,중상사고,0,1,0,0,차대사람 - 횡단중,안전운전불이행,포장 - 건조,맑음,교차로 - 교차로안,승합,남,48세,상해없음,보행자,남,43세,중상
2020,2021041800100136,2021년 4월 18일 13시,일요일,서울특별시 용산구 이태원동,중상사고,0,1,0,0,차대사람 - 횡단중,안전운전불이행,포장 - 건조,맑음,단일로 - 기타,승용,남,47세,상해없음,보행자,여,77세,중상
2021,2021041800100137,2021년 4월 18일 13시,일요일,서울특별시 마포구 망원동,경상사고,0,0,1,0,차대사람 - 기타,안전운전불이행,포장 - 건조,맑음,단일로 - 기타,승용,여,25세,상해없음,보행자,여,29세,경상
2022,2021041800100224,2021년 4월 18일 16시,일요일,서울특별시 용산구 문배동,경상사고,0,0,1,0,차대사람 - 횡단중,신호위반,포장 - 건조,맑음,교차로 - 교차로부근,승용,남,59세,기타불명,보행자,여,21세,경상
2023,2021041800100229,2021년 4월 18일 16시,일요일,서울특별시 구로구 가리봉동,경상사고,0,0,1,0,차대사람 - 차도통행중,안전운전불이행,포장 - 건조,맑음,단일로 - 기타,승용,남,24세,상해없음,보행자,남,51세,경상
2024,2021041800100230,2021년 4월 18일 16시,일요일,서울특별시 구로구 천왕동,경상사고,0,0,1,0,차대사람 - 기타,안전운전불이행,포장 - 건조,맑음,단일로 - 교량,이륜,남,22세,상해없음,보행자,여,79세,경상
2025,2021041800100288,2021년 4월 18일 18시,일요일,서울특별시 강남구 압구정동,부상신고사고,0,0,0,1,차대사람 - 기타,안전운전불이행,포장 - 건조,맑음,기타 - 기타,자전거,여,39세,상해없음,보행자,남,33세,부상신고
2026,2021041800100289,2021년 4월 18일 18시,일요일,서울특별시 강서구 화곡동,중상사고,0,1,0,0,차대사람 - 보도통행중,안전운전불이행,포장 - 건조,맑음,단일로 - 기타,승용,남,49세,상해없음,보행자,남,55세,중상
2027,2021041800100395,2021년 4월 18일 22시,일요일,서울특별시 서대문구 창천동,경상사고,0,0,1,2,차대사람 - 기타,신호위반,포장 - 건조,맑음,단일로 - 기타,이륜,남,16세,부상신고,보행자,여,24세,경상
2028,2021041800100397,2021년 4월 18일 22시,일요일,서울특별시 강남구 수서동,중상사고,0,1,0,0,차대사람 - 횡단중,보행자보호의무위반,포장 - 건조,맑음,단일로 - 기타,승용,남,42세,상해없음,보행자,남,59세,중상
2029,2021041900100010,2021년 4월 19일 02시,월요일,서울특별시 서초구 방배동,경상사고,0,0,1,0,차대사람 - 횡단중,보행자보호의무위반,포장 - 건조,맑음,기타 - 기타,기타불명,기타불명,미분류,기타불명,보행자,남,21세,경상