,사고번호,사고일시,요일,시군구,사고내용,사망자수,중상자수,경상자수,부상신고자수,사고유형,법규위반,노면상태,기상상태,도로형태,가해운전자 차종,가해운전자 성별,가해운전자 연령,가해운전자 상해정도,피해운전자 차종,피해운전자 성별,피해운전자 연령,피해운전자 상해정도
2142,2021042300100264,2021년 4월 23일 13시,금요일,서울특별시 강남구 청담동,경상사고,0,0,1,0,차대사람 - 기타,기타,포장 - 건조,맑음,단일로 - 기타,승용,남,71세,상해없음,보행자,여,25세,경상
2143,2021042300100335,2021년 4월 23일 15시,금요일,서울특별시 용산구 동자동,중상사고,0,1,0,0,차대사람 - 횡단중,안전운전불이행,포장 - 건조,맑음,단일로 - 기타,승합,남,55세,상해없음,보행자,남,59세,중상
2144,2021042300100342,2021년 4월 23일 15시,금요일,서울특별시 노원구 공릉동,경상사고,0,0,1,0,차대사람 - 기타,안전운전불이행,포장 - 건조,맑음,기타 - 기타,이륜,남,19세,상해없음,보행자,여,93세,경상
2145,2021042300100343,2021년 4월 23일 15시,금요일,서울특별시 도봉구 도봉동,중상사고,0,1,0,0,차대사람 - 차도통행중,안전운전불이행,포장 - 기타,맑음,단일로 - 기타,승용,여,32세,상해없음,보행자,남,71세,중상
2146,2021042300100419,2021년 4월 23일 17시,금요일,서울특별시 서대문구 북가좌동,경상사고,0,0,1,0,차대사람 - 횡단중,신호위반,포장 - 건조,맑음,단일로 - 기타,승용,남,68세,상해없음,보행자,남,14세,경상
2147,2021042300100421,2021년 4월 23일 17시,금요일,서울특별시 금천구 독산동,경상사고,0,0,1,0,차대사람 - 기타,안전운전불이행,포장 - 건조,맑음,단일로 - 기타,승용,여,37세,상해없음,보행자,여,31세,경상
2148,2021042300100423,2021년 4월 23일 17시,금요일,서울특별시 강서구 화곡동,경상사고,0,0,1,0,차대사람 - 길가장자리구역통행중,안전운전불이행,포장 - 건조,맑음,단일로 - 기타,개인형이동수단(PM),기타불명,미분류,기타불명,보행자,여,25세,경상
2149,2021042300100425,2021년 4월 23일 17시,금요일,서울특별시 은평구 구산동,부상신고사고,0,0,0,1,차대사람 - 보도통행중,안전운전불이행,포장 - 건조,흐림,단일로 - 기타,승용,남,64세,상해없음,보행자,여,37세,부상신고
2150,2021042300100459,2021년 4월 23일 18시,금요일,서울특별시 양천구 신정동,경상사고,0,0,1,0,차대사람 - 차도통행중,안전운전불이행,포장 - 건조,맑음,교차로 - 교차로안,승용,여,34세,상해없음,보행자,여,61세,경상
2151,2021042300100461,2021년 4월 23일 18시,금요일,서울특별시 은평구 갈현동,중상사고,0,1,0,0,차대사람 - 기타,안전운전불이행,포장 - 건조,맑음,기타 - 기타,승용,남,34세,상해없음,보행자,여,46세,중상
2152,2021042300100509,2021년 4월 23일 19시,금요일,서울특별시 강서구 염창동,중상사고,0,1,0,0,차대사람 - 횡단중,보행자보호의무위반,포장 - 건조,맑음,교차로 - 교차로안,승용,여,25세,상해없음,보행자,여,51세,중상
2153,2021042300100511,2021년 4월 23일 19시,금요일,서울특별시 성북구 장위동,경상사고,0,0,1,0,차대사람 - 차도통행중,안전운전불이행,포장 - 건조,맑음,단일로 - 기타,화물,남,51세,상해없음,보행자,여,19세,경상
2154,2021042300100586,2021년 4월 23일 21시,금요일,서울특별시 관악구 봉천동,경상사고,0,0,1,0,차대사람 - 보도통행중,기타,포장 - 건조,맑음,교차로 - 교차로안,승합,남,55세,상해없음,보행자,남,40세,경상
2155,2021042300100591,2021년 4월 23일 21시,금요일,서울특별시 양천구 신월동,경상사고,0,0,1,0,차대사람 - 길가장자리구역통행중,안전운전불이행,포장 - 건조,맑음,단일로 - 기타,승용,남,46세,상해없음,보행자,여,17세,경상
2156,2021042300100605,2021년 4월 23일 22시,금요일,서울특별시 마포구 서교동,경상사고,0,0,1,0,차대사람 - 기타,안전운전불이행,포장 - 건조,맑음,단일로 - 기타,승용,남,23세,상해없음,보행자,남,30세,경상
2157,2021042300100606,2021년 4월 23일 22시,금요일,서울특별시 송파구 방이동,경상사고,0,0,1,0,차대사람 - 횡단중,보행자보호의무위반,포장 - 건조,맑음,교차로 - 교차로횡단보도내,승용,남,59세,상해없음,보행자,남,54세,경상
2158,2021042300100638,2021년 4월 23일 23시,금요일,서울특별시 중구 신당동,중상사고,0,1,0,0,차대사람 - 횡단중,안전운전불이행,포장 - 건조,맑음,단일로 - 기타,승용,남,37세,상해없음,보행자,여,64세,중상
2159,2021042300100642,2021년 4월 23일 23시,금요일,서울특별시 성동구 도선동,중상사고,0,1,0,0,차대사람 - 횡단중,보행자보호의무위반,포장 - 건조,맑음,교차로 - 교차로안,승용,남,64세,상해없음,보행자,여,27세,중상
2160,2021042400100076,2021년 4월 24일 08시,토요일,서울특별시 동작구 흑석동,경상사고,0,0,1,0,차대사람 - 횡단중,안전운전불이행,포장 - 건조,맑음,교차로 - 교차로부근,승용,남,53세,상해없음,보행자,남,52세,경상
2161,2021042400100092,2021년 4월 24일 09시,토요일,서울특별시 송파구 방이동,중상사고,0,1,0,0,차대사람 - 보도통행중,기타,포장 - 건조,맑음,단일로 - 기타,개인형이동수단(PM),여,38세,상해없음,보행자,남,34세,중상
2162,2021042400100152,2021년 4월 24일 11시,토요일,서울특별시 강동구 천호동,중상사고,0,1,0,0,차대사람 - 횡단중,보행자보호의무위반,포장 - 건조,맑음,교차로 - 교차로안,승용,남,40세,상해없음,보행자,여,67세,중상
2163,2021042400100156,2021년 4월 24일 11시,토요일,서울특별시 강남구 수서동,중상사고,0,1,0,0,차대사람 - 기타,안전운전불이행,포장 - 건조,맑음,단일로 - 기타,자전거,남,13세,기타불명,보행자,남,67세,중상
2164,2021042400100193,2021년 4월 24일 12시,토요일,서울특별시 중랑구 중화동,사망사고,1,0,0,0,차대사람 - 횡단중,안전운전불이행,포장 - 건조,맑음,단일로 - 기타,건설기계,남,51세,상해없음,보행자,여,84세,사망
2165,2021042400100305,2021년 4월 24일 15시,토요일,서울특별시 강북구 번동,경상사고,0,0,1,0,차대사람 - 횡단중,중앙선침범,포장 - 건조,맑음,교차로 - 교차로부근,승합,남,53세,상해없음,보행자,여,43세,경상
2166,2021042400100306,2021년 4월 24일 15시,토요일,서울특별시 동대문구 용두동,중상사고,0,1,0,0,차대사람 - 횡단중,신호위반,포장 - 건조,맑음,교차로 - 교차로횡단보도내,자전거,남,35세,상해없음,보행자,여,60세,중상
2167,2021042400100313,2021년 4월 24일 15시,토요일,서울특별시 도봉구 쌍문동,부상신고사고,0,0,0,1,차대사람 - 보도통행중,안전운전불이행,포장 - 건조,맑음,단일로 - 기타,자전거,남,30세,상해없음,보행자,남,1세,부상신고
2168,2021042400100348,2021년 4월 24일 16시,토요일,서울특별시 성북구 삼선동4가,경상사고,0,0,1,0,차대사람 - 기타,안전운전불이행,포장 - 건조,맑음,단일로 - 기타,개인형이동수단(PM),남,18세,상해없음,보행자,남,28세,경상
2169,2021042400100351,2021년 4월 24일 16시,토요일,서울특별시 송파구 석촌동,경상사고,0,0,1,0,차대사람 - 횡단중,보행자보호의무위반,포장 - 건조,맑음,교차로 - 교차로횡단보도내,승용,남,54세,상해없음,보행자,여,65세,경상
2170,2021042400100425,2021년 4월 24일 18시,토요일,서울특별시 은평구 신사동,중상사고,0,1,0,0,차대사람 - 기타,안전운전불이행,포장 - 건조,맑음,교차로 - 교차로부근,승용,남,55세,상해없음,보행자,여,77세,중상
2171,2021042400100432,2021년 4월 24일 18시,토요일,서울특별시 도봉구 쌍문동,경상사고,0,0,1,0,차대사람 - 차도통행중,안전운전불이행,포장 - 기타,맑음,교차로 - 교차로안,자전거,남,12세,상해없음,보행자,여,53세,경상
2172,2021042400100467,2021년 4월 24일 19시,토요일,서울특별시 마포구 대흥동,경상사고,0,0,1,0,차대사람 - 기타,안전운전불이행,포장 - 건조,맑음,교차로 - 교차로안,개인형이동수단(PM),남,15세,상해없음,보행자,여,66세,경상
2173,2021042400100550,2021년 4월 24일 21시,토요일,서울특별시 금천구 독산동,중상사고,0,1,0,0,차대사람 - 길가장자리구역통행중,안전운전불이행,포장 - 건조,맑음,단일로 - 기타,승용,여,50세,상해없음,보행자,남,69세,중상
2174,2021042400100552,2021년 4월 24일 21시,토요일,서울특별시 강남구 역삼동,경상사고,0,0,2,0,차대사람 - 기타,안전운전불이행,포장 - 건조,맑음,단일로 - 기타,개인형이동수단(PM),남,42세,기타불명,보행자,여,22세,경상
2175,2021042400100553,2021년 4월 24일 21시,토요일,서울특별시 강남구 논현동,경상사고,0,0,1,0,차대사람 - 길가장자리구역통행중,안전운전불이행,포장 - 건조,맑음,단일로 - 기타,승용,남,50세,기타불명,보행자,남,53세,경상
2176,2021042400100554,2021년 4월 24일 21시,토요일,서울특별시 강남구 논현동,중상사고,0,1,0,0,차대사람 - 기타,안전운전불이행,포장 - 건조,맑음,단일로 - 기타,승용,남,46세,기타불명,보행자,남,46세,중상
2177,2021042400100559,2021년 4월 24일 21시,토요일,서울특별시 노원구 상계동,경상사고,0,0,1,0,차대사람 - 보도통행중,기타,포장 - 건조,맑음,기타 - 기타,자전거,남,82세,상해없음,보행자,남,22세,경상
2178,2021042400100577,2021년 4월 24일 22시,토요일,서울특별시 중랑구 묵동,경상사고,0,0,1,0,차대사람 - 기타,기타,포장 - 건조,기타,단일로 - 기타,이륜,남,25세,상해없음,보행자,남,57세,경상
2179,2021042400100579,2021년 4월 24일 22시,토요일,서울특별시 강남구 신사동,경상사고,0,0,1,0,차대사람 - 기타,안전운전불이행,포장 - 건조,맑음,단일로 - 기타,승용,남,25세,상해없음,보행자,남,25세,경상
2180,2021042400100580,2021년 4월 24일 22시,토요일,서울특별시 강남구 역삼동,경상사고,0,0,1,0,차대사람 - 차도통행중,안전운전불이행,포장 - 건조,맑음,단일로 - 기타,승용,여,45세,상해없음,보행자,남,28세,경상
2181,2021042500100032,2021년 4월 25일 04시,일요일,서울특별시 관악구 신림동,사망사고,1,0,2,0,차대사람 - 횡단중,과속,포장 - 건조,맑음,단일로 - 기타,승용,남,58세,상해없음,보행자,남,33세,사망
2182,2021042500100100,2021년 4월 25일 11시,일요일,서울특별시 광진구 중곡동,경상사고,0,0,1,0,차대사람 - 차도통행중,안전운전불이행,포장 - 건조,맑음,단일로 - 기타,승용,여,35세,상해없음,보행자,남,65세,경상
2183,2021042500100135,2021년 4월 25일 12시,일요일,서울특별시 성동구 사근동,중상사고,0,1,0,0,차대사람 - 기타,안전운전불이행,포장 - 건조,맑음,단일로 - 기타,자전거,남,45세,상해없음,보행자,여,71세,중상
2184,2021042500100140,2021년 4월 25일 12시,일요일,서울특별시 은평구 불광동,중상사고,0,1,0,0,차대사람 - 보도통행중,기타,포장 - 건조,맑음,단일로 - 기타,자전거,남,13세,상해없음,보행자,여,73세,중상
2185,2021042500100213,2021년 4월 25일 14시,일요일,서울특별시 강서구 등촌동,중상사고,0,1,0,0,차대사람 - 기타,안전운전불이행,포장 - 건조,맑음,교차로 - 교차로부근,승용,여,59세,상해없음,보행자,여,49세,중상
2186,2021042500100259,2021년 4월 25일 15시,일요일,서울특별시 양천구 목동,중상사고,0,1,0,0,차대사람 - 횡단중,안전운전불이행,포장 - 건조,맑음,기타 - 기타,자전거,남,56세,상해없음,보행자,여,58세,중상
2187,2021042500100294,2021년 4월 25일 16시,일요일,서울특별시 송파구 석촌동,경상사고,0,0,1,0,차대사람 - 기타,보행자보호의무위반,포장 - 건조,맑음,교차로 - 교차로횡단보도내,승용,여,56세,상해없음,보행자,남,52세,경상
2188,2021042500100333,2021년 4월 25일 17시,일요일,서울특별시 중랑구 신내동,중상사고,0,1,0,0,차대사람 - 차도통행중,안전운전불이행,포장 - 건조,맑음,기타 - 기타,승용,여,36세,상해없음,보행자,여,62세,중상
2189,2021042500100454,2021년 4월 25일 21시,일요일,서울특별시 서초구 방배동,경상사고,0,0,1,0,차대사람 - 기타,안전운전불이행,포장 - 건조,맑음,기타 - 기타,승합,남,60세,상해없음,보행자,남,76세,경상
2190,2021042600100040,2021년 4월 26일 07시,월요일,서울특별시 노원구 공릉동,사망사고,1,0,0,0,차대사람 - 차도통행중,안전운전불이행,포장 - 건조,맑음,단일로 - 기타,화물,남,60세,상해없음,보행자,여,73세,사망
2191,2021042600100073,2021년 4월 26일 08시,월요일,서울특별시 동대문구 답십리동,중상사고,0,1,0,0,차대사람 - 기타,안전운전불이행,포장 - 건조,맑음,교차로 - 교차로부근,승용,여,28세,상해없음,보행자,여,37세,중상
2192,2021042600100075,2021년 4월 26일 08시,월요일,서울특별시 도봉구 창동,부상신고사고,0,0,0,1,차대사람 - 기타,안전운전불이행,포장 - 건조,맑음,교차로 - 교차로안,승용,남,74세,상해없음,보행자,여,14세,부상신고
2193,2021042600100126,2021년 4월 26일 09시,월요일,서울특별시 광진구 중곡동,경상사고,0,0,1,0,차대사람 - 기타,안전운전불이행,포장 - 건조,맑음,단일로 - 기타,승용,남,41세,상해없음,보행자,여,50세,경상
2194,2021042600100128,2021년 4월 26일 09시,월요일,서울특별시 강서구 방화동,사망사고,1,0,0,0,차대사람 - 보도통행중,보행자보호의무위반,포장 - 건조,맑음,교차로 - 교차로부근,화물,남,35세,상해없음,보행자,여,77세,사망
2195,2021042600100132,2021년 4월 26일 09시,월요일,서울특별시 서초구 방배동,부상신고사고,0,0,0,1,차대사람 - 기타,안전운전불이행,포장 - 건조,맑음,기타 - 기타,승용,여,66세,상해없음,보행자,남,19세,부상신고
2196,2021042600100159,2021년 4월 26일 10시,월요일,서울특별시 강북구 미아동,경상사고,0,0,1,0,차대사람 - 기타,안전운전불이행,포장 - 건조,맑음,단일로 - 기타,자전거,남,59세,상해없음,보행자,남,24세,경상
2197,2021042600100196,2021년 4월 26일 11시,월요일,서울특별시 광진구 자양동,중상사고,0,1,0,0,차대사람 - 횡단중,신호위반,포장 - 건조,맑음,교차로 - 교차로횡단보도내,이륜,남,24세,상해없음,보행자,여,35세,중상
2198,2021042600100198,2021년 4월 26일 11시,월요일,서울특별시 동작구 노량진동,경상사고,0,0,1,0,차대사람 - 기타,안전운전불이행,포장 - 건조,맑음,단일로 - 기타,승용,여,38세,상해없음,보행자,여,69세,경상
2199,2021042600100253,2021년 4월 26일 13시,월요일,서울특별시 강서구 화곡동,중상사고,0,1,0,0,차대사람 - 기타,안전운전불이행,포장 - 건조,맑음,단일로 - 기타,화물,남,54세,상해없음,보행자,여,74세,중상
2200,2021042600100420,2021년 4월 26일 17시,월요일,서울특별시 구로구 구로동,경상사고,0,0,1,0,차대사람 - 차도통행중,안전운전불이행,포장 - 건조,맑음,단일로 - 기타,승용,남,76세,상해없음,보행자,남,76세,경상
2201,2021042600100423,2021년 4월 26일 17시,월요일,서울특별시 양천구 신정동,경상사고,0,0,1,0,차대사람 - 횡단중,보행자보호의무위반,포장 - 건조,맑음,교차로 - 교차로횡단보도내,승용,남,43세,상해없음,보행자,남,12세,경상
2202,2021042600100425,2021년 4월 26일 17시,월요일,서울특별시 강남구 대치동,부상신고사고,0,0,0,1,차대사람 - 기타,안전운전불이행,포장 - 건조,맑음,단일로 - 기타,승용,남,33세,상해없음,보행자,여,27세,부상신고
2203,2021042600100535,2021년 4월 26일 20시,월요일,서울특별시 성북구 삼선동5가,중상사고,0,1,0,0,차대사람 - 차도통행중,안전운전불이행,포장 - 건조,맑음,교차로 - 교차로안,승용,남,34세,상해없음,보행자,여,74세,중상
2204,2021042600100541,2021년 4월 26일 20시,월요일,서울특별시 노원구 중계동,경상사고,0,0,1,0,차대사람 - 횡단중,안전운전불이행,포장 - 건조,맑음,교차로 - 교차로횡단보도내,승용,남,64세,상해없음,보행자,여,11세,경상
2205,2021042600100563,2021년 4월 26일 21시,월요일,서울특별시 광진구 구의동,경상사고,0,0,1,0,차대사람 - 기타,중앙선침범,포장 - 건조,맑음,단일로 - 기타,승용,여,44세,상해없음,보행자,여,49세,경상
2206,2021042700100059,2021년 4월 27일 08시,화요일,서울특별시 영등포구 신길동,중상사고,0,1,0,0,차대사람 - 보도통행중,기타,포장 - 건조,맑음,기타 - 기타,자전거,남,25세,상해없음,보행자,남,39세,중상
2207,2021042700100060,2021년 4월 27일 08시,화요일,서울특별시 동작구 상도동,부상신고사고,0,0,0,1,차대사람 - 보도통행중,안전운전불이행,포장 - 건조,맑음,단일로 - 기타,승용,남,52세,기타불명,보행자,여,23세,부상신고
2208,2021042700100129,2021년 4월 27일 10시,화요일,서울특별시 중구 쌍림동,경상사고,0,0,1,0,차대사람 - 차도통행중,보행자보호의무위반,포장 - 건조,맑음,단일로 - 기타,승용,남,74세,상해없음,보행자,남,55세,경상
2209,2021042700100157,2021년 4월 27일 11시,화요일,서울특별시 동대문구 신설동,중상사고,0,1,0,0,차대사람 - 기타,안전운전불이행,포장 - 건조,맑음,단일로 - 기타,화물,남,63세,상해없음,보행자,남,30세,중상
2210,2021042700100158,2021년 4월 27일 11시,화요일,서울특별시 성동구 성수동2가,경상사고,0,0,1,0,차대사람 - 보도통행중,안전운전불이행,포장 - 건조,맑음,단일로 - 기타,승용,남,65세,상해없음,보행자,남,64세,경상
2211,2021042700100160,2021년 4월 27일 11시,화요일,서울특별시 도봉구 창동,중상사고,0,1,0,0,차대사람 - 횡단중,안전운전불이행,포장 - 건조,맑음,교차로 - 교차로횡단보도내,승합,남,60세,상해없음,보행자,여,72세,중상
2212,2021042700100189,2021년 4월 27일 12시,화요일,서울특별시 강남구 신사동,경상사고,0,0,1,0,차대사람 - 기타,안전운전불이행,포장 - 건조,맑음,단일로 - 기타,승용,남,69세,상해없음,보행자,남,37세,경상
2213,2021042700100191,2021년 4월 27일 12시,화요일,서울특별시 서초구 서초동,경상사고,0,0,1,0,차대사람 - 기타,안전운전불이행,포장 - 건조,맑음,단일로 - 기타,승용,여,46세,상해없음,보행자,남,28세,경상
2214,2021042700100193,2021년 4월 27일 12시,화요일,서울특별시 양천구 목동,중상사고,0,1,0,0,차대사람 - 기타,기타,포장 - 건조,맑음,기타 - 기타,승용,남,65세,상해없음,보행자,여,76세,중상
2215,2021042700100228,2021년 4월 27일 13시,화요일,서울특별시 종로구 당주동,중상사고,0,1,0,0,차대사람 - 차도통행중,안전운전불이행,포장 - 건조,맑음,단일로 - 기타,건설기계,남,63세,기타불명,보행자,여,24세,중상
2216,2021042700100260,2021년 4월 27일 14시,화요일,서울특별시 송파구 풍납동,부상신고사고,0,0,0,1,차대사람 - 기타,기타,포장 - 건조,맑음,단일로 - 기타,기타불명,기타불명,미분류,기타불명,보행자,여,40세,부상신고
2217,2021042700100288,2021년 4월 27일 15시,화요일,서울특별시 용산구 남영동,중상사고,0,1,0,0,차대사람 - 기타,안전운전불이행,포장 - 건조,맑음,미분류 - 미분류,승용,여,29세,상해없음,보행자,남,37세,중상
2218,2021042700100289,2021년 4월 27일 15시,화요일,서울특별시 용산구 동빙고동,경상사고,0,0,1,0,차대사람 - 기타,안전운전불이행,포장 - 건조,맑음,기타 - 기타,화물,남,57세,상해없음,보행자,여,7세,경상
2219,2021042700100290,2021년 4월 27일 15시,화요일,서울특별시 성북구 길음동,중상사고,0,1,0,0,차대사람 - 기타,안전운전불이행,포장 - 건조,맑음,단일로 - 기타,승합,남,66세,상해없음,보행자,여,84세,중상
2220,2021042700100291,2021년 4월 27일 15시,화요일,서울특별시 금천구 시흥동,경상사고,0,0,1,0,차대사람 - 기타,안전운전불이행,포장 - 젖음/습기,흐림,단일로 - 기타,이륜,남,69세,상해없음,보행자,남,59세,경상
2221,2021042700100292,2021년 4월 27일 15시,화요일,서울특별시 금천구 가산동,중상사고,0,1,0,0,차대사람 - 횡단중,보행자보호의무위반,포장 - 건조,맑음,교차로 - 교차로부근,승용,남,67세,상해없음,보행자,여,73세,중상
2222,2021042700100293,2021년 4월 27일 15시,화요일,서울특별시 관악구 봉천동,중상사고,0,1,0,0,차대사람 - 차도통행중,보행자보호의무위반,포장 - 건조,맑음,교차로 - 교차로안,화물,남,36세,상해없음,보행자,여,73세,중상
2223,2021042700100365,2021년 4월 27일 17시,화요일,서울특별시 강남구 역삼동,경상사고,0,0,1,0,차대사람 - 기타,안전운전불이행,포장 - 젖음/습기,흐림,단일로 - 기타,승용,남,59세,상해없음,보행자,남,65세,경상
2224,2021042700100409,2021년 4월 27일 18시,화요일,서울특별시 강남구 역삼동,경상사고,0,0,1,0,차대사람 - 횡단중,안전운전불이행,포장 - 건조,맑음,단일로 - 기타,승용,여,27세,상해없음,보행자,여,27세,경상
2225,2021042700100490,2021년 4월 27일 20시,화요일,서울특별시 영등포구 당산동,경상사고,0,0,2,0,차대사람 - 기타,안전운전불이행,포장 - 건조,맑음,단일로 - 기타,자전거,여,22세,경상,보행자,남,49세,경상
2226,2021042700100492,2021년 4월 27일 20시,화요일,서울특별시 도봉구 방학동,중상사고,0,1,1,0,차대사람 - 횡단중,보행자보호의무위반,포장 - 건조,맑음,교차로 - 교차로부근,승용,남,72세,상해없음,보행자,남,74세,경상
2227,2021042700100526,2021년 4월 27일 21시,화요일,서울특별시 영등포구 영등포동5가,중상사고,0,1,0,0,차대사람 - 기타,안전운전불이행,포장 - 건조,맑음,교차로 - 교차로부근,화물,남,61세,상해없음,보행자,남,53세,중상
2228,2021042700100551,2021년 4월 27일 22시,화요일,서울특별시 동작구 흑석동,경상사고,0,0,2,0,차대사람 - 횡단중,보행자보호의무위반,포장 - 건조,맑음,교차로 - 교차로횡단보도내,승용,남,26세,상해없음,보행자,여,21세,경상
2229,2021042700100553,2021년 4월 27일 22시,화요일,서울특별시 노원구 공릉동,중상사고,0,1,0,0,차대사람 - 횡단중,보행자보호의무위반,포장 - 건조,기타,교차로 - 교차로횡단보도내,화물,남,47세,상해없음,보행자,남,33세,중상
2230,2021042700100575,2021년 4월 27일 23시,화요일,서울특별시 서초구 서초동,경상사고,0,0,1,0,차대사람 - 기타,안전운전불이행,포장 - 젖음/습기,비,단일로 - 기타,승용,남,40세,상해없음,보행자,여,24세,경상
2231,2021042700100576,2021년 4월 27일 23시,화요일,서울특별시 서초구 반포동,경상사고,0,0,1,0,차대사람 - 기타,안전운전불이행,포장 - 건조,맑음,기타 - 기타,승용,남,53세,상해없음,보행자,남,28세,경상
2232,2021042800100002,2021년 4월 28일 00시,수요일,서울특별시 영등포구 도림동,중상사고,0,1,0,0,차대사람 - 횡단중,신호위반,포장 - 젖음/습기,흐림,교차로 - 교차로안,이륜,남,27세,상해없음,보행자,여,46세,중상
2233,2021042800100024,2021년 4월 28일 03시,수요일,서울특별시 강동구 둔촌동,사망사고,1,0,0,0,차대사람 - 횡단중,과속,포장 - 젖음/습기,흐림,교차로 - 교차로횡단보도내,승용,남,52세,상해없음,보행자,여,27세,사망
2234,2021042800100026,2021년 4월 28일 04시,수요일,서울특별시 강동구 암사동,중상사고,0,1,0,0,차대사람 - 차도통행중,안전운전불이행,포장 - 젖음/습기,흐림,단일로 - 기타,승용,남,61세,상해없음,보행자,남,68세,중상
2235,2021042800100031,2021년 4월 28일 05시,수요일,서울특별시 은평구 증산동,경상사고,0,0,1,0,차대사람 - 기타,안전운전불이행,포장 - 건조,맑음,교차로 - 교차로부근,승용,남,32세,상해없음,보행자,남,26세,경상
2236,2021042800100054,2021년 4월 28일 07시,수요일,서울특별시 금천구 시흥동,경상사고,0,0,1,0,차대사람 - 기타,안전운전불이행,포장 - 건조,맑음,단일로 - 기타,승용,남,73세,상해없음,보행자,남,16세,경상
2237,2021042800100055,2021년 4월 28일 07시,수요일,서울특별시 양천구 신정동,경상사고,0,0,1,0,차대사람 - 기타,안전운전불이행,포장 - 건조,맑음,단일로 - 기타,승용,여,50세,상해없음,보행자,여,23세,경상
2238,2021042800100073,2021년 4월 28일 08시,수요일,서울특별시 성동구 용답동,경상사고,0,0,1,0,차대사람 - 기타,안전운전불이행,포장 - 건조,맑음,기타 - 기타,개인형이동수단(PM),여,40세,상해없음,보행자,남,21세,경상
2239,2021042800100149,2021년 4월 28일 10시,수요일,서울특별시 동대문구 이문동,경상사고,0,0,1,0,차대사람 - 횡단중,보행자보호의무위반,포장 - 건조,맑음,교차로 - 교차로횡단보도내,승용,여,46세,상해없음,보행자,남,46세,경상
2240,2021042800100150,2021년 4월 28일 10시,수요일,서울특별시 성동구 행당동,경상사고,0,0,1,0,차대사람 - 보도통행중,기타,포장 - 건조,맑음,단일로 - 기타,화물,남,65세,상해없음,보행자,여,20세,경상
2241,2021042800100152,2021년 4월 28일 10시,수요일,서울특별시 서초구 방배동,경상사고,0,0,1,0,차대사람 - 횡단중,보행자보호의무위반,포장 - 건조,맑음,단일로 - 기타,승용,여,52세,상해없음,보행자,여,40세,경상
2242,2021042800100266,2021년 4월 28일 14시,수요일,서울특별시 서초구 방배동,경상사고,0,0,1,0,차대사람 - 기타,기타,포장 - 건조,맑음,단일로 - 기타,기타불명,기타불명,미분류,기타불명,보행자,여,23세,경상
2243,2021042800100293,2021년 4월 28일 15시,수요일,서울특별시 서초구 서초동,경상사고,0,0,1,0,차대사람 - 길가장자리구역통행중,안전운전불이행,포장 - 건조,흐림,단일로 - 기타,승용,남,66세,상해없음,보행자,남,35세,경상
2244,2021042800100358,2021년 4월 28일 17시,수요일,서울특별시 동작구 노량진동,중상사고,0,1,0,0,차대사람 - 기타,기타,포장 - 건조,맑음,교차로 - 교차로부근,승합,남,64세,상해없음,보행자,여,68세,중상
2245,2021042800100398,2021년 4월 28일 18시,수요일,서울특별시 은평구 응암동,경상사고,0,0,1,0,차대사람 - 기타,안전운전불이행,포장 - 건조,맑음,교차로 - 교차로부근,승합,남,33세,상해없음,보행자,여,55세,경상
2246,2021042800100400,2021년 4월 28일 18시,수요일,서울특별시 노원구 중계동,경상사고,0,0,1,0,차대사람 - 횡단중,보행자보호의무위반,포장 - 건조,맑음,기타 - 기타,승용,남,43세,상해없음,보행자,남,8세,경상
2247,2021042800100440,2021년 4월 28일 19시,수요일,서울특별시 구로구 개봉동,경상사고,0,0,1,0,차대사람 - 기타,안전운전불이행,포장 - 건조,맑음,단일로 - 기타,승용,남,58세,상해없음,보행자,남,70세,경상
2248,2021042800100472,2021년 4월 28일 20시,수요일,서울특별시 강동구 암사동,중상사고,0,1,0,0,차대사람 - 기타,기타,포장 - 건조,맑음,기타 - 기타,승용,여,53세,상해없음,보행자,여,72세,중상
2249,2021042800100507,2021년 4월 28일 21시,수요일,서울특별시 강동구 암사동,경상사고,0,0,1,0,차대사람 - 횡단중,안전운전불이행,포장 - 건조,맑음,단일로 - 기타,자전거,남,37세,상해없음,보행자,여,25세,경상
2250,2021042800100533,2021년 4월 28일 22시,수요일,서울특별시 관악구 봉천동,경상사고,0,0,1,0,차대사람 - 기타,안전운전불이행,포장 - 건조,맑음,단일로 - 기타,승용,남,31세,상해없음,보행자,남,69세,경상
2251,2021042800100536,2021년 4월 28일 22시,수요일,서울특별시 강남구 개포동,부상신고사고,0,0,0,1,차대사람 - 기타,안전운전불이행,포장 - 건조,맑음,단일로 - 기타,기타불명,기타불명,미분류,기타불명,보행자,남,33세,부상신고
2252,2021042800100563,2021년 4월 28일 23시,수요일,서울특별시 중랑구 면목동,경상사고,0,0,1,0,차대사람 - 기타,안전운전불이행,포장 - 건조,기타,단일로 - 기타,승합,남,64세,상해없음,보행자,여,28세,경상
2253,2021042800100564,2021년 4월 28일 23시,수요일,서울특별시 성북구 길음동,부상신고사고,0,0,0,1,차대사람 - 기타,안전운전불이행,포장 - 젖음/습기,비,단일로 - 기타,이륜,남,35세,상해없음,보행자,남,61세,부상신고