,사고번호,사고일시,요일,시군구,사고내용,사망자수,중상자수,경상자수,부상신고자수,사고유형,법규위반,노면상태,기상상태,도로형태,가해운전자 차종,가해운전자 성별,가해운전자 연령,가해운전자 상해정도,피해운전자 차종,피해운전자 성별,피해운전자 연령,피해운전자 상해정도
2367,2021050400100277,2021년 5월 4일 15시,화요일,서울특별시 강남구 청담동,중상사고,0,1,0,0,차대사람 - 기타,안전운전불이행,포장 - 젖음/습기,비,단일로 - 기타,화물,남,39세,상해없음,보행자,남,31세,중상
2368,2021050400100278,2021년 5월 4일 15시,화요일,서울특별시 강동구 천호동,경상사고,0,0,1,0,차대사람 - 차도통행중,안전운전불이행,포장 - 젖음/습기,비,교차로 - 교차로안,승용,여,49세,상해없음,보행자,남,50세,경상
2369,2021050400100325,2021년 5월 4일 16시,화요일,서울특별시 관악구 봉천동,경상사고,0,0,1,0,차대사람 - 차도통행중,안전운전불이행,포장 - 건조,맑음,교차로 - 교차로안,승용,남,62세,상해없음,보행자,남,49세,경상
2370,2021050400100326,2021년 5월 4일 16시,화요일,서울특별시 구로구 구로동,경상사고,0,0,1,0,차대사람 - 횡단중,신호위반,포장 - 젖음/습기,비,교차로 - 교차로횡단보도내,이륜,남,30세,상해없음,보행자,여,27세,경상
2371,2021050400100410,2021년 5월 4일 18시,화요일,서울특별시 구로구 구로동,경상사고,0,0,1,0,차대사람 - 보도통행중,기타,포장 - 젖음/습기,비,단일로 - 기타,승용,여,49세,상해없음,보행자,남,58세,경상
2372,2021050400100460,2021년 5월 4일 19시,화요일,서울특별시 용산구 이촌동,중상사고,0,1,0,0,차대사람 - 기타,신호위반,포장 - 젖음/습기,비,교차로 - 교차로횡단보도내,승용,남,51세,상해없음,보행자,여,21세,중상
2373,2021050400100463,2021년 5월 4일 19시,화요일,서울특별시 영등포구 영등포동3가,경상사고,0,0,1,0,차대사람 - 기타,안전운전불이행,포장 - 젖음/습기,비,단일로 - 기타,승용,여,46세,상해없음,보행자,남,22세,경상
2374,2021050400100467,2021년 5월 4일 19시,화요일,서울특별시 송파구 가락동,경상사고,0,0,1,0,차대사람 - 횡단중,보행자보호의무위반,포장 - 젖음/습기,비,단일로 - 기타,승용,남,60세,상해없음,보행자,남,39세,경상
2375,2021050400100524,2021년 5월 4일 20시,화요일,서울특별시 송파구 오금동,중상사고,0,1,1,0,차대사람 - 횡단중,신호위반,포장 - 젖음/습기,비,교차로 - 교차로횡단보도내,이륜,남,46세,상해없음,보행자,남,62세,중상
2376,2021050400100527,2021년 5월 4일 20시,화요일,서울특별시 서초구 우면동,중상사고,0,1,0,0,차대사람 - 횡단중,신호위반,포장 - 젖음/습기,비,단일로 - 기타,이륜,남,24세,상해없음,보행자,남,40세,중상
2377,2021050400100577,2021년 5월 4일 21시,화요일,서울특별시 동대문구 용두동,중상사고,0,1,0,0,차대사람 - 횡단중,안전운전불이행,포장 - 젖음/습기,비,교차로 - 교차로안,승용,여,35세,상해없음,보행자,남,62세,중상
2378,2021050400100579,2021년 5월 4일 21시,화요일,서울특별시 동작구 신대방동,부상신고사고,0,0,0,1,차대사람 - 차도통행중,중앙선침범,포장 - 젖음/습기,비,단일로 - 기타,이륜,남,38세,상해없음,보행자,여,35세,부상신고
2379,2021050400100581,2021년 5월 4일 21시,화요일,서울특별시 강남구 삼성동,경상사고,0,0,1,0,차대사람 - 차도통행중,안전운전불이행,포장 - 젖음/습기,비,교차로 - 교차로안,승용,남,42세,상해없음,보행자,남,26세,경상
2380,2021050400100584,2021년 5월 4일 21시,화요일,서울특별시 강서구 화곡동,경상사고,0,0,1,0,차대사람 - 횡단중,안전운전불이행,포장 - 젖음/습기,비,기타 - 기타,원동기,남,22세,상해없음,보행자,남,45세,경상
2381,2021050400100587,2021년 5월 4일 21시,화요일,서울특별시 성북구 장위동,경상사고,0,0,1,0,차대사람 - 기타,안전운전불이행,포장 - 젖음/습기,비,단일로 - 기타,승용,남,73세,상해없음,보행자,여,66세,경상
2382,2021050400100588,2021년 5월 4일 21시,화요일,서울특별시 구로구 개봉동,중상사고,0,1,0,0,차대사람 - 횡단중,보행자보호의무위반,포장 - 젖음/습기,비,교차로 - 교차로횡단보도내,승용,남,38세,상해없음,보행자,여,48세,중상
2383,2021050400100631,2021년 5월 4일 22시,화요일,서울특별시 강북구 수유동,경상사고,0,0,1,0,차대사람 - 기타,안전운전불이행,포장 - 젖음/습기,비,기타 - 기타,승용,남,28세,상해없음,보행자,남,22세,경상
2384,2021050400100632,2021년 5월 4일 22시,화요일,서울특별시 동대문구 장안동,중상사고,0,1,0,0,차대사람 - 기타,안전운전불이행,포장 - 젖음/습기,비,단일로 - 기타,승용,남,28세,상해없음,보행자,남,50세,중상
2385,2021050400100634,2021년 5월 4일 22시,화요일,서울특별시 광진구 군자동,경상사고,0,0,1,0,차대사람 - 보도통행중,신호위반,포장 - 젖음/습기,비,교차로 - 교차로안,승합,남,63세,상해없음,보행자,여,22세,경상
2386,2021050400100639,2021년 5월 4일 22시,화요일,서울특별시 강남구 대치동,경상사고,0,0,1,0,차대사람 - 길가장자리구역통행중,안전운전불이행,포장 - 젖음/습기,비,교차로 - 교차로안,승용,여,60세,상해없음,보행자,여,30세,경상
2387,2021050400100689,2021년 5월 4일 23시,화요일,서울특별시 서초구 양재동,중상사고,0,1,0,0,차대사람 - 횡단중,보행자보호의무위반,포장 - 건조,흐림,단일로 - 기타,승용,남,54세,상해없음,보행자,남,79세,중상
2388,2021050400100691,2021년 5월 4일 23시,화요일,서울특별시 강남구 역삼동,부상신고사고,0,0,0,1,차대사람 - 차도통행중,안전운전불이행,포장 - 젖음/습기,비,교차로 - 교차로부근,승용,남,53세,상해없음,보행자,남,35세,부상신고
2389,2021050500100021,2021년 5월 5일 01시,수요일,서울특별시 양천구 신정동,사망사고,1,0,0,0,차대사람 - 기타,과속,포장 - 젖음/습기,흐림,단일로 - 기타,승용,남,64세,상해없음,보행자,남,69세,사망
2390,2021050500100041,2021년 5월 5일 03시,수요일,서울특별시 강남구 신사동,경상사고,0,0,1,0,차대사람 - 기타,안전운전불이행,포장 - 건조,맑음,단일로 - 기타,승용,여,32세,상해없음,보행자,여,34세,경상
2391,2021050500100133,2021년 5월 5일 11시,수요일,서울특별시 서대문구 홍제동,중상사고,0,1,0,0,차대사람 - 기타,안전운전불이행,포장 - 건조,맑음,단일로 - 기타,승용,남,82세,상해없음,보행자,여,58세,중상
2392,2021050500100135,2021년 5월 5일 11시,수요일,서울특별시 서초구 방배동,부상신고사고,0,0,0,1,차대사람 - 횡단중,보행자보호의무위반,포장 - 건조,맑음,단일로 - 기타,승용,남,60세,상해없음,보행자,남,55세,부상신고
2393,2021050500100172,2021년 5월 5일 12시,수요일,서울특별시 광진구 자양동,경상사고,0,0,1,0,차대사람 - 기타,안전운전불이행,포장 - 건조,맑음,단일로 - 기타,자전거,남,17세,상해없음,보행자,여,6세,경상
2394,2021050500100179,2021년 5월 5일 12시,수요일,서울특별시 강남구 대치동,경상사고,0,0,1,0,차대사람 - 기타,안전운전불이행,포장 - 건조,맑음,기타 - 기타,자전거,남,55세,경상,보행자,여,45세,상해없음
2395,2021050500100217,2021년 5월 5일 13시,수요일,서울특별시 영등포구 신길동,경상사고,0,0,1,0,차대사람 - 기타,안전운전불이행,포장 - 기타,기타,단일로 - 기타,이륜,남,38세,경상,보행자,여,69세,상해없음
2396,2021050500100220,2021년 5월 5일 13시,수요일,서울특별시 성북구 하월곡동,경상사고,0,0,1,0,차대사람 - 보도통행중,기타,포장 - 건조,맑음,단일로 - 기타,화물,남,53세,상해없음,보행자,남,77세,경상
2397,2021050500100428,2021년 5월 5일 18시,수요일,서울특별시 중랑구 면목동,경상사고,0,0,1,0,차대사람 - 횡단중,보행자보호의무위반,포장 - 건조,맑음,기타 - 기타,화물,남,54세,상해없음,보행자,여,72세,경상
2398,2021050500100468,2021년 5월 5일 19시,수요일,서울특별시 송파구 오금동,경상사고,0,0,1,0,차대사람 - 횡단중,신호위반,포장 - 건조,맑음,교차로 - 교차로횡단보도내,승용,남,29세,상해없음,보행자,여,47세,경상
2399,2021050500100489,2021년 5월 5일 20시,수요일,서울특별시 용산구 효창동,경상사고,0,0,2,0,차대사람 - 보도통행중,보행자보호의무위반,포장 - 건조,기타,기타 - 기타,승용,남,55세,상해없음,보행자,여,58세,경상
2400,2021050500100494,2021년 5월 5일 20시,수요일,서울특별시 노원구 상계동,경상사고,0,0,1,0,차대사람 - 횡단중,교차로운행방법위반,포장 - 건조,기타,교차로 - 교차로안,승용,여,44세,상해없음,보행자,남,66세,경상
2401,2021050500100528,2021년 5월 5일 21시,수요일,서울특별시 강북구 미아동,중상사고,0,1,0,0,차대사람 - 기타,안전운전불이행,포장 - 건조,맑음,단일로 - 기타,승용,여,39세,상해없음,보행자,남,32세,중상
2402,2021050500100545,2021년 5월 5일 22시,수요일,서울특별시 용산구 한남동,경상사고,0,0,1,0,차대사람 - 기타,안전운전불이행,포장 - 건조,흐림,단일로 - 기타,승용,남,61세,상해없음,보행자,남,36세,상해없음
2403,2021050500100547,2021년 5월 5일 22시,수요일,서울특별시 영등포구 여의도동,중상사고,0,1,0,0,차대사람 - 횡단중,보행자보호의무위반,포장 - 건조,맑음,교차로 - 교차로안,승용,여,31세,상해없음,보행자,여,46세,중상
2404,2021050500100572,2021년 5월 5일 23시,수요일,서울특별시 광진구 화양동,경상사고,0,0,1,0,차대사람 - 길가장자리구역통행중,안전운전불이행,포장 - 건조,맑음,단일로 - 기타,화물,남,42세,상해없음,보행자,남,23세,경상
2405,2021050600100007,2021년 5월 6일 01시,목요일,서울특별시 성북구 정릉동,경상사고,0,0,1,0,차대사람 - 횡단중,신호위반,포장 - 건조,맑음,단일로 - 기타,승용,여,56세,상해없음,보행자,남,40세,경상
2406,2021050600100041,2021년 5월 6일 07시,목요일,서울특별시 은평구 신사동,중상사고,0,1,0,0,차대사람 - 횡단중,신호위반,포장 - 건조,맑음,교차로 - 교차로횡단보도내,승용,남,61세,상해없음,보행자,여,65세,중상
2407,2021050600100063,2021년 5월 6일 08시,목요일,서울특별시 성동구 마장동,경상사고,0,0,1,0,차대사람 - 기타,안전운전불이행,포장 - 기타,맑음,단일로 - 기타,자전거,여,34세,기타불명,보행자,여,29세,경상
2408,2021050600100098,2021년 5월 6일 09시,목요일,서울특별시 관악구 봉천동,경상사고,0,0,1,0,차대사람 - 횡단중,신호위반,포장 - 건조,맑음,교차로 - 교차로횡단보도내,이륜,남,20세,상해없음,보행자,여,46세,경상
2409,2021050600100101,2021년 5월 6일 09시,목요일,서울특별시 서초구 서초동,경상사고,0,0,1,0,차대사람 - 차도통행중,안전운전불이행,포장 - 건조,맑음,단일로 - 기타,승용,남,74세,상해없음,보행자,여,23세,경상
2410,2021050600100132,2021년 5월 6일 10시,목요일,서울특별시 성동구 성수동2가,중상사고,0,1,0,0,차대사람 - 횡단중,신호위반,포장 - 건조,맑음,교차로 - 교차로횡단보도내,화물,남,74세,상해없음,보행자,남,50세,중상
2411,2021050600100134,2021년 5월 6일 10시,목요일,서울특별시 중랑구 면목동,경상사고,0,0,1,0,차대사람 - 보도통행중,기타,포장 - 건조,맑음,단일로 - 기타,승합,남,63세,상해없음,보행자,남,22세,경상
2412,2021050600100164,2021년 5월 6일 11시,목요일,서울특별시 중구 봉래동2가,부상신고사고,0,0,0,1,차대사람 - 기타,안전운전불이행,포장 - 건조,맑음,단일로 - 기타,승용,남,80세,상해없음,보행자,여,28세,부상신고
2413,2021050600100165,2021년 5월 6일 11시,목요일,서울특별시 송파구 방이동,경상사고,0,0,1,0,차대사람 - 기타,안전운전불이행,포장 - 건조,맑음,기타 - 기타,승용,여,39세,상해없음,보행자,남,24세,경상
2414,2021050600100168,2021년 5월 6일 11시,목요일,서울특별시 도봉구 방학동,중상사고,0,1,0,0,차대사람 - 횡단중,안전운전불이행,포장 - 건조,맑음,교차로 - 교차로안,이륜,남,25세,상해없음,보행자,여,77세,중상
2415,2021050600100197,2021년 5월 6일 12시,목요일,서울특별시 용산구 한남동,경상사고,0,0,1,0,차대사람 - 차도통행중,불법유턴,포장 - 건조,맑음,기타 - 기타,승용,여,28세,상해없음,보행자,여,41세,경상
2416,2021050600100200,2021년 5월 6일 12시,목요일,서울특별시 금천구 독산동,중상사고,0,1,0,0,차대사람 - 기타,안전운전불이행,포장 - 건조,맑음,교차로 - 교차로부근,승용,남,60세,상해없음,보행자,여,53세,중상
2417,2021050600100202,2021년 5월 6일 12시,목요일,서울특별시 동작구 상도동,경상사고,0,0,1,0,차대사람 - 기타,안전운전불이행,포장 - 건조,맑음,단일로 - 기타,승용,여,53세,상해없음,보행자,여,38세,경상
2418,2021050600100228,2021년 5월 6일 13시,목요일,서울특별시 동대문구 장안동,경상사고,0,0,1,0,차대사람 - 기타,안전운전불이행,포장 - 건조,맑음,단일로 - 기타,승용,남,52세,상해없음,보행자,남,56세,경상
2419,2021050600100292,2021년 5월 6일 15시,목요일,서울특별시 성동구 금호동2가,중상사고,0,1,0,0,차대사람 - 차도통행중,안전운전불이행,포장 - 건조,맑음,단일로 - 기타,이륜,남,28세,상해없음,보행자,여,58세,중상
2420,2021050600100293,2021년 5월 6일 15시,목요일,서울특별시 동작구 사당동,경상사고,0,0,1,0,차대사람 - 길가장자리구역통행중,안전운전불이행,포장 - 건조,맑음,단일로 - 기타,승용,남,65세,상해없음,보행자,남,79세,경상
2421,2021050600100334,2021년 5월 6일 16시,목요일,서울특별시 은평구 갈현동,경상사고,0,0,1,0,차대사람 - 보도통행중,안전운전불이행,포장 - 건조,맑음,교차로 - 교차로부근,승용,남,87세,상해없음,보행자,여,19세,경상
2422,2021050600100357,2021년 5월 6일 17시,목요일,서울특별시 강남구 대치동,경상사고,0,0,1,0,차대사람 - 기타,안전운전불이행,포장 - 건조,맑음,단일로 - 기타,승용,여,42세,상해없음,보행자,남,12세,경상
2423,2021050600100398,2021년 5월 6일 18시,목요일,서울특별시 성동구 하왕십리동,경상사고,0,0,1,0,차대사람 - 보도통행중,기타,포장 - 건조,맑음,기타 - 기타,개인형이동수단(PM),남,18세,상해없음,보행자,여,82세,경상
2424,2021050600100457,2021년 5월 6일 19시,목요일,서울특별시 노원구 상계동,중상사고,0,1,0,0,차대사람 - 기타,보행자보호의무위반,포장 - 건조,맑음,교차로 - 교차로부근,승합,남,44세,상해없음,보행자,남,83세,중상
2425,2021050600100477,2021년 5월 6일 20시,목요일,서울특별시 중구 태평로1가,경상사고,0,0,1,0,차대사람 - 횡단중,보행자보호의무위반,포장 - 건조,맑음,단일로 - 기타,승용,남,52세,상해없음,보행자,남,51세,경상
2426,2021050600100480,2021년 5월 6일 20시,목요일,서울특별시 영등포구 당산동3가,경상사고,0,0,1,0,차대사람 - 기타,안전운전불이행,포장 - 건조,맑음,단일로 - 기타,승용,남,35세,상해없음,보행자,남,62세,경상
2427,2021050600100481,2021년 5월 6일 20시,목요일,서울특별시 동작구 흑석동,경상사고,0,0,1,0,차대사람 - 기타,안전운전불이행,포장 - 건조,맑음,단일로 - 기타,승용,남,38세,상해없음,보행자,남,78세,경상
2428,2021050600100482,2021년 5월 6일 20시,목요일,서울특별시 은평구 역촌동,중상사고,0,1,0,0,차대사람 - 기타,안전운전불이행,포장 - 건조,맑음,단일로 - 기타,승용,남,32세,상해없음,보행자,여,39세,중상
2429,2021050600100508,2021년 5월 6일 21시,목요일,서울특별시 강서구 방화동,경상사고,0,0,1,0,차대사람 - 횡단중,신호위반,포장 - 건조,맑음,교차로 - 교차로횡단보도내,개인형이동수단(PM),남,17세,상해없음,보행자,여,65세,경상
2430,2021050600100533,2021년 5월 6일 22시,목요일,서울특별시 마포구 성산동,경상사고,0,0,1,0,차대사람 - 횡단중,신호위반,포장 - 건조,맑음,교차로 - 교차로안,승용,남,30세,상해없음,보행자,남,50세,경상
2431,2021050600100537,2021년 5월 6일 22시,목요일,서울특별시 강서구 등촌동,경상사고,0,0,1,0,차대사람 - 기타,안전운전불이행,포장 - 건조,흐림,단일로 - 기타,개인형이동수단(PM),여,27세,상해없음,보행자,여,63세,경상
2432,2021050600100540,2021년 5월 6일 22시,목요일,서울특별시 송파구 잠실동,경상사고,0,0,1,0,차대사람 - 기타,안전운전불이행,포장 - 건조,맑음,기타 - 기타,승용,남,32세,상해없음,보행자,남,40세,경상
2433,2021050600100541,2021년 5월 6일 22시,목요일,서울특별시 성북구 장위동,중상사고,0,1,0,0,차대사람 - 횡단중,안전운전불이행,포장 - 건조,맑음,단일로 - 기타,승용,남,66세,상해없음,보행자,여,71세,중상
2434,2021050700100002,2021년 5월 7일 00시,금요일,서울특별시 중랑구 면목동,중상사고,0,1,0,0,차대사람 - 횡단중,안전운전불이행,포장 - 건조,맑음,교차로 - 교차로횡단보도내,승용,남,82세,상해없음,보행자,남,51세,중상
2435,2021050700100047,2021년 5월 7일 07시,금요일,서울특별시 노원구 하계동,경상사고,0,0,1,0,차대사람 - 기타,안전운전불이행,포장 - 건조,맑음,기타 - 기타,자전거,기타불명,미분류,기타불명,보행자,남,62세,경상
2436,2021050700100100,2021년 5월 7일 09시,금요일,서울특별시 금천구 가산동,경상사고,0,0,1,0,차대사람 - 기타,기타,포장 - 건조,맑음,기타 - 기타,자전거,남,61세,상해없음,보행자,여,46세,경상
2437,2021050700100101,2021년 5월 7일 09시,금요일,서울특별시 관악구 봉천동,경상사고,0,0,1,0,차대사람 - 횡단중,보행자보호의무위반,포장 - 젖음/습기,비,교차로 - 교차로횡단보도내,화물,남,45세,상해없음,보행자,남,76세,경상
2438,2021050700100104,2021년 5월 7일 09시,금요일,서울특별시 강동구 천호동,경상사고,0,0,1,0,차대사람 - 기타,안전운전불이행,포장 - 건조,맑음,단일로 - 기타,자전거,여,34세,상해없음,보행자,남,28세,경상
2439,2021050700100105,2021년 5월 7일 09시,금요일,서울특별시 구로구 신도림동,경상사고,0,0,1,0,차대사람 - 횡단중,보행자보호의무위반,포장 - 젖음/습기,비,단일로 - 기타,이륜,남,60세,상해없음,보행자,여,38세,경상
2440,2021050700100106,2021년 5월 7일 09시,금요일,서울특별시 서초구 방배동,중상사고,0,1,0,0,차대사람 - 기타,안전운전불이행,포장 - 젖음/습기,비,기타 - 기타,승합,남,71세,상해없음,보행자,여,63세,중상
2441,2021050700100133,2021년 5월 7일 10시,금요일,서울특별시 강동구 천호동,경상사고,0,0,1,0,차대사람 - 기타,기타,포장 - 젖음/습기,비,기타 - 기타,승용,여,47세,상해없음,보행자,남,42세,경상
2442,2021050700100134,2021년 5월 7일 10시,금요일,서울특별시 송파구 마천동,경상사고,0,0,1,0,차대사람 - 기타,안전운전불이행,포장 - 건조,맑음,교차로 - 교차로안,이륜,남,39세,상해없음,보행자,여,66세,경상
2443,2021050700100152,2021년 5월 7일 11시,금요일,서울특별시 동대문구 용두동,중상사고,0,1,0,0,차대사람 - 차도통행중,안전운전불이행,포장 - 건조,맑음,단일로 - 기타,이륜,남,24세,상해없음,보행자,남,74세,중상
2444,2021050700100157,2021년 5월 7일 11시,금요일,서울특별시 송파구 마천동,중상사고,0,1,0,0,차대사람 - 기타,안전운전불이행,포장 - 서리/결빙,맑음,기타 - 기타,승용,남,61세,상해없음,보행자,남,60세,중상
2445,2021050700100191,2021년 5월 7일 12시,금요일,서울특별시 관악구 봉천동,경상사고,0,0,1,0,차대사람 - 보도통행중,신호위반,포장 - 건조,맑음,교차로 - 교차로안,이륜,남,57세,상해없음,보행자,남,40세,경상
2446,2021050700100231,2021년 5월 7일 13시,금요일,서울특별시 영등포구 당산동,중상사고,0,1,0,0,차대사람 - 기타,안전운전불이행,포장 - 건조,맑음,단일로 - 기타,승용,남,36세,상해없음,보행자,여,84세,중상
2447,2021050700100276,2021년 5월 7일 14시,금요일,서울특별시 영등포구 당산동5가,경상사고,0,0,1,0,차대사람 - 횡단중,안전운전불이행,포장 - 건조,맑음,교차로 - 교차로부근,승용,여,42세,상해없음,보행자,여,63세,경상
2448,2021050700100278,2021년 5월 7일 14시,금요일,서울특별시 노원구 상계동,중상사고,0,1,0,0,차대사람 - 기타,기타,포장 - 건조,맑음,교차로 - 교차로안,화물,남,23세,상해없음,보행자,남,50세,중상
2449,2021050700100342,2021년 5월 7일 16시,금요일,서울특별시 영등포구 영등포동5가,중상사고,0,1,0,0,차대사람 - 길가장자리구역통행중,안전운전불이행,포장 - 건조,맑음,단일로 - 기타,승용,남,58세,상해없음,보행자,남,56세,중상
2450,2021050700100343,2021년 5월 7일 16시,금요일,서울특별시 영등포구 대림동,중상사고,0,1,0,0,차대사람 - 횡단중,안전운전불이행,포장 - 건조,맑음,교차로 - 교차로안,승용,남,47세,상해없음,보행자,여,97세,중상
2451,2021050700100344,2021년 5월 7일 16시,금요일,서울특별시 강서구 화곡동,중상사고,0,1,0,0,차대사람 - 횡단중,안전운전불이행,포장 - 건조,맑음,단일로 - 기타,승용,남,75세,상해없음,보행자,남,74세,중상
2452,2021050700100381,2021년 5월 7일 17시,금요일,서울특별시 도봉구 창동,중상사고,0,1,0,0,차대사람 - 보도통행중,안전운전불이행,포장 - 건조,맑음,교차로 - 교차로부근,승용,남,46세,상해없음,보행자,남,37세,중상
2453,2021050700100424,2021년 5월 7일 18시,금요일,서울특별시 성북구 길음동,경상사고,0,0,1,0,차대사람 - 보도통행중,기타,포장 - 건조,맑음,기타 - 기타,자전거,남,11세,상해없음,보행자,여,60세,경상
2454,2021050700100425,2021년 5월 7일 18시,금요일,서울특별시 성북구 정릉동,경상사고,0,0,1,0,차대사람 - 보도통행중,안전운전불이행,포장 - 건조,맑음,단일로 - 기타,승용,남,58세,상해없음,보행자,남,42세,경상
2455,2021050700100427,2021년 5월 7일 18시,금요일,서울특별시 영등포구 양평동4가,경상사고,0,0,1,0,차대사람 - 기타,안전운전불이행,포장 - 건조,맑음,단일로 - 기타,승용,남,20세,상해없음,보행자,여,30세,경상
2456,2021050700100479,2021년 5월 7일 19시,금요일,서울특별시 동대문구 장안동,경상사고,0,0,1,0,차대사람 - 차도통행중,기타,포장 - 건조,맑음,교차로 - 교차로안,승용,남,39세,상해없음,보행자,남,11세,경상
2457,2021050700100486,2021년 5월 7일 19시,금요일,서울특별시 서초구 방배동,경상사고,0,0,1,0,차대사람 - 보도통행중,신호위반,포장 - 건조,기타,기타 - 기타,이륜,남,30세,상해없음,보행자,남,58세,경상
2458,2021050700100526,2021년 5월 7일 20시,금요일,서울특별시 강남구 대치동,중상사고,0,1,0,0,차대사람 - 횡단중,보행자보호의무위반,포장 - 건조,맑음,기타 - 기타,승용,여,34세,상해없음,보행자,여,66세,중상
2459,2021050700100554,2021년 5월 7일 21시,금요일,서울특별시 금천구 가산동,중상사고,0,1,0,0,차대사람 - 기타,보행자보호의무위반,포장 - 건조,맑음,교차로 - 교차로안,승용,남,59세,상해없음,보행자,남,29세,중상
2460,2021050700100557,2021년 5월 7일 21시,금요일,서울특별시 송파구 방이동,경상사고,0,0,1,0,차대사람 - 기타,안전운전불이행,포장 - 건조,맑음,교차로 - 교차로안,승용,남,47세,상해없음,보행자,남,30세,경상
2461,2021050700100583,2021년 5월 7일 22시,금요일,서울특별시 강북구 수유동,경상사고,0,0,1,0,차대사람 - 기타,안전운전불이행,포장 - 건조,맑음,교차로 - 교차로부근,개인형이동수단(PM),남,26세,기타불명,보행자,남,60세,경상
2462,2021050700100614,2021년 5월 7일 23시,금요일,서울특별시 금천구 독산동,경상사고,0,0,1,0,차대사람 - 기타,중앙선침범,포장 - 건조,맑음,단일로 - 기타,승용,남,26세,상해없음,보행자,남,61세,경상
2463,2021050700100615,2021년 5월 7일 23시,금요일,서울특별시 강남구 역삼동,중상사고,0,1,0,0,차대사람 - 횡단중,안전운전불이행,포장 - 건조,기타,교차로 - 교차로안,승용,남,44세,상해없음,보행자,남,44세,중상
2464,2021050800100076,2021년 5월 8일 08시,토요일,서울특별시 동작구 노량진동,경상사고,0,0,1,0,차대사람 - 기타,안전운전불이행,포장 - 건조,맑음,단일로 - 기타,화물,남,38세,상해없음,보행자,남,69세,경상
2465,2021050800100079,2021년 5월 8일 08시,토요일,서울특별시 서초구 양재동,중상사고,0,1,0,0,차대사람 - 횡단중,안전운전불이행,포장 - 건조,맑음,교차로 - 교차로부근,승용,남,47세,상해없음,보행자,여,54세,중상
2466,2021050800100090,2021년 5월 8일 09시,토요일,서울특별시 영등포구 당산동1가,중상사고,0,1,0,0,차대사람 - 기타,안전운전불이행,포장 - 건조,맑음,교차로 - 교차로부근,승용,여,45세,상해없음,보행자,여,33세,중상
2467,2021050800100092,2021년 5월 8일 09시,토요일,서울특별시 강서구 방화동,중상사고,0,1,0,0,차대사람 - 차도통행중,신호위반,포장 - 건조,맑음,교차로 - 교차로부근,승용,여,32세,상해없음,보행자,남,83세,중상
2468,2021050800100095,2021년 5월 8일 09시,토요일,서울특별시 성북구 상월곡동,경상사고,0,0,1,0,차대사람 - 기타,안전운전불이행,포장 - 건조,맑음,단일로 - 기타,승용,남,61세,상해없음,보행자,남,46세,경상
2469,2021050800100119,2021년 5월 8일 10시,토요일,서울특별시 성북구 동소문동2가,중상사고,0,1,0,0,차대사람 - 횡단중,신호위반,포장 - 건조,맑음,교차로 - 교차로횡단보도내,승용,여,45세,상해없음,보행자,남,63세,중상
2470,2021050800100192,2021년 5월 8일 12시,토요일,서울특별시 강북구 수유동,중상사고,0,1,0,0,차대사람 - 기타,안전운전불이행,포장 - 건조,맑음,단일로 - 기타,승합,남,47세,상해없음,보행자,여,68세,중상
2471,2021050800100194,2021년 5월 8일 12시,토요일,서울특별시 강서구 공항동,사망사고,1,0,0,0,차대사람 - 기타,안전운전불이행,포장 - 건조,맑음,교차로 - 교차로부근,승합,남,65세,상해없음,보행자,여,78세,사망
2472,2021050800100196,2021년 5월 8일 12시,토요일,서울특별시 양천구 목동,경상사고,0,0,1,0,차대사람 - 기타,안전운전불이행,포장 - 건조,맑음,단일로 - 기타,승용,남,45세,상해없음,보행자,남,38세,경상
2473,2021050800100337,2021년 5월 8일 15시,토요일,서울특별시 영등포구 여의도동,경상사고,0,0,1,0,차대사람 - 기타,안전운전불이행,포장 - 건조,맑음,단일로 - 기타,승용,남,64세,상해없음,보행자,남,28세,경상
2474,2021050800100341,2021년 5월 8일 15시,토요일,서울특별시 양천구 신정동,경상사고,0,0,1,0,차대사람 - 기타,안전운전불이행,포장 - 건조,맑음,교차로 - 교차로안,승용,여,72세,상해없음,보행자,남,41세,경상
2475,2021050800100425,2021년 5월 8일 17시,토요일,서울특별시 강동구 명일동,중상사고,0,1,0,0,차대사람 - 기타,안전운전불이행,포장 - 건조,맑음,교차로 - 교차로안,승용,여,48세,상해없음,보행자,남,70세,중상
2476,2021050800100427,2021년 5월 8일 17시,토요일,서울특별시 송파구 잠실동,경상사고,0,0,1,0,차대사람 - 기타,기타,포장 - 건조,맑음,단일로 - 기타,승합,남,46세,상해없음,보행자,여,62세,경상
2477,2021050800100478,2021년 5월 8일 18시,토요일,서울특별시 강북구 미아동,중상사고,0,1,0,0,차대사람 - 기타,안전운전불이행,포장 - 건조,맑음,단일로 - 기타,승용,여,35세,상해없음,보행자,남,66세,중상
2478,2021050800100479,2021년 5월 8일 18시,토요일,서울특별시 성북구 장위동,중상사고,0,1,0,0,차대사람 - 기타,안전운전불이행,포장 - 건조,맑음,교차로 - 교차로안,승용,남,69세,상해없음,보행자,남,37세,중상
2479,2021050800100482,2021년 5월 8일 18시,토요일,서울특별시 서초구 방배동,경상사고,0,0,1,0,차대사람 - 기타,안전운전불이행,포장 - 건조,맑음,교차로 - 교차로부근,승용,여,39세,상해없음,보행자,여,6세,경상