,사고번호,사고일시,요일,시군구,사고내용,사망자수,중상자수,경상자수,부상신고자수,사고유형,법규위반,노면상태,기상상태,도로형태,가해운전자 차종,가해운전자 성별,가해운전자 연령,가해운전자 상해정도,피해운전자 차종,피해운전자 성별,피해운전자 연령,피해운전자 상해정도
2705,2021052000100089,2021년 5월 20일 09시,목요일,서울특별시 영등포구 양화동,중상사고,0,1,0,0,차대사람 - 기타,안전운전불이행,포장 - 건조,맑음,기타 - 기타,자전거,남,16세,상해없음,보행자,남,57세,중상
2706,2021052000100090,2021년 5월 20일 09시,목요일,서울특별시 중랑구 묵동,경상사고,0,0,1,0,차대사람 - 기타,안전운전불이행,비포장 - 건조,맑음,기타 - 기타,화물,남,47세,상해없음,보행자,남,43세,경상
2707,2021052000100115,2021년 5월 20일 10시,목요일,서울특별시 동작구 상도동,경상사고,0,0,1,0,차대사람 - 횡단중,보행자보호의무위반,포장 - 건조,맑음,교차로 - 교차로횡단보도내,승용,남,27세,상해없음,보행자,남,60세,경상
2708,2021052000100200,2021년 5월 20일 13시,목요일,서울특별시 강동구 고덕동,중상사고,0,1,0,0,차대사람 - 길가장자리구역통행중,안전운전불이행,포장 - 건조,맑음,단일로 - 기타,승용,여,65세,상해없음,보행자,남,8세,중상
2709,2021052000100230,2021년 5월 20일 14시,목요일,서울특별시 강서구 마곡동,경상사고,0,0,1,0,차대사람 - 횡단중,안전운전불이행,포장 - 건조,흐림,단일로 - 기타,승합,남,56세,상해없음,보행자,남,9세,경상
2710,2021052000100292,2021년 5월 20일 16시,목요일,서울특별시 강서구 염창동,중상사고,0,1,0,0,차대사람 - 횡단중,보행자보호의무위반,포장 - 건조,맑음,단일로 - 기타,승합,남,30세,상해없음,보행자,여,65세,중상
2711,2021052000100327,2021년 5월 20일 17시,목요일,서울특별시 양천구 목동,중상사고,0,1,0,0,차대사람 - 횡단중,신호위반,포장 - 건조,맑음,단일로 - 기타,승용,남,62세,상해없음,보행자,여,18세,중상
2712,2021052000100365,2021년 5월 20일 18시,목요일,서울특별시 은평구 신사동,중상사고,0,1,0,1,차대사람 - 횡단중,중앙선침범,포장 - 건조,맑음,단일로 - 기타,이륜,남,18세,부상신고,보행자,여,55세,중상
2713,2021052000100402,2021년 5월 20일 19시,목요일,서울특별시 용산구 한강로2가,중상사고,0,1,0,0,차대사람 - 기타,안전운전불이행,포장 - 건조,맑음,교차로 - 교차로부근,승용,남,38세,상해없음,보행자,여,50세,중상
2714,2021052000100405,2021년 5월 20일 19시,목요일,서울특별시 강동구 상일동,부상신고사고,0,0,0,1,차대사람 - 기타,안전운전불이행,포장 - 건조,맑음,단일로 - 기타,승합,남,51세,상해없음,보행자,여,73세,부상신고
2715,2021052000100447,2021년 5월 20일 20시,목요일,서울특별시 강동구 고덕동,경상사고,0,0,1,0,차대사람 - 횡단중,안전운전불이행,포장 - 젖음/습기,비,교차로 - 교차로안,승용,남,66세,상해없음,보행자,남,56세,경상
2716,2021052000100487,2021년 5월 20일 21시,목요일,서울특별시 광진구 자양동,중상사고,0,1,0,0,차대사람 - 횡단중,보행자보호의무위반,포장 - 젖음/습기,비,교차로 - 교차로안,승용,남,61세,상해없음,보행자,남,50세,중상
2717,2021052000100488,2021년 5월 20일 21시,목요일,서울특별시 광진구 자양동,경상사고,0,0,1,0,차대사람 - 횡단중,신호위반,포장 - 건조,기타,단일로 - 기타,승용,여,40세,기타불명,보행자,남,37세,경상
2718,2021052000100490,2021년 5월 20일 21시,목요일,서울특별시 강남구 논현동,중상사고,0,1,0,0,차대사람 - 기타,기타,포장 - 건조,맑음,기타 - 기타,승용,남,55세,상해없음,보행자,남,34세,중상
2719,2021052000100521,2021년 5월 20일 22시,목요일,서울특별시 서대문구 남가좌동,경상사고,0,0,1,0,차대사람 - 기타,보행자보호의무위반,포장 - 젖음/습기,흐림,교차로 - 교차로횡단보도내,승용,여,49세,상해없음,보행자,남,16세,경상
2720,2021052000100522,2021년 5월 20일 22시,목요일,서울특별시 광진구 자양동,중상사고,0,1,0,0,차대사람 - 횡단중,안전운전불이행,포장 - 젖음/습기,비,단일로 - 기타,이륜,남,26세,상해없음,보행자,여,55세,중상
2721,2021052000100525,2021년 5월 20일 22시,목요일,서울특별시 중랑구 중화동,중상사고,0,1,0,0,차대사람 - 기타,중앙선침범,포장 - 젖음/습기,비,단일로 - 기타,승용,남,45세,상해없음,보행자,남,61세,중상
2722,2021052000100554,2021년 5월 20일 23시,목요일,서울특별시 중구 장충동2가,경상사고,0,0,1,0,차대사람 - 횡단중,신호위반,포장 - 젖음/습기,비,단일로 - 기타,이륜,남,22세,상해없음,보행자,남,26세,경상
2723,2021052100100102,2021년 5월 21일 09시,금요일,서울특별시 은평구 신사동,경상사고,0,0,1,0,차대사람 - 차도통행중,안전운전불이행,포장 - 건조,맑음,단일로 - 기타,화물,남,51세,상해없음,보행자,여,71세,경상
2724,2021052100100105,2021년 5월 21일 09시,금요일,서울특별시 송파구 송파동,경상사고,0,0,1,0,차대사람 - 횡단중,보행자보호의무위반,포장 - 젖음/습기,흐림,교차로 - 교차로횡단보도내,승용,남,64세,상해없음,보행자,남,40세,경상
2725,2021052100100128,2021년 5월 21일 10시,금요일,서울특별시 서대문구 남가좌동,중상사고,0,1,0,0,차대사람 - 횡단중,신호위반,포장 - 젖음/습기,비,교차로 - 교차로횡단보도내,이륜,남,21세,상해없음,보행자,여,58세,중상
2726,2021052100100130,2021년 5월 21일 10시,금요일,서울특별시 영등포구 신길동,경상사고,0,0,1,0,차대사람 - 기타,신호위반,포장 - 건조,맑음,교차로 - 교차로안,승용,남,73세,상해없음,보행자,여,54세,경상
2727,2021052100100152,2021년 5월 21일 11시,금요일,서울특별시 성동구 행당동,경상사고,0,0,2,0,차대사람 - 횡단중,기타,포장 - 건조,맑음,기타 - 기타,승용,남,25세,상해없음,보행자,여,42세,경상
2728,2021052100100153,2021년 5월 21일 11시,금요일,서울특별시 강남구 신사동,경상사고,0,0,1,0,차대사람 - 기타,안전운전불이행,포장 - 건조,흐림,교차로 - 교차로안,승용,남,58세,상해없음,보행자,여,24세,경상
2729,2021052100100157,2021년 5월 21일 11시,금요일,서울특별시 도봉구 쌍문동,경상사고,0,0,1,0,차대사람 - 기타,교차로운행방법위반,포장 - 기타,맑음,교차로 - 교차로안,승용,여,44세,상해없음,보행자,여,77세,경상
2730,2021052100100209,2021년 5월 21일 13시,금요일,서울특별시 송파구 송파동,경상사고,0,0,1,0,차대사람 - 기타,안전운전불이행,포장 - 건조,기타,교차로 - 교차로안,이륜,남,41세,상해없음,보행자,여,87세,경상
2731,2021052100100211,2021년 5월 21일 13시,금요일,서울특별시 구로구 고척동,경상사고,0,0,1,0,차대사람 - 횡단중,안전운전불이행,포장 - 건조,맑음,단일로 - 기타,화물,남,50세,상해없음,보행자,여,22세,경상
2732,2021052100100285,2021년 5월 21일 15시,금요일,서울특별시 종로구 혜화동,경상사고,0,0,1,0,차대사람 - 차도통행중,안전운전불이행,포장 - 젖음/습기,비,단일로 - 기타,승용,여,54세,상해없음,보행자,남,24세,경상
2733,2021052100100289,2021년 5월 21일 15시,금요일,서울특별시 강남구 삼성동,중상사고,0,1,0,0,차대사람 - 차도통행중,안전운전불이행,포장 - 건조,맑음,단일로 - 기타,승용,남,23세,상해없음,보행자,여,81세,중상
2734,2021052100100291,2021년 5월 21일 15시,금요일,서울특별시 송파구 거여동,경상사고,0,0,1,0,차대사람 - 횡단중,보행자보호의무위반,포장 - 건조,맑음,교차로 - 교차로횡단보도내,승합,남,63세,상해없음,보행자,남,87세,경상
2735,2021052100100338,2021년 5월 21일 16시,금요일,서울특별시 중구 중림동,경상사고,0,0,1,0,차대사람 - 기타,안전운전불이행,포장 - 건조,맑음,단일로 - 기타,승용,여,42세,상해없음,보행자,여,21세,경상
2736,2021052100100340,2021년 5월 21일 16시,금요일,서울특별시 강북구 번동,중상사고,0,1,0,0,차대사람 - 길가장자리구역통행중,안전운전불이행,포장 - 건조,맑음,교차로 - 교차로부근,승용,여,25세,상해없음,보행자,여,68세,중상
2737,2021052100100424,2021년 5월 21일 18시,금요일,서울특별시 동작구 사당동,경상사고,0,0,2,0,차대사람 - 횡단중,보행자보호의무위반,포장 - 건조,맑음,교차로 - 교차로횡단보도내,승용,여,50세,상해없음,보행자,남,17세,경상
2738,2021052100100467,2021년 5월 21일 19시,금요일,서울특별시 동작구 사당동,경상사고,0,0,1,0,차대사람 - 길가장자리구역통행중,안전운전불이행,포장 - 건조,맑음,단일로 - 기타,승용,남,60세,상해없음,보행자,남,65세,경상
2739,2021052100100508,2021년 5월 21일 20시,금요일,서울특별시 송파구 가락동,중상사고,0,1,0,0,차대사람 - 횡단중,신호위반,포장 - 건조,맑음,단일로 - 기타,승용,여,46세,상해없음,보행자,여,30세,중상
2740,2021052100100529,2021년 5월 21일 21시,금요일,서울특별시 영등포구 여의도동,경상사고,0,0,1,0,차대사람 - 기타,안전운전불이행,포장 - 건조,맑음,단일로 - 기타,자전거,여,41세,경상,보행자,여,49세,상해없음
2741,2021052100100531,2021년 5월 21일 21시,금요일,서울특별시 관악구 신림동,경상사고,0,0,1,0,차대사람 - 기타,안전운전불이행,포장 - 건조,맑음,교차로 - 교차로부근,이륜,남,18세,상해없음,보행자,남,50세,경상
2742,2021052100100558,2021년 5월 21일 22시,금요일,서울특별시 송파구 송파동,경상사고,0,0,1,0,차대사람 - 보도통행중,기타,포장 - 건조,맑음,단일로 - 기타,승용,남,49세,상해없음,보행자,남,43세,경상
2743,2021052200100011,2021년 5월 22일 01시,토요일,서울특별시 마포구 서교동,경상사고,0,0,1,0,차대사람 - 횡단중,안전운전불이행,포장 - 건조,맑음,교차로 - 교차로안,기타불명,기타불명,미분류,기타불명,보행자,남,23세,경상
2744,2021052200100012,2021년 5월 22일 01시,토요일,서울특별시 마포구 합정동,중상사고,0,1,0,0,차대사람 - 횡단중,안전운전불이행,포장 - 건조,맑음,단일로 - 기타,승용,남,60세,상해없음,보행자,남,31세,중상
2745,2021052200100039,2021년 5월 22일 04시,토요일,서울특별시 은평구 녹번동,경상사고,0,0,1,0,차대사람 - 횡단중,신호위반,포장 - 건조,맑음,단일로 - 기타,승용,남,61세,상해없음,보행자,여,25세,경상
2746,2021052200100073,2021년 5월 22일 08시,토요일,서울특별시 도봉구 창동,중상사고,0,1,0,1,차대사람 - 횡단중,신호위반,포장 - 건조,맑음,교차로 - 교차로횡단보도내,자전거,남,38세,부상신고,보행자,여,46세,중상
2747,2021052200100089,2021년 5월 22일 09시,토요일,서울특별시 동대문구 제기동,중상사고,0,1,1,0,차대사람 - 기타,안전운전불이행,포장 - 건조,맑음,단일로 - 기타,원동기,남,77세,상해없음,보행자,남,58세,경상
2748,2021052200100150,2021년 5월 22일 11시,토요일,서울특별시 송파구 잠실동,중상사고,0,1,0,0,차대사람 - 보도통행중,보행자보호의무위반,포장 - 건조,맑음,교차로 - 교차로횡단보도내,승용,남,60세,상해없음,보행자,여,42세,중상
2749,2021052200100179,2021년 5월 22일 12시,토요일,서울특별시 영등포구 당산동3가,중상사고,0,1,0,0,차대사람 - 횡단중,신호위반,포장 - 건조,맑음,단일로 - 기타,승용,남,59세,상해없음,보행자,남,86세,중상
2750,2021052200100183,2021년 5월 22일 12시,토요일,서울특별시 강서구 마곡동,중상사고,0,1,0,0,차대사람 - 기타,안전운전불이행,포장 - 건조,맑음,단일로 - 기타,자전거,여,60세,중상,보행자,여,23세,상해없음
2751,2021052200100222,2021년 5월 22일 13시,토요일,서울특별시 은평구 신사동,중상사고,0,1,0,0,차대사람 - 기타,안전운전불이행,포장 - 건조,맑음,교차로 - 교차로부근,화물,남,65세,상해없음,보행자,여,84세,중상
2752,2021052200100263,2021년 5월 22일 14시,토요일,서울특별시 동대문구 장안동,중상사고,0,1,0,0,차대사람 - 횡단중,보행자보호의무위반,포장 - 건조,맑음,단일로 - 기타,승용,남,56세,상해없음,보행자,남,85세,중상
2753,2021052200100317,2021년 5월 22일 15시,토요일,서울특별시 성북구 동선동1가,중상사고,0,1,0,0,차대사람 - 기타,기타,포장 - 건조,맑음,단일로 - 기타,승합,남,52세,상해없음,보행자,여,68세,중상
2754,2021052200100365,2021년 5월 22일 16시,토요일,서울특별시 은평구 역촌동,중상사고,0,1,0,0,차대사람 - 횡단중,신호위반,포장 - 건조,맑음,교차로 - 교차로횡단보도내,승용,여,54세,상해없음,보행자,여,31세,중상
2755,2021052200100367,2021년 5월 22일 16시,토요일,서울특별시 관악구 신림동,중상사고,0,1,0,0,차대사람 - 기타,안전운전불이행,포장 - 기타,기타,기타 - 기타,승용,남,45세,상해없음,보행자,여,88세,중상
2756,2021052200100411,2021년 5월 22일 17시,토요일,서울특별시 송파구 잠실동,부상신고사고,0,0,0,1,차대사람 - 횡단중,안전운전불이행,포장 - 건조,맑음,단일로 - 기타,자전거,남,28세,부상신고,보행자,여,38세,상해없음
2757,2021052200100454,2021년 5월 22일 18시,토요일,서울특별시 금천구 시흥동,경상사고,0,0,1,0,차대사람 - 기타,안전운전불이행,포장 - 건조,맑음,단일로 - 기타,승용,남,57세,상해없음,보행자,여,10세,경상
2758,2021052200100520,2021년 5월 22일 20시,토요일,서울특별시 영등포구 영등포동3가,경상사고,0,0,1,0,차대사람 - 차도통행중,신호위반,포장 - 건조,맑음,단일로 - 기타,이륜,남,43세,상해없음,보행자,남,29세,경상
2759,2021052200100522,2021년 5월 22일 20시,토요일,서울특별시 구로구 개봉동,경상사고,0,0,1,0,차대사람 - 기타,안전운전불이행,포장 - 건조,맑음,기타 - 기타,자전거,여,36세,상해없음,보행자,여,71세,경상
2760,2021052200100572,2021년 5월 22일 22시,토요일,서울특별시 용산구 한남동,경상사고,0,0,1,0,차대사람 - 횡단중,보행자보호의무위반,포장 - 건조,맑음,단일로 - 기타,자전거,남,47세,상해없음,보행자,남,29세,경상
2761,2021052200100573,2021년 5월 22일 22시,토요일,서울특별시 마포구 동교동,부상신고사고,0,0,0,1,차대사람 - 기타,안전운전불이행,포장 - 건조,맑음,단일로 - 기타,승용,여,21세,상해없음,보행자,여,21세,부상신고
2762,2021052200100574,2021년 5월 22일 22시,토요일,서울특별시 성동구 행당동,경상사고,0,0,1,0,차대사람 - 횡단중,신호위반,포장 - 건조,맑음,교차로 - 교차로횡단보도내,이륜,남,26세,기타불명,보행자,남,53세,경상
2763,2021052300100045,2021년 5월 23일 08시,일요일,서울특별시 송파구 잠실동,중상사고,0,1,1,0,차대사람 - 횡단중,안전운전불이행,포장 - 건조,맑음,단일로 - 기타,자전거,남,43세,상해없음,보행자,여,47세,경상
2764,2021052300100065,2021년 5월 23일 10시,일요일,서울특별시 광진구 자양동,중상사고,0,1,0,0,차대사람 - 기타,보행자보호의무위반,포장 - 건조,맑음,기타 - 기타,승용,여,23세,상해없음,보행자,여,61세,중상
2765,2021052300100068,2021년 5월 23일 10시,일요일,서울특별시 동작구 대방동,중상사고,0,1,0,0,차대사람 - 보도통행중,보행자보호의무위반,포장 - 건조,맑음,교차로 - 교차로부근,승용,여,50세,상해없음,보행자,남,63세,중상
2766,2021052300100070,2021년 5월 23일 10시,일요일,서울특별시 송파구 장지동,중상사고,0,1,0,0,차대사람 - 기타,안전운전불이행,포장 - 건조,맑음,단일로 - 기타,자전거,남,62세,상해없음,보행자,여,29세,중상
2767,2021052300100089,2021년 5월 23일 11시,일요일,서울특별시 강북구 수유동,경상사고,0,0,1,0,차대사람 - 기타,안전운전불이행,포장 - 건조,맑음,교차로 - 교차로안,승용,여,65세,상해없음,보행자,여,20세,경상
2768,2021052300100114,2021년 5월 23일 12시,일요일,서울특별시 노원구 월계동,경상사고,0,0,1,0,차대사람 - 횡단중,보행자보호의무위반,포장 - 건조,맑음,교차로 - 교차로안,승용,남,60세,상해없음,보행자,여,60세,경상
2769,2021052300100240,2021년 5월 23일 16시,일요일,서울특별시 동작구 상도동,경상사고,0,0,1,0,차대사람 - 차도통행중,안전운전불이행,포장 - 건조,맑음,단일로 - 기타,승용,남,67세,상해없음,보행자,남,37세,경상
2770,2021052300100262,2021년 5월 23일 17시,일요일,서울특별시 동작구 대방동,중상사고,0,1,0,0,차대사람 - 기타,보행자보호의무위반,포장 - 건조,맑음,교차로 - 교차로안,자전거,남,25세,기타불명,보행자,여,84세,중상
2771,2021052300100287,2021년 5월 23일 18시,일요일,서울특별시 영등포구 문래동6가,중상사고,0,1,0,0,차대사람 - 길가장자리구역통행중,안전운전불이행,포장 - 건조,맑음,단일로 - 기타,승용,남,39세,상해없음,보행자,남,70세,중상
2772,2021052300100288,2021년 5월 23일 18시,일요일,서울특별시 영등포구 영등포동3가,경상사고,0,0,1,0,차대사람 - 길가장자리구역통행중,신호위반,포장 - 건조,맑음,단일로 - 기타,승용,남,35세,상해없음,보행자,남,62세,경상
2773,2021052300100351,2021년 5월 23일 20시,일요일,서울특별시 송파구 가락동,중상사고,0,1,0,0,차대사람 - 횡단중,보행자보호의무위반,포장 - 건조,맑음,교차로 - 교차로횡단보도내,승용,남,45세,상해없음,보행자,여,42세,중상
2774,2021052300100401,2021년 5월 23일 22시,일요일,서울특별시 관악구 봉천동,경상사고,0,0,1,0,차대사람 - 횡단중,보행자보호의무위반,포장 - 건조,흐림,교차로 - 교차로부근,승용,여,56세,상해없음,보행자,여,28세,경상
2775,2021052300100403,2021년 5월 23일 22시,일요일,서울특별시 서초구 서초동,경상사고,0,0,1,0,차대사람 - 기타,신호위반,포장 - 건조,맑음,단일로 - 기타,이륜,남,46세,상해없음,보행자,남,26세,경상
2776,2021052300100404,2021년 5월 23일 22시,일요일,서울특별시 서초구 서초동,중상사고,0,1,0,0,차대사람 - 횡단중,안전운전불이행,포장 - 건조,맑음,교차로 - 교차로부근,승용,남,58세,상해없음,보행자,남,24세,중상
2777,2021052400100002,2021년 5월 24일 01시,월요일,서울특별시 광진구 구의동,중상사고,0,1,0,0,차대사람 - 기타,안전운전불이행,포장 - 건조,맑음,기타 - 기타,승용,남,40세,상해없음,보행자,남,26세,중상
2778,2021052400100004,2021년 5월 24일 02시,월요일,서울특별시 성동구 성수동1가,사망사고,1,0,1,0,차대사람 - 기타,신호위반,포장 - 건조,맑음,단일로 - 기타,승용,여,30세,상해없음,보행자,남,59세,사망
2779,2021052400100009,2021년 5월 24일 04시,월요일,서울특별시 서대문구 남가좌동,경상사고,0,0,1,0,차대사람 - 횡단중,안전운전불이행,포장 - 건조,맑음,단일로 - 기타,화물,남,51세,상해없음,보행자,남,53세,경상
2780,2021052400100060,2021년 5월 24일 08시,월요일,서울특별시 도봉구 쌍문동,경상사고,0,0,1,0,차대사람 - 기타,안전운전불이행,포장 - 건조,맑음,교차로 - 교차로부근,승용,여,50세,상해없음,보행자,여,59세,경상
2781,2021052400100098,2021년 5월 24일 09시,월요일,서울특별시 성북구 돈암동,경상사고,0,0,1,0,차대사람 - 기타,안전운전불이행,포장 - 건조,맑음,단일로 - 기타,승용,남,58세,상해없음,보행자,남,67세,경상
2782,2021052400100099,2021년 5월 24일 09시,월요일,서울특별시 동작구 노량진동,중상사고,0,1,0,0,차대사람 - 횡단중,보행자보호의무위반,포장 - 건조,맑음,교차로 - 교차로횡단보도내,승용,여,43세,상해없음,보행자,남,63세,중상
2783,2021052400100126,2021년 5월 24일 10시,월요일,서울특별시 동대문구 전농동,중상사고,0,1,0,0,차대사람 - 횡단중,안전운전불이행,포장 - 건조,맑음,교차로 - 교차로안,화물,남,52세,상해없음,보행자,여,59세,중상
2784,2021052400100127,2021년 5월 24일 10시,월요일,서울특별시 영등포구 여의도동,경상사고,0,0,2,0,차대사람 - 횡단중,보행자보호의무위반,포장 - 건조,맑음,교차로 - 교차로횡단보도내,화물,남,56세,상해없음,보행자,남,40세,경상
2785,2021052400100156,2021년 5월 24일 11시,월요일,서울특별시 종로구 이화동,경상사고,0,0,1,0,차대사람 - 기타,안전운전불이행,포장 - 건조,맑음,단일로 - 기타,화물,남,62세,상해없음,보행자,남,74세,경상
2786,2021052400100186,2021년 5월 24일 12시,월요일,서울특별시 성동구 성수동1가,경상사고,0,0,1,0,차대사람 - 기타,안전운전불이행,포장 - 건조,맑음,단일로 - 기타,승용,남,78세,상해없음,보행자,남,26세,경상
2787,2021052400100223,2021년 5월 24일 13시,월요일,서울특별시 관악구 봉천동,중상사고,0,1,0,0,차대사람 - 기타,안전운전불이행,포장 - 건조,맑음,단일로 - 기타,승용,여,41세,상해없음,보행자,남,65세,중상
2788,2021052400100226,2021년 5월 24일 13시,월요일,서울특별시 노원구 월계동,중상사고,0,1,0,0,차대사람 - 횡단중,안전운전불이행,포장 - 건조,맑음,단일로 - 기타,승용,남,60세,상해없음,보행자,여,6세,중상
2789,2021052400100249,2021년 5월 24일 14시,월요일,서울특별시 관악구 봉천동,중상사고,0,1,0,0,차대사람 - 횡단중,신호위반,포장 - 건조,맑음,교차로 - 교차로부근,화물,남,64세,상해없음,보행자,남,79세,중상
2790,2021052400100252,2021년 5월 24일 14시,월요일,서울특별시 구로구 구로동,중상사고,0,1,0,0,차대사람 - 보도통행중,기타,포장 - 건조,맑음,단일로 - 기타,이륜,남,52세,상해없음,보행자,남,68세,중상
2791,2021052400100253,2021년 5월 24일 14시,월요일,서울특별시 서초구 서초동,경상사고,0,0,1,0,차대사람 - 기타,안전운전불이행,포장 - 건조,맑음,단일로 - 기타,승용,남,71세,상해없음,보행자,남,32세,경상
2792,2021052400100256,2021년 5월 24일 14시,월요일,서울특별시 서초구 반포동,중상사고,0,1,0,0,차대사람 - 횡단중,신호위반,포장 - 건조,맑음,교차로 - 교차로횡단보도내,화물,남,37세,상해없음,보행자,여,64세,중상
2793,2021052400100257,2021년 5월 24일 14시,월요일,서울특별시 서초구 방배동,중상사고,0,1,1,0,차대사람 - 횡단중,보행자보호의무위반,포장 - 건조,맑음,교차로 - 교차로부근,승합,남,73세,상해없음,보행자,여,9세,중상
2794,2021052400100288,2021년 5월 24일 15시,월요일,서울특별시 성북구 동선동1가,경상사고,0,0,1,0,차대사람 - 기타,안전운전불이행,포장 - 건조,맑음,교차로 - 교차로부근,승용,남,55세,상해없음,보행자,여,55세,경상
2795,2021052400100292,2021년 5월 24일 15시,월요일,서울특별시 강서구 염창동,중상사고,0,1,2,0,차대사람 - 횡단중,보행자보호의무위반,포장 - 건조,맑음,단일로 - 기타,승용,여,68세,상해없음,보행자,여,59세,경상
2796,2021052400100429,2021년 5월 24일 18시,월요일,서울특별시 동작구 사당동,부상신고사고,0,0,0,1,차대사람 - 기타,안전운전불이행,포장 - 건조,기타,교차로 - 교차로부근,승용,남,62세,상해없음,보행자,남,61세,부상신고
2797,2021052400100430,2021년 5월 24일 18시,월요일,서울특별시 강남구 신사동,경상사고,0,0,1,0,차대사람 - 길가장자리구역통행중,안전운전불이행,포장 - 건조,맑음,단일로 - 기타,승용,여,66세,상해없음,보행자,여,74세,경상
2798,2021052400100517,2021년 5월 24일 21시,월요일,서울특별시 마포구 성산동,중상사고,0,1,0,0,차대사람 - 횡단중,신호위반,포장 - 건조,맑음,교차로 - 교차로안,화물,남,47세,상해없음,보행자,남,13세,중상
2799,2021052400100519,2021년 5월 24일 21시,월요일,서울특별시 강남구 청담동,부상신고사고,0,0,0,1,차대사람 - 기타,안전운전불이행,포장 - 건조,맑음,단일로 - 기타,승용,여,36세,상해없음,보행자,남,30세,부상신고
2800,2021052400100538,2021년 5월 24일 22시,월요일,서울특별시 성북구 동선동4가,경상사고,0,0,1,0,차대사람 - 횡단중,신호위반,포장 - 건조,맑음,단일로 - 기타,승용,남,64세,상해없음,보행자,여,22세,경상
2801,2021052500100042,2021년 5월 25일 06시,화요일,서울특별시 성동구 마장동,중상사고,0,1,0,0,차대사람 - 기타,안전운전불이행,포장 - 젖음/습기,비,단일로 - 고가도로위,승용,남,61세,상해없음,보행자,남,47세,중상
2802,2021052500100078,2021년 5월 25일 08시,화요일,서울특별시 용산구 원효로1가,경상사고,0,0,1,0,차대사람 - 횡단중,보행자보호의무위반,포장 - 젖음/습기,비,교차로 - 교차로부근,승용,남,64세,상해없음,보행자,여,42세,경상
2803,2021052500100081,2021년 5월 25일 08시,화요일,서울특별시 동작구 흑석동,경상사고,0,0,1,0,차대사람 - 기타,보행자보호의무위반,포장 - 젖음/습기,비,교차로 - 교차로횡단보도내,승용,여,88세,상해없음,보행자,여,31세,경상
2804,2021052500100083,2021년 5월 25일 08시,화요일,서울특별시 송파구 문정동,경상사고,0,0,1,0,차대사람 - 기타,기타,포장 - 젖음/습기,비,단일로 - 기타,승합,남,62세,상해없음,보행자,여,58세,경상
2805,2021052500100085,2021년 5월 25일 08시,화요일,서울특별시 양천구 목동,경상사고,0,0,1,0,차대사람 - 횡단중,안전운전불이행,포장 - 젖음/습기,비,교차로 - 교차로안,승용,남,52세,상해없음,보행자,여,54세,경상
2806,2021052500100118,2021년 5월 25일 09시,화요일,서울특별시 성북구 돈암동,경상사고,0,0,1,0,차대사람 - 횡단중,신호위반,포장 - 기타,기타,단일로 - 기타,승합,남,62세,상해없음,보행자,여,54세,경상
2807,2021052500100120,2021년 5월 25일 09시,화요일,서울특별시 은평구 갈현동,경상사고,0,0,1,0,차대사람 - 기타,기타,포장 - 건조,맑음,기타 - 기타,승용,여,58세,상해없음,보행자,여,19세,경상
2808,2021052500100152,2021년 5월 25일 10시,화요일,서울특별시 성동구 응봉동,경상사고,0,0,1,0,차대사람 - 기타,기타,포장 - 건조,맑음,단일로 - 기타,화물,남,49세,상해없음,보행자,여,35세,경상
2809,2021052500100156,2021년 5월 25일 10시,화요일,서울특별시 강남구 도곡동,경상사고,0,0,1,0,차대사람 - 횡단중,안전운전불이행,포장 - 건조,맑음,교차로 - 교차로횡단보도내,승용,여,60세,상해없음,보행자,여,32세,경상
2810,2021052500100215,2021년 5월 25일 12시,화요일,서울특별시 중구 인현동2가,부상신고사고,0,0,0,1,차대사람 - 기타,안전운전불이행,포장 - 건조,맑음,단일로 - 기타,이륜,남,33세,부상신고,보행자,기타불명,미분류,기타불명
2811,2021052500100216,2021년 5월 25일 12시,화요일,서울특별시 은평구 응암동,중상사고,0,1,0,0,차대사람 - 보도통행중,기타,포장 - 건조,맑음,단일로 - 기타,승용,남,54세,상해없음,보행자,남,66세,중상
2812,2021052500100219,2021년 5월 25일 12시,화요일,서울특별시 강서구 방화동,중상사고,0,1,0,0,차대사람 - 횡단중,중앙선침범,포장 - 건조,맑음,교차로 - 교차로부근,승용,남,55세,상해없음,보행자,여,72세,중상
2813,2021052500100252,2021년 5월 25일 13시,화요일,서울특별시 구로구 구로동,경상사고,0,0,1,0,차대사람 - 보도통행중,보행자보호의무위반,포장 - 건조,맑음,단일로 - 기타,화물,남,36세,상해없음,보행자,남,64세,경상
2814,2021052500100285,2021년 5월 25일 14시,화요일,서울특별시 성북구 성북동1가,중상사고,0,1,0,0,차대사람 - 횡단중,안전운전불이행,포장 - 건조,맑음,교차로 - 교차로부근,승용,남,48세,상해없음,보행자,남,68세,중상
2815,2021052500100313,2021년 5월 25일 15시,화요일,서울특별시 강북구 수유동,경상사고,0,0,1,0,차대사람 - 차도통행중,안전운전불이행,포장 - 건조,맑음,단일로 - 기타,승용,남,71세,상해없음,보행자,여,75세,경상
2816,2021052500100359,2021년 5월 25일 16시,화요일,서울특별시 광진구 자양동,중상사고,0,1,0,0,차대사람 - 횡단중,신호위반,포장 - 건조,맑음,교차로 - 교차로횡단보도내,화물,남,40세,상해없음,보행자,여,7세,중상
2817,2021052500100360,2021년 5월 25일 16시,화요일,서울특별시 중랑구 묵동,중상사고,0,1,0,0,차대사람 - 기타,안전운전불이행,포장 - 건조,맑음,단일로 - 기타,승용,남,54세,상해없음,보행자,여,13세,중상