,사고번호,사고일시,요일,시군구,사고내용,사망자수,중상자수,경상자수,부상신고자수,사고유형,법규위반,노면상태,기상상태,도로형태,가해운전자 차종,가해운전자 성별,가해운전자 연령,가해운전자 상해정도,피해운전자 차종,피해운전자 성별,피해운전자 연령,피해운전자 상해정도
2930,2021053100100204,2021년 5월 31일 13시,월요일,서울특별시 마포구 망원동,경상사고,0,0,1,0,차대사람 - 길가장자리구역통행중,안전운전불이행,포장 - 건조,맑음,단일로 - 기타,승용,남,21세,상해없음,보행자,남,23세,경상
2931,2021053100100207,2021년 5월 31일 13시,월요일,서울특별시 성북구 장위동,경상사고,0,0,3,1,차대사람 - 길가장자리구역통행중,안전운전불이행,포장 - 건조,맑음,단일로 - 기타,승용,남,66세,상해없음,보행자,여,43세,경상
2932,2021053100100237,2021년 5월 31일 14시,월요일,서울특별시 강남구 논현동,경상사고,0,0,1,0,차대사람 - 횡단중,안전운전불이행,포장 - 기타,흐림,교차로 - 교차로안,승용,남,41세,상해없음,보행자,여,27세,경상
2933,2021053100100275,2021년 5월 31일 15시,월요일,서울특별시 강서구 화곡동,경상사고,0,0,1,0,차대사람 - 횡단중,신호위반,포장 - 건조,맑음,단일로 - 기타,승용,여,26세,상해없음,보행자,남,40세,경상
2934,2021053100100278,2021년 5월 31일 15시,월요일,서울특별시 양천구 목동,중상사고,0,1,0,0,차대사람 - 횡단중,안전운전불이행,포장 - 건조,맑음,교차로 - 교차로부근,화물,남,63세,상해없음,보행자,남,65세,중상
2935,2021053100100279,2021년 5월 31일 15시,월요일,서울특별시 양천구 신월동,사망사고,1,0,0,0,차대사람 - 횡단중,안전운전불이행,포장 - 건조,맑음,교차로 - 교차로안,승용,여,62세,상해없음,보행자,여,79세,사망
2936,2021053100100313,2021년 5월 31일 16시,월요일,서울특별시 강서구 화곡동,중상사고,0,1,0,0,차대사람 - 기타,안전운전불이행,포장 - 건조,맑음,기타 - 기타,승용,남,59세,상해없음,보행자,여,88세,중상
2937,2021053100100314,2021년 5월 31일 16시,월요일,서울특별시 송파구 석촌동,중상사고,0,1,0,0,차대사람 - 기타,안전운전불이행,포장 - 건조,맑음,교차로 - 교차로안,승합,남,59세,상해없음,보행자,여,51세,중상
2938,2021053100100317,2021년 5월 31일 16시,월요일,서울특별시 은평구 대조동,경상사고,0,0,1,0,차대사람 - 횡단중,보행자보호의무위반,포장 - 건조,맑음,교차로 - 교차로안,승용,남,21세,상해없음,보행자,여,10세,경상
2939,2021053100100354,2021년 5월 31일 17시,월요일,서울특별시 성북구 정릉동,경상사고,0,0,2,0,차대사람 - 차도통행중,안전운전불이행,포장 - 건조,맑음,단일로 - 기타,승합,남,56세,상해없음,보행자,여,65세,경상
2940,2021053100100400,2021년 5월 31일 18시,월요일,서울특별시 동작구 사당동,경상사고,0,0,1,0,차대사람 - 기타,안전운전불이행,포장 - 건조,맑음,교차로 - 교차로안,승용,남,51세,상해없음,보행자,남,42세,경상
2941,2021053100100404,2021년 5월 31일 18시,월요일,서울특별시 노원구 상계동,경상사고,0,0,1,0,차대사람 - 보도통행중,기타,포장 - 건조,맑음,교차로 - 교차로부근,원동기,남,22세,상해없음,보행자,여,43세,경상
2942,2021053100100534,2021년 5월 31일 23시,월요일,서울특별시 중구 황학동,중상사고,0,1,0,0,차대사람 - 기타,안전운전불이행,포장 - 건조,맑음,단일로 - 기타,이륜,남,32세,상해없음,보행자,여,63세,중상
2943,2021060100100001,2021년 6월 1일 00시,화요일,서울특별시 중구 장충동1가,중상사고,0,1,0,0,차대사람 - 횡단중,안전운전불이행,포장 - 건조,기타,기타 - 기타,승용,남,75세,상해없음,보행자,남,68세,중상
2944,2021060100100002,2021년 6월 1일 00시,화요일,서울특별시 성북구 안암동2가,중상사고,0,1,0,0,차대사람 - 차도통행중,안전운전불이행,포장 - 건조,맑음,단일로 - 기타,승용,남,28세,상해없음,보행자,남,63세,중상
2945,2021060100100021,2021년 6월 1일 02시,화요일,서울특별시 중구 신당동,중상사고,0,1,0,0,차대사람 - 횡단중,안전운전불이행,포장 - 건조,맑음,기타 - 기타,승용,여,35세,상해없음,보행자,여,29세,중상
2946,2021060100100058,2021년 6월 1일 07시,화요일,서울특별시 도봉구 도봉동,경상사고,0,0,1,0,차대사람 - 횡단중,신호위반,포장 - 젖음/습기,비,단일로 - 기타,특수,남,72세,상해없음,보행자,여,22세,경상
2947,2021060100100080,2021년 6월 1일 08시,화요일,서울특별시 영등포구 여의도동,중상사고,0,1,0,0,차대사람 - 횡단중,보행자보호의무위반,포장 - 건조,맑음,단일로 - 기타,승용,남,50세,상해없음,보행자,여,27세,중상
2948,2021060100100177,2021년 6월 1일 11시,화요일,서울특별시 중구 을지로6가,부상신고사고,0,0,0,1,차대사람 - 기타,안전운전불이행,포장 - 건조,맑음,단일로 - 기타,승합,남,39세,상해없음,보행자,여,86세,부상신고
2949,2021060100100179,2021년 6월 1일 11시,화요일,서울특별시 동작구 흑석동,경상사고,0,0,1,0,차대사람 - 횡단중,안전운전불이행,포장 - 건조,맑음,교차로 - 교차로안,승합,남,66세,상해없음,보행자,남,35세,경상
2950,2021060100100180,2021년 6월 1일 11시,화요일,서울특별시 강서구 마곡동,중상사고,0,1,0,0,차대사람 - 횡단중,안전운전불이행,포장 - 건조,맑음,교차로 - 교차로부근,승용,여,28세,상해없음,보행자,여,78세,중상
2951,2021060100100207,2021년 6월 1일 12시,화요일,서울특별시 동대문구 용두동,중상사고,0,1,0,0,차대사람 - 보도통행중,안전운전불이행,포장 - 건조,맑음,기타 - 기타,승용,남,25세,상해없음,보행자,여,82세,중상
2952,2021060100100209,2021년 6월 1일 12시,화요일,서울특별시 강남구 삼성동,경상사고,0,0,1,0,차대사람 - 기타,안전운전불이행,포장 - 건조,맑음,기타 - 기타,이륜,남,51세,상해없음,보행자,남,29세,경상
2953,2021060100100210,2021년 6월 1일 12시,화요일,서울특별시 강남구 논현동,경상사고,0,0,1,0,차대사람 - 기타,교차로운행방법위반,포장 - 기타,맑음,단일로 - 기타,화물,남,41세,상해없음,보행자,남,51세,경상
2954,2021060100100244,2021년 6월 1일 13시,화요일,서울특별시 노원구 상계동,경상사고,0,0,1,0,차대사람 - 기타,안전운전불이행,포장 - 젖음/습기,흐림,단일로 - 기타,승용,여,38세,상해없음,보행자,남,10세,경상
2955,2021060100100287,2021년 6월 1일 14시,화요일,서울특별시 강남구 청담동,경상사고,0,0,1,0,차대사람 - 보도통행중,기타,포장 - 건조,맑음,단일로 - 기타,승용,남,59세,상해없음,보행자,남,37세,경상
2956,2021060100100289,2021년 6월 1일 14시,화요일,서울특별시 강서구 방화동,중상사고,0,1,0,0,차대사람 - 횡단중,안전운전불이행,포장 - 건조,맑음,교차로 - 교차로안,승용,여,59세,상해없음,보행자,여,57세,중상
2957,2021060100100323,2021년 6월 1일 15시,화요일,서울특별시 마포구 도화동,경상사고,0,0,1,0,차대사람 - 기타,보행자보호의무위반,포장 - 젖음/습기,비,단일로 - 기타,승용,남,56세,상해없음,보행자,남,15세,경상
2958,2021060100100325,2021년 6월 1일 15시,화요일,서울특별시 양천구 신월동,경상사고,0,0,1,0,차대사람 - 기타,안전운전불이행,포장 - 건조,맑음,교차로 - 교차로부근,승합,남,37세,상해없음,보행자,남,8세,경상
2959,2021060100100326,2021년 6월 1일 15시,화요일,서울특별시 양천구 신월동,경상사고,0,0,1,0,차대사람 - 차도통행중,안전운전불이행,포장 - 건조,맑음,교차로 - 교차로부근,승용,여,29세,상해없음,보행자,남,68세,경상
2960,2021060100100327,2021년 6월 1일 15시,화요일,서울특별시 강북구 우이동,중상사고,0,1,0,0,차대사람 - 횡단중,신호위반,포장 - 젖음/습기,맑음,교차로 - 교차로부근,승용,남,24세,상해없음,보행자,여,52세,중상
2961,2021060100100413,2021년 6월 1일 17시,화요일,서울특별시 강남구 수서동,경상사고,0,0,1,0,차대사람 - 횡단중,신호위반,포장 - 건조,맑음,단일로 - 기타,이륜,남,16세,상해없음,보행자,남,53세,경상
2962,2021060100100458,2021년 6월 1일 18시,화요일,서울특별시 종로구 가회동,중상사고,0,1,0,0,차대사람 - 횡단중,보행자보호의무위반,포장 - 건조,맑음,교차로 - 교차로횡단보도내,승용,남,63세,상해없음,보행자,여,82세,중상
2963,2021060100100461,2021년 6월 1일 18시,화요일,서울특별시 구로구 구로동,경상사고,0,0,1,0,차대사람 - 기타,기타,포장 - 건조,맑음,단일로 - 기타,승합,남,47세,상해없음,보행자,남,67세,경상
2964,2021060100100505,2021년 6월 1일 19시,화요일,서울특별시 서초구 방배동,중상사고,0,1,0,0,차대사람 - 차도통행중,안전운전불이행,포장 - 건조,맑음,단일로 - 기타,승용,남,35세,상해없음,보행자,남,53세,중상
2965,2021060100100566,2021년 6월 1일 21시,화요일,서울특별시 광진구 능동,경상사고,0,0,1,0,차대사람 - 차도통행중,안전운전불이행,포장 - 건조,맑음,단일로 - 기타,자전거,남,70세,상해없음,보행자,남,28세,경상
2966,2021060100100589,2021년 6월 1일 22시,화요일,서울특별시 용산구 청파동3가,경상사고,0,0,1,0,차대사람 - 기타,안전운전불이행,포장 - 건조,맑음,단일로 - 기타,승용,남,59세,상해없음,보행자,남,71세,경상
2967,2021060100100592,2021년 6월 1일 22시,화요일,서울특별시 마포구 서교동,중상사고,0,1,0,0,차대사람 - 기타,안전운전불이행,포장 - 건조,맑음,단일로 - 기타,승용,남,26세,상해없음,보행자,남,18세,중상
2968,2021060200100019,2021년 6월 2일 02시,수요일,서울특별시 서대문구 충정로3가,중상사고,0,1,0,0,차대사람 - 차도통행중,안전운전불이행,포장 - 건조,맑음,단일로 - 기타,승용,남,65세,상해없음,보행자,남,39세,중상
2969,2021060200100025,2021년 6월 2일 05시,수요일,서울특별시 중랑구 망우동,중상사고,0,1,0,0,차대사람 - 기타,안전운전불이행,포장 - 건조,맑음,기타 - 기타,승용,남,67세,상해없음,보행자,여,37세,중상
2970,2021060200100069,2021년 6월 2일 08시,수요일,서울특별시 노원구 중계동,중상사고,0,1,0,0,차대사람 - 횡단중,신호위반,포장 - 건조,맑음,교차로 - 교차로횡단보도내,승용,여,60세,상해없음,보행자,남,51세,중상
2971,2021060200100106,2021년 6월 2일 09시,수요일,서울특별시 금천구 독산동,경상사고,0,0,2,0,차대사람 - 기타,기타,포장 - 건조,맑음,단일로 - 기타,이륜,남,59세,상해없음,보행자,여,69세,경상
2972,2021060200100109,2021년 6월 2일 09시,수요일,서울특별시 강남구 역삼동,경상사고,0,0,1,0,차대사람 - 기타,안전운전불이행,포장 - 건조,맑음,단일로 - 기타,승용,여,54세,상해없음,보행자,여,23세,경상
2973,2021060200100141,2021년 6월 2일 10시,수요일,서울특별시 광진구 구의동,중상사고,0,1,0,0,차대사람 - 기타,안전운전불이행,포장 - 건조,맑음,단일로 - 교량,자전거,남,49세,상해없음,보행자,여,26세,중상
2974,2021060200100142,2021년 6월 2일 10시,수요일,서울특별시 강서구 개화동,경상사고,0,0,1,0,차대사람 - 길가장자리구역통행중,안전운전불이행,포장 - 건조,맑음,기타 - 기타,승용,남,37세,상해없음,보행자,여,47세,경상
2975,2021060200100212,2021년 6월 2일 12시,수요일,서울특별시 동대문구 장안동,경상사고,0,0,1,0,차대사람 - 차도통행중,안전운전불이행,포장 - 건조,맑음,교차로 - 교차로안,승용,여,48세,상해없음,보행자,여,87세,경상
2976,2021060200100250,2021년 6월 2일 13시,수요일,서울특별시 동작구 상도동,부상신고사고,0,0,0,1,차대사람 - 기타,안전운전불이행,포장 - 건조,맑음,교차로 - 교차로안,화물,남,52세,상해없음,보행자,남,90세,부상신고
2977,2021060200100275,2021년 6월 2일 14시,수요일,서울특별시 강동구 명일동,중상사고,0,1,0,0,차대사람 - 기타,안전운전불이행,포장 - 건조,맑음,단일로 - 기타,승용,여,69세,상해없음,보행자,여,78세,중상
2978,2021060200100345,2021년 6월 2일 16시,수요일,서울특별시 영등포구 영등포동,중상사고,0,1,0,0,차대사람 - 기타,안전운전불이행,포장 - 건조,맑음,주차장 - 주차장,승합,남,72세,상해없음,보행자,여,51세,중상
2979,2021060200100346,2021년 6월 2일 16시,수요일,서울특별시 관악구 신림동,경상사고,0,0,1,0,차대사람 - 기타,안전운전불이행,포장 - 건조,맑음,기타 - 기타,화물,남,63세,상해없음,보행자,여,24세,경상
2980,2021060200100347,2021년 6월 2일 16시,수요일,서울특별시 강서구 화곡동,중상사고,0,1,0,0,차대사람 - 기타,안전운전불이행,포장 - 건조,맑음,교차로 - 교차로안,승용,여,38세,상해없음,보행자,여,40세,중상
2981,2021060200100348,2021년 6월 2일 16시,수요일,서울특별시 양천구 신정동,중상사고,0,1,0,0,차대사람 - 기타,안전운전불이행,포장 - 건조,맑음,기타 - 기타,승용,남,44세,상해없음,보행자,남,74세,중상
2982,2021060200100349,2021년 6월 2일 16시,수요일,서울특별시 은평구 갈현동,경상사고,0,0,1,0,차대사람 - 길가장자리구역통행중,안전운전불이행,포장 - 건조,맑음,단일로 - 기타,승용,남,71세,상해없음,보행자,여,9세,경상
2983,2021060200100451,2021년 6월 2일 18시,수요일,서울특별시 성북구 하월곡동,경상사고,0,0,1,0,차대사람 - 차도통행중,안전운전불이행,포장 - 건조,흐림,교차로 - 교차로부근,승용,여,21세,상해없음,보행자,여,41세,경상
2984,2021060200100452,2021년 6월 2일 18시,수요일,서울특별시 구로구 개봉동,중상사고,0,1,0,0,차대사람 - 차도통행중,안전운전불이행,포장 - 건조,맑음,교차로 - 교차로안,화물,남,60세,상해없음,보행자,남,57세,중상
2985,2021060200100497,2021년 6월 2일 19시,수요일,서울특별시 중구 흥인동,경상사고,0,0,1,0,차대사람 - 길가장자리구역통행중,안전운전불이행,포장 - 건조,맑음,단일로 - 기타,기타불명,기타불명,미분류,기타불명,보행자,여,24세,경상
2986,2021060200100499,2021년 6월 2일 19시,수요일,서울특별시 성동구 행당동,경상사고,0,0,1,0,차대사람 - 횡단중,안전운전불이행,포장 - 건조,맑음,교차로 - 교차로부근,승용,남,45세,상해없음,보행자,남,30세,경상
2987,2021060200100532,2021년 6월 2일 20시,수요일,서울특별시 강서구 가양동,중상사고,0,1,0,0,차대사람 - 기타,안전운전불이행,포장 - 건조,맑음,단일로 - 기타,승용,여,27세,상해없음,보행자,여,61세,중상
2988,2021060200100559,2021년 6월 2일 21시,수요일,서울특별시 강동구 성내동,중상사고,0,1,0,0,차대사람 - 차도통행중,안전운전불이행,포장 - 건조,맑음,단일로 - 기타,승용,남,23세,상해없음,보행자,여,74세,중상
2989,2021060200100589,2021년 6월 2일 22시,수요일,서울특별시 동작구 흑석동,중상사고,0,1,0,0,차대사람 - 횡단중,보행자보호의무위반,포장 - 건조,맑음,교차로 - 교차로횡단보도내,승용,남,28세,상해없음,보행자,남,24세,중상
2990,2021060200100592,2021년 6월 2일 22시,수요일,서울특별시 강남구 신사동,경상사고,0,0,1,0,차대사람 - 기타,안전운전불이행,포장 - 건조,맑음,교차로 - 교차로부근,승용,여,46세,상해없음,보행자,남,68세,경상
2991,2021060200100613,2021년 6월 2일 23시,수요일,서울특별시 성북구 길음동,경상사고,0,0,1,0,차대사람 - 기타,안전운전불이행,포장 - 건조,맑음,단일로 - 기타,승합,남,66세,상해없음,보행자,남,27세,경상
2992,2021060300100035,2021년 6월 3일 05시,목요일,서울특별시 동작구 흑석동,사망사고,1,0,0,0,차대사람 - 횡단중,과속,포장 - 건조,흐림,단일로 - 기타,승용,남,41세,상해없음,보행자,남,73세,사망
2993,2021060300100053,2021년 6월 3일 07시,목요일,서울특별시 관악구 신림동,경상사고,0,0,1,0,차대사람 - 기타,안전운전불이행,포장 - 건조,맑음,단일로 - 기타,승용,여,28세,상해없음,보행자,여,47세,경상
2994,2021060300100086,2021년 6월 3일 08시,목요일,서울특별시 구로구 고척동,중상사고,0,1,0,0,차대사람 - 차도통행중,안전운전불이행,포장 - 건조,맑음,교차로 - 교차로부근,승용,남,46세,상해없음,보행자,남,78세,중상
2995,2021060300100141,2021년 6월 3일 10시,목요일,서울특별시 관악구 신림동,경상사고,0,0,1,0,차대사람 - 기타,안전운전불이행,포장 - 건조,맑음,단일로 - 기타,승용,남,46세,상해없음,보행자,여,81세,경상
2996,2021060300100144,2021년 6월 3일 10시,목요일,서울특별시 서초구 반포동,부상신고사고,0,0,0,1,차대사람 - 기타,보행자보호의무위반,포장 - 건조,맑음,교차로 - 교차로횡단보도내,승용,여,55세,상해없음,보행자,여,64세,부상신고
2997,2021060300100173,2021년 6월 3일 11시,목요일,서울특별시 송파구 풍납동,경상사고,0,0,1,0,차대사람 - 차도통행중,안전운전불이행,포장 - 건조,맑음,단일로 - 기타,승합,남,65세,상해없음,보행자,여,25세,경상
2998,2021060300100196,2021년 6월 3일 12시,목요일,서울특별시 관악구 신림동,중상사고,0,1,0,0,차대사람 - 횡단중,보행자보호의무위반,포장 - 젖음/습기,비,교차로 - 교차로횡단보도내,화물,남,65세,상해없음,보행자,남,7세,중상
2999,2021060300100260,2021년 6월 3일 14시,목요일,서울특별시 강북구 수유동,중상사고,0,1,0,0,차대사람 - 기타,안전운전불이행,포장 - 젖음/습기,비,교차로 - 교차로안,승용,남,34세,상해없음,보행자,여,53세,중상
3000,2021060300100265,2021년 6월 3일 14시,목요일,서울특별시 중랑구 면목동,중상사고,0,1,0,0,차대사람 - 차도통행중,안전운전불이행,포장 - 젖음/습기,맑음,교차로 - 교차로안,승용,남,39세,상해없음,보행자,남,45세,중상
3001,2021060300100320,2021년 6월 3일 16시,목요일,서울특별시 송파구 신천동,중상사고,0,1,2,0,차대사람 - 보도통행중,기타,포장 - 젖음/습기,비,기타 - 기타,승용,여,55세,상해없음,보행자,여,44세,중상
3002,2021060300100348,2021년 6월 3일 17시,목요일,서울특별시 서초구 서초동,경상사고,0,0,1,0,차대사람 - 기타,안전운전불이행,포장 - 젖음/습기,비,단일로 - 기타,승용,남,65세,상해없음,보행자,여,36세,경상
3003,2021060300100478,2021년 6월 3일 20시,목요일,서울특별시 마포구 합정동,경상사고,0,0,1,0,차대사람 - 횡단중,안전운전불이행,포장 - 젖음/습기,비,교차로 - 교차로부근,이륜,남,29세,상해없음,보행자,여,73세,경상
3004,2021060300100484,2021년 6월 3일 20시,목요일,서울특별시 서초구 잠원동,경상사고,0,0,1,0,차대사람 - 횡단중,신호위반,포장 - 건조,맑음,단일로 - 기타,승용,여,40세,상해없음,보행자,남,17세,경상
3005,2021060300100485,2021년 6월 3일 20시,목요일,서울특별시 서초구 서초동,경상사고,0,0,1,0,차대사람 - 기타,안전운전불이행,포장 - 젖음/습기,비,단일로 - 기타,승용,남,25세,상해없음,보행자,남,28세,경상
3006,2021060300100486,2021년 6월 3일 20시,목요일,서울특별시 강남구 수서동,중상사고,0,1,0,0,차대사람 - 기타,보행자보호의무위반,포장 - 젖음/습기,비,단일로 - 기타,승용,남,51세,상해없음,보행자,여,57세,중상
3007,2021060300100531,2021년 6월 3일 21시,목요일,서울특별시 동작구 신대방동,부상신고사고,0,0,0,1,차대사람 - 기타,안전운전불이행,포장 - 건조,맑음,단일로 - 기타,승용,남,68세,상해없음,보행자,남,31세,부상신고
3008,2021060300100576,2021년 6월 3일 22시,목요일,서울특별시 동대문구 용두동,경상사고,0,0,1,0,차대사람 - 기타,안전운전불이행,포장 - 기타,비,교차로 - 교차로부근,승용,남,53세,상해없음,보행자,남,44세,경상
3009,2021060300100579,2021년 6월 3일 22시,목요일,서울특별시 관악구 신림동,중상사고,0,1,0,0,차대사람 - 차도통행중,안전운전불이행,포장 - 젖음/습기,비,단일로 - 기타,승용,남,45세,상해없음,보행자,남,65세,중상
3010,2021060400100001,2021년 6월 4일 00시,금요일,서울특별시 중구 남창동,중상사고,0,1,0,0,차대사람 - 횡단중,신호위반,포장 - 기타,흐림,단일로 - 기타,승용,남,75세,상해없음,보행자,남,62세,중상
3011,2021060400100028,2021년 6월 4일 04시,금요일,서울특별시 서대문구 창천동,중상사고,0,1,0,0,차대사람 - 횡단중,안전운전불이행,포장 - 건조,흐림,단일로 - 기타,승합,남,48세,상해없음,보행자,여,72세,중상
3012,2021060400100041,2021년 6월 4일 06시,금요일,서울특별시 은평구 구산동,중상사고,0,1,0,0,차대사람 - 횡단중,신호위반,포장 - 건조,맑음,교차로 - 교차로횡단보도내,화물,남,44세,상해없음,보행자,여,60세,중상
3013,2021060400100052,2021년 6월 4일 07시,금요일,서울특별시 용산구 동자동,경상사고,0,0,1,0,차대사람 - 보도통행중,기타,포장 - 건조,맑음,기타 - 기타,자전거,남,62세,상해없음,보행자,여,27세,경상
3014,2021060400100081,2021년 6월 4일 08시,금요일,서울특별시 강동구 암사동,중상사고,0,1,0,0,차대사람 - 횡단중,보행자보호의무위반,포장 - 건조,맑음,단일로 - 기타,승용,남,58세,상해없음,보행자,여,43세,중상
3015,2021060400100083,2021년 6월 4일 08시,금요일,서울특별시 송파구 송파동,경상사고,0,0,1,0,차대사람 - 기타,안전운전불이행,포장 - 건조,맑음,단일로 - 기타,승용,여,54세,상해없음,보행자,여,32세,경상
3016,2021060400100084,2021년 6월 4일 08시,금요일,서울특별시 구로구 오류동,중상사고,0,1,0,0,차대사람 - 차도통행중,안전운전불이행,포장 - 건조,맑음,단일로 - 기타,승용,남,34세,상해없음,보행자,여,61세,중상
3017,2021060400100120,2021년 6월 4일 09시,금요일,서울특별시 노원구 월계동,경상사고,0,0,1,0,차대사람 - 기타,기타,포장 - 건조,맑음,기타 - 기타,원동기,여,69세,상해없음,보행자,남,31세,경상
3018,2021060400100181,2021년 6월 4일 11시,금요일,서울특별시 영등포구 영등포동2가,부상신고사고,0,0,0,1,차대사람 - 기타,기타,포장 - 건조,맑음,기타 - 기타,승용,남,25세,상해없음,보행자,여,30세,부상신고
3019,2021060400100247,2021년 6월 4일 13시,금요일,서울특별시 성북구 석관동,부상신고사고,0,0,0,1,차대사람 - 보도통행중,안전운전불이행,포장 - 건조,맑음,단일로 - 기타,자전거,여,59세,상해없음,보행자,여,46세,부상신고
3020,2021060400100248,2021년 6월 4일 13시,금요일,서울특별시 성북구 종암동,경상사고,0,0,1,0,차대사람 - 차도통행중,안전운전불이행,포장 - 건조,맑음,단일로 - 기타,이륜,남,71세,상해없음,보행자,남,79세,경상
3021,2021060400100290,2021년 6월 4일 14시,금요일,서울특별시 송파구 방이동,중상사고,0,1,0,0,차대사람 - 기타,기타,포장 - 건조,맑음,기타 - 기타,승합,남,47세,상해없음,보행자,여,46세,중상
3022,2021060400100338,2021년 6월 4일 15시,금요일,서울특별시 강남구 논현동,경상사고,0,0,1,0,차대사람 - 기타,안전운전불이행,포장 - 건조,맑음,단일로 - 기타,승용,남,63세,상해없음,보행자,여,72세,경상
3023,2021060400100339,2021년 6월 4일 15시,금요일,서울특별시 강남구 신사동,중상사고,0,1,0,0,차대사람 - 횡단중,안전운전불이행,포장 - 기타,맑음,단일로 - 기타,개인형이동수단(PM),남,15세,상해없음,보행자,여,38세,중상
3024,2021060400100340,2021년 6월 4일 15시,금요일,서울특별시 강서구 화곡동,경상사고,0,0,1,0,차대사람 - 횡단중,안전운전불이행,포장 - 건조,맑음,단일로 - 기타,승용,여,59세,상해없음,보행자,여,80세,경상
3025,2021060400100378,2021년 6월 4일 16시,금요일,서울특별시 동대문구 신설동,경상사고,0,0,1,0,차대사람 - 횡단중,안전운전불이행,포장 - 건조,맑음,단일로 - 기타,이륜,여,27세,상해없음,보행자,남,63세,경상
3026,2021060400100379,2021년 6월 4일 16시,금요일,서울특별시 마포구 연남동,중상사고,0,1,0,0,차대사람 - 차도통행중,안전운전불이행,포장 - 건조,맑음,교차로 - 교차로부근,화물,남,47세,상해없음,보행자,남,74세,중상
3027,2021060400100381,2021년 6월 4일 16시,금요일,서울특별시 영등포구 당산동3가,경상사고,0,0,1,0,차대사람 - 길가장자리구역통행중,안전운전불이행,포장 - 건조,맑음,교차로 - 교차로부근,승용,남,54세,상해없음,보행자,남,31세,경상
3028,2021060400100382,2021년 6월 4일 16시,금요일,서울특별시 동작구 상도동,경상사고,0,0,1,0,차대사람 - 기타,안전운전불이행,포장 - 건조,맑음,단일로 - 기타,승용,남,62세,상해없음,보행자,여,60세,경상
3029,2021060400100425,2021년 6월 4일 17시,금요일,서울특별시 강북구 미아동,중상사고,0,1,0,0,차대사람 - 횡단중,중앙선침범,포장 - 건조,맑음,단일로 - 기타,이륜,남,34세,상해없음,보행자,남,79세,중상
3030,2021060400100434,2021년 6월 4일 17시,금요일,서울특별시 도봉구 쌍문동,중상사고,0,1,0,0,차대사람 - 횡단중,안전운전불이행,포장 - 건조,맑음,교차로 - 교차로부근,승용,남,68세,상해없음,보행자,여,81세,중상
3031,2021060400100494,2021년 6월 4일 18시,금요일,서울특별시 중랑구 망우동,경상사고,0,0,1,0,차대사람 - 횡단중,안전운전불이행,포장 - 건조,맑음,교차로 - 교차로부근,승용,여,35세,상해없음,보행자,남,46세,경상
3032,2021060400100499,2021년 6월 4일 18시,금요일,서울특별시 성북구 장위동,중상사고,0,1,0,0,차대사람 - 차도통행중,안전운전불이행,포장 - 건조,맑음,교차로 - 교차로부근,승용,남,61세,기타불명,보행자,여,59세,중상
3033,2021060400100547,2021년 6월 4일 19시,금요일,서울특별시 중랑구 면목동,경상사고,0,0,1,0,차대사람 - 보도통행중,기타,포장 - 건조,맑음,단일로 - 기타,자전거,남,14세,상해없음,보행자,여,62세,경상
3034,2021060400100549,2021년 6월 4일 19시,금요일,서울특별시 양천구 신정동,중상사고,0,1,0,0,차대사람 - 기타,안전운전불이행,포장 - 건조,맑음,단일로 - 기타,특수,남,46세,기타불명,보행자,여,50세,중상
3035,2021060400100613,2021년 6월 4일 21시,금요일,서울특별시 강서구 화곡동,경상사고,0,0,1,0,차대사람 - 횡단중,보행자보호의무위반,포장 - 건조,맑음,교차로 - 교차로부근,승용,남,41세,상해없음,보행자,여,15세,경상
3036,2021060400100639,2021년 6월 4일 22시,금요일,서울특별시 은평구 응암동,중상사고,0,1,0,0,차대사람 - 횡단중,신호위반,포장 - 기타,맑음,교차로 - 교차로안,개인형이동수단(PM),남,46세,상해없음,보행자,여,55세,중상
3037,2021060400100640,2021년 6월 4일 22시,금요일,서울특별시 동작구 사당동,경상사고,0,0,1,0,차대사람 - 보도통행중,보행자보호의무위반,포장 - 건조,맑음,교차로 - 교차로횡단보도내,기타불명,기타불명,미분류,기타불명,보행자,남,34세,경상
3038,2021060400100646,2021년 6월 4일 22시,금요일,서울특별시 강남구 도곡동,경상사고,0,0,1,0,차대사람 - 기타,안전운전불이행,포장 - 건조,기타,단일로 - 기타,승용,남,48세,상해없음,보행자,여,44세,경상
3039,2021060400100647,2021년 6월 4일 22시,금요일,서울특별시 강남구 대치동,경상사고,0,0,1,0,차대사람 - 기타,안전거리미확보,포장 - 기타,기타,교차로 - 교차로부근,승용,남,57세,상해없음,보행자,남,64세,경상
3040,2021060500100094,2021년 6월 5일 09시,토요일,서울특별시 중랑구 면목동,경상사고,0,0,1,0,차대사람 - 기타,기타,포장 - 건조,맑음,교차로 - 교차로부근,승용,남,66세,상해없음,보행자,여,60세,경상
3041,2021060500100121,2021년 6월 5일 10시,토요일,서울특별시 노원구 공릉동,경상사고,0,0,1,0,차대사람 - 횡단중,보행자보호의무위반,포장 - 건조,맑음,교차로 - 교차로횡단보도내,승합,여,50세,상해없음,보행자,여,27세,경상
3042,2021060500100262,2021년 6월 5일 13시,토요일,서울특별시 강북구 수유동,경상사고,0,0,1,0,차대사람 - 보도통행중,보행자보호의무위반,포장 - 건조,맑음,교차로 - 교차로안,승용,남,71세,상해없음,보행자,남,66세,경상