,사고번호,사고일시,요일,시군구,사고내용,사망자수,중상자수,경상자수,부상신고자수,사고유형,법규위반,노면상태,기상상태,도로형태,가해운전자 차종,가해운전자 성별,가해운전자 연령,가해운전자 상해정도,피해운전자 차종,피해운전자 성별,피해운전자 연령,피해운전자 상해정도
3605,2021070200100677,2021년 7월 2일 22시,금요일,서울특별시 송파구 잠실동,경상사고,0,0,1,0,차대사람 - 길가장자리구역통행중,안전운전불이행,포장 - 건조,맑음,단일로 - 기타,승용,남,66세,상해없음,보행자,남,27세,경상
3606,2021070300100054,2021년 7월 3일 07시,토요일,서울특별시 은평구 불광동,경상사고,0,0,1,0,차대사람 - 기타,안전운전불이행,포장 - 건조,맑음,단일로 - 기타,승용,남,38세,상해없음,보행자,여,64세,경상
3607,2021070300100069,2021년 7월 3일 08시,토요일,서울특별시 동대문구 장안동,경상사고,0,0,1,0,차대사람 - 횡단중,신호위반,포장 - 건조,맑음,교차로 - 교차로횡단보도내,승용,남,55세,상해없음,보행자,여,58세,경상
3608,2021070300100071,2021년 7월 3일 08시,토요일,서울특별시 강동구 명일동,경상사고,0,0,1,0,차대사람 - 횡단중,신호위반,포장 - 건조,맑음,단일로 - 기타,승용,남,74세,상해없음,보행자,남,33세,경상
3609,2021070300100093,2021년 7월 3일 09시,토요일,서울특별시 강서구 화곡동,부상신고사고,0,0,0,1,차대사람 - 기타,안전운전불이행,포장 - 건조,맑음,단일로 - 기타,자전거,여,56세,상해없음,보행자,여,63세,부상신고
3610,2021070300100116,2021년 7월 3일 10시,토요일,서울특별시 마포구 공덕동,경상사고,0,0,1,0,차대사람 - 차도통행중,안전운전불이행,포장 - 건조,맑음,단일로 - 기타,승용,남,40세,상해없음,보행자,남,58세,경상
3611,2021070300100137,2021년 7월 3일 11시,토요일,서울특별시 강북구 수유동,경상사고,0,0,1,0,차대사람 - 기타,안전운전불이행,포장 - 건조,맑음,단일로 - 기타,승용,남,25세,상해없음,보행자,여,27세,경상
3612,2021070300100140,2021년 7월 3일 11시,토요일,서울특별시 금천구 시흥동,경상사고,0,0,1,0,차대사람 - 횡단중,신호위반,포장 - 건조,흐림,교차로 - 교차로횡단보도내,승용,여,55세,상해없음,보행자,남,48세,경상
3613,2021070300100142,2021년 7월 3일 11시,토요일,서울특별시 강서구 방화동,중상사고,0,1,0,0,차대사람 - 횡단중,보행자보호의무위반,포장 - 건조,맑음,교차로 - 교차로부근,화물,남,54세,상해없음,보행자,여,78세,중상
3614,2021070300100144,2021년 7월 3일 11시,토요일,서울특별시 강동구 암사동,중상사고,0,1,0,0,차대사람 - 기타,안전운전불이행,포장 - 건조,흐림,교차로 - 교차로부근,승용,남,65세,상해없음,보행자,여,83세,중상
3615,2021070300100183,2021년 7월 3일 12시,토요일,서울특별시 강동구 천호동,부상신고사고,0,0,0,1,차대사람 - 기타,안전운전불이행,포장 - 건조,맑음,단일로 - 기타,기타불명,기타불명,미분류,기타불명,보행자,남,57세,부상신고
3616,2021070300100186,2021년 7월 3일 12시,토요일,서울특별시 양천구 목동,중상사고,0,1,0,0,차대사람 - 차도통행중,안전운전불이행,포장 - 건조,맑음,단일로 - 기타,기타불명,기타불명,미분류,기타불명,보행자,여,80세,중상
3617,2021070300100233,2021년 7월 3일 13시,토요일,서울특별시 강남구 삼성동,경상사고,0,0,1,0,차대사람 - 기타,안전운전불이행,포장 - 건조,맑음,단일로 - 기타,승용,남,45세,상해없음,보행자,여,35세,경상
3618,2021070300100271,2021년 7월 3일 14시,토요일,서울특별시 송파구 풍납동,경상사고,0,0,1,0,차대사람 - 길가장자리구역통행중,안전운전불이행,포장 - 건조,흐림,단일로 - 기타,승용,남,60세,상해없음,보행자,여,27세,경상
3619,2021070300100338,2021년 7월 3일 16시,토요일,서울특별시 마포구 서교동,경상사고,0,0,1,0,차대사람 - 횡단중,보행자보호의무위반,포장 - 젖음/습기,비,교차로 - 교차로안,이륜,남,24세,상해없음,보행자,여,32세,경상
3620,2021070300100378,2021년 7월 3일 17시,토요일,서울특별시 영등포구 영등포동,중상사고,0,1,1,0,차대사람 - 차도통행중,신호위반,포장 - 젖음/습기,비,단일로 - 기타,이륜,남,31세,경상,보행자,여,52세,중상
3621,2021070300100461,2021년 7월 3일 19시,토요일,서울특별시 동작구 신대방동,경상사고,0,0,1,0,차대사람 - 횡단중,안전운전불이행,포장 - 젖음/습기,비,교차로 - 교차로안,승용,남,49세,상해없음,보행자,여,43세,경상
3622,2021070300100463,2021년 7월 3일 19시,토요일,서울특별시 관악구 봉천동,중상사고,0,1,0,0,차대사람 - 기타,안전운전불이행,포장 - 젖음/습기,비,단일로 - 기타,이륜,남,43세,상해없음,보행자,남,77세,중상
3623,2021070300100558,2021년 7월 3일 21시,토요일,서울특별시 은평구 녹번동,경상사고,0,0,1,0,차대사람 - 횡단중,안전운전불이행,포장 - 젖음/습기,비,단일로 - 기타,이륜,남,38세,상해없음,보행자,남,62세,경상
3624,2021070300100563,2021년 7월 3일 21시,토요일,서울특별시 서초구 방배동,경상사고,0,0,1,0,차대사람 - 횡단중,신호위반,포장 - 젖음/습기,비,교차로 - 교차로안,승용,남,51세,상해없음,보행자,남,22세,경상
3625,2021070300100604,2021년 7월 3일 22시,토요일,서울특별시 마포구 공덕동,경상사고,0,0,1,0,차대사람 - 횡단중,신호위반,포장 - 젖음/습기,비,교차로 - 교차로횡단보도내,이륜,남,56세,상해없음,보행자,여,45세,경상
3626,2021070300100608,2021년 7월 3일 22시,토요일,서울특별시 송파구 가락동,경상사고,0,0,1,0,차대사람 - 기타,불법유턴,포장 - 젖음/습기,비,교차로 - 교차로부근,승용,남,26세,상해없음,보행자,남,39세,경상
3627,2021070300100609,2021년 7월 3일 22시,토요일,서울특별시 양천구 신월동,경상사고,0,0,1,0,차대사람 - 기타,안전운전불이행,포장 - 젖음/습기,비,기타 - 기타,승용,남,29세,상해없음,보행자,남,44세,경상
3628,2021070400100001,2021년 7월 4일 00시,일요일,서울특별시 은평구 응암동,중상사고,0,1,0,0,차대사람 - 차도통행중,신호위반,포장 - 젖음/습기,비,교차로 - 교차로횡단보도내,이륜,남,19세,상해없음,보행자,여,67세,중상
3629,2021070400100002,2021년 7월 4일 00시,일요일,서울특별시 성북구 안암동2가,경상사고,0,0,1,0,차대사람 - 횡단중,보행자보호의무위반,포장 - 젖음/습기,비,단일로 - 기타,이륜,남,26세,상해없음,보행자,여,25세,경상
3630,2021070400100048,2021년 7월 4일 02시,일요일,서울특별시 중랑구 신내동,사망사고,1,0,0,0,차대사람 - 기타,안전운전불이행,포장 - 젖음/습기,비,단일로 - 기타,승용,남,48세,상해없음,보행자,남,30세,사망
3631,2021070400100106,2021년 7월 4일 10시,일요일,서울특별시 동대문구 청량리동,경상사고,0,0,1,0,차대사람 - 횡단중,보행자보호의무위반,포장 - 젖음/습기,비,교차로 - 교차로횡단보도내,승용,남,54세,상해없음,보행자,여,61세,경상
3632,2021070400100120,2021년 7월 4일 11시,일요일,서울특별시 관악구 신림동,경상사고,0,0,1,0,차대사람 - 기타,안전운전불이행,포장 - 젖음/습기,비,단일로 - 기타,승용,남,65세,상해없음,보행자,남,60세,경상
3633,2021070400100122,2021년 7월 4일 11시,일요일,서울특별시 구로구 구로동,경상사고,0,0,1,0,차대사람 - 길가장자리구역통행중,안전운전불이행,포장 - 건조,맑음,교차로 - 교차로부근,승용,남,36세,상해없음,보행자,남,41세,경상
3634,2021070400100142,2021년 7월 4일 12시,일요일,서울특별시 강북구 수유동,중상사고,0,1,0,0,차대사람 - 기타,신호위반,포장 - 건조,맑음,교차로 - 교차로안,화물,남,68세,상해없음,보행자,여,62세,중상
3635,2021070400100161,2021년 7월 4일 13시,일요일,서울특별시 강북구 미아동,경상사고,0,0,1,0,차대사람 - 기타,보행자보호의무위반,포장 - 젖음/습기,비,교차로 - 교차로안,승용,여,66세,상해없음,보행자,남,26세,경상
3636,2021070400100231,2021년 7월 4일 15시,일요일,서울특별시 금천구 독산동,경상사고,0,0,1,0,차대사람 - 기타,안전운전불이행,포장 - 젖음/습기,비,단일로 - 기타,자전거,남,76세,상해없음,보행자,여,47세,경상
3637,2021070400100297,2021년 7월 4일 17시,일요일,서울특별시 양천구 목동,중상사고,0,1,0,0,차대사람 - 기타,안전운전불이행,포장 - 건조,맑음,교차로 - 교차로안,승용,남,21세,상해없음,보행자,남,81세,중상
3638,2021070400100412,2021년 7월 4일 21시,일요일,서울특별시 성북구 정릉동,경상사고,0,0,1,0,차대사람 - 길가장자리구역통행중,안전운전불이행,포장 - 건조,맑음,단일로 - 기타,승용,여,41세,상해없음,보행자,남,60세,경상
3639,2021070500100004,2021년 7월 5일 02시,월요일,서울특별시 강서구 화곡동,경상사고,0,0,1,0,차대사람 - 횡단중,신호위반,포장 - 건조,맑음,교차로 - 교차로횡단보도내,승용,남,67세,상해없음,보행자,여,49세,경상
3640,2021070500100049,2021년 7월 5일 07시,월요일,서울특별시 강서구 화곡동,중상사고,0,1,0,0,차대사람 - 기타,기타,포장 - 건조,맑음,단일로 - 기타,승합,남,56세,상해없음,보행자,여,74세,중상
3641,2021070500100068,2021년 7월 5일 08시,월요일,서울특별시 영등포구 여의도동,경상사고,0,0,1,0,차대사람 - 횡단중,보행자보호의무위반,포장 - 건조,맑음,교차로 - 교차로안,승용,여,43세,상해없음,보행자,여,28세,경상
3642,2021070500100069,2021년 7월 5일 08시,월요일,서울특별시 금천구 독산동,경상사고,0,0,1,0,차대사람 - 횡단중,안전운전불이행,포장 - 건조,흐림,교차로 - 교차로부근,건설기계,남,55세,상해없음,보행자,남,66세,경상
3643,2021070500100071,2021년 7월 5일 08시,월요일,서울특별시 강남구 신사동,경상사고,0,0,1,0,차대사람 - 횡단중,보행자보호의무위반,포장 - 건조,맑음,교차로 - 교차로횡단보도내,화물,남,61세,기타불명,보행자,여,27세,경상
3644,2021070500100110,2021년 7월 5일 09시,월요일,서울특별시 중구 신당동,중상사고,0,1,0,0,차대사람 - 보도통행중,보행자보호의무위반,포장 - 건조,맑음,교차로 - 교차로부근,화물,남,78세,상해없음,보행자,여,84세,중상
3645,2021070500100114,2021년 7월 5일 09시,월요일,서울특별시 중랑구 면목동,경상사고,0,0,1,0,차대사람 - 기타,보행자보호의무위반,포장 - 건조,맑음,교차로 - 교차로부근,승용,여,65세,상해없음,보행자,여,45세,경상
3646,2021070500100180,2021년 7월 5일 11시,월요일,서울특별시 관악구 봉천동,중상사고,0,1,0,0,차대사람 - 기타,안전운전불이행,포장 - 건조,맑음,교차로 - 교차로부근,승용,남,50세,상해없음,보행자,여,30세,중상
3647,2021070500100183,2021년 7월 5일 11시,월요일,서울특별시 구로구 오류동,경상사고,0,0,1,0,차대사람 - 차도통행중,안전운전불이행,포장 - 건조,맑음,단일로 - 기타,기타불명,기타불명,미분류,기타불명,보행자,남,15세,경상
3648,2021070500100185,2021년 7월 5일 11시,월요일,서울특별시 강남구 대치동,경상사고,0,0,1,0,차대사람 - 기타,안전운전불이행,포장 - 건조,맑음,단일로 - 기타,승용,여,42세,상해없음,보행자,여,43세,경상
3649,2021070500100222,2021년 7월 5일 12시,월요일,서울특별시 구로구 고척동,중상사고,0,1,0,0,차대사람 - 횡단중,신호위반,포장 - 건조,맑음,교차로 - 교차로횡단보도내,이륜,남,39세,상해없음,보행자,여,6세,중상
3650,2021070500100251,2021년 7월 5일 13시,월요일,서울특별시 강북구 미아동,경상사고,0,0,1,0,차대사람 - 횡단중,보행자보호의무위반,포장 - 건조,맑음,교차로 - 교차로횡단보도내,자전거,남,45세,상해없음,보행자,여,50세,경상
3651,2021070500100356,2021년 7월 5일 16시,월요일,서울특별시 양천구 목동,중상사고,0,1,0,0,차대사람 - 기타,안전운전불이행,비포장 - 건조,맑음,기타 - 기타,승용,남,39세,기타불명,보행자,여,52세,중상
3652,2021070500100391,2021년 7월 5일 17시,월요일,서울특별시 서초구 서초동,중상사고,0,1,0,0,차대사람 - 횡단중,안전운전불이행,포장 - 건조,맑음,교차로 - 교차로부근,승용,여,60세,상해없음,보행자,여,33세,중상
3653,2021070500100433,2021년 7월 5일 18시,월요일,서울특별시 광진구 자양동,중상사고,0,1,0,0,차대사람 - 기타,안전운전불이행,포장 - 건조,맑음,교차로 - 교차로부근,승용,남,69세,상해없음,보행자,남,30세,중상
3654,2021070500100434,2021년 7월 5일 18시,월요일,서울특별시 광진구 구의동,경상사고,0,0,1,0,차대사람 - 기타,안전운전불이행,포장 - 건조,맑음,단일로 - 기타,화물,남,54세,상해없음,보행자,남,49세,경상
3655,2021070500100436,2021년 7월 5일 18시,월요일,서울특별시 강남구 삼성동,중상사고,0,1,1,0,차대사람 - 횡단중,신호위반,포장 - 건조,맑음,단일로 - 기타,승용,남,79세,상해없음,보행자,남,63세,중상
3656,2021070500100471,2021년 7월 5일 19시,월요일,서울특별시 종로구 종로3가,경상사고,0,0,1,0,차대사람 - 보도통행중,기타,포장 - 젖음/습기,비,기타 - 기타,이륜,남,57세,상해없음,보행자,남,45세,경상
3657,2021070500100473,2021년 7월 5일 19시,월요일,서울특별시 관악구 신림동,경상사고,0,0,1,0,차대사람 - 기타,안전운전불이행,포장 - 건조,맑음,단일로 - 기타,승용,남,64세,상해없음,보행자,남,26세,경상
3658,2021070500100504,2021년 7월 5일 20시,월요일,서울특별시 강남구 삼성동,경상사고,0,0,1,0,차대사람 - 횡단중,신호위반,포장 - 건조,맑음,교차로 - 교차로안,승용,여,38세,상해없음,보행자,여,65세,경상
3659,2021070500100531,2021년 7월 5일 21시,월요일,서울특별시 은평구 증산동,중상사고,0,1,0,0,차대사람 - 기타,안전운전불이행,포장 - 건조,맑음,기타 - 기타,자전거,남,17세,상해없음,보행자,여,56세,중상
3660,2021070500100567,2021년 7월 5일 22시,월요일,서울특별시 강남구 논현동,경상사고,0,0,1,0,차대사람 - 기타,안전운전불이행,포장 - 건조,흐림,단일로 - 기타,승용,남,57세,기타불명,보행자,남,45세,경상
3661,2021070600100086,2021년 7월 6일 08시,화요일,서울특별시 광진구 중곡동,경상사고,0,0,1,0,차대사람 - 보도통행중,기타,포장 - 건조,맑음,단일로 - 기타,개인형이동수단(PM),남,24세,상해없음,보행자,남,27세,경상
3662,2021070600100090,2021년 7월 6일 08시,화요일,서울특별시 동작구 사당동,중상사고,0,1,0,1,차대사람 - 보도통행중,신호위반,포장 - 건조,맑음,교차로 - 교차로횡단보도내,이륜,남,42세,부상신고,보행자,여,58세,중상
3663,2021070600100092,2021년 7월 6일 08시,화요일,서울특별시 강서구 가양동,경상사고,0,0,1,0,차대사람 - 보도통행중,보행자보호의무위반,포장 - 건조,맑음,기타 - 기타,승용,남,38세,상해없음,보행자,여,29세,경상
3664,2021070600100148,2021년 7월 6일 10시,화요일,서울특별시 관악구 신림동,경상사고,0,0,1,0,차대사람 - 보도통행중,보행자보호의무위반,포장 - 건조,흐림,기타 - 기타,자전거,남,30세,상해없음,보행자,남,30세,경상
3665,2021070600100175,2021년 7월 6일 11시,화요일,서울특별시 송파구 가락동,경상사고,0,0,1,0,차대사람 - 횡단중,보행자보호의무위반,포장 - 건조,맑음,교차로 - 교차로횡단보도내,승용,남,71세,상해없음,보행자,남,74세,경상
3666,2021070600100176,2021년 7월 6일 11시,화요일,서울특별시 송파구 오금동,경상사고,0,0,1,0,차대사람 - 기타,보행자보호의무위반,포장 - 건조,맑음,교차로 - 교차로횡단보도내,승용,여,59세,상해없음,보행자,여,28세,경상
3667,2021070600100197,2021년 7월 6일 12시,화요일,서울특별시 중구 을지로2가,경상사고,0,0,1,0,차대사람 - 보도통행중,기타,포장 - 건조,맑음,단일로 - 기타,개인형이동수단(PM),여,33세,상해없음,보행자,여,36세,경상
3668,2021070600100202,2021년 7월 6일 12시,화요일,서울특별시 서초구 서초동,중상사고,0,1,0,0,차대사람 - 기타,안전운전불이행,포장 - 건조,맑음,단일로 - 기타,승용,여,49세,상해없음,보행자,남,53세,중상
3669,2021070600100263,2021년 7월 6일 14시,화요일,서울특별시 종로구 종로3가,경상사고,0,0,1,0,차대사람 - 횡단중,안전운전불이행,포장 - 건조,맑음,교차로 - 교차로횡단보도내,승용,남,63세,상해없음,보행자,남,57세,경상
3670,2021070600100328,2021년 7월 6일 16시,화요일,서울특별시 동작구 사당동,경상사고,0,0,1,0,차대사람 - 기타,안전운전불이행,포장 - 건조,맑음,단일로 - 기타,승용,남,55세,상해없음,보행자,여,6세,경상
3671,2021070600100373,2021년 7월 6일 17시,화요일,서울특별시 동대문구 장안동,중상사고,0,1,0,0,차대사람 - 횡단중,안전운전불이행,포장 - 건조,맑음,교차로 - 교차로안,승용,남,29세,상해없음,보행자,여,82세,중상
3672,2021070600100375,2021년 7월 6일 17시,화요일,서울특별시 서초구 양재동,경상사고,0,0,1,0,차대사람 - 기타,안전운전불이행,포장 - 건조,맑음,단일로 - 기타,승합,남,64세,상해없음,보행자,여,14세,경상
3673,2021070600100378,2021년 7월 6일 17시,화요일,서울특별시 도봉구 도봉동,부상신고사고,0,0,0,1,차대사람 - 횡단중,안전운전불이행,포장 - 건조,맑음,교차로 - 교차로횡단보도내,승용,남,38세,상해없음,보행자,여,14세,부상신고
3674,2021070600100415,2021년 7월 6일 18시,화요일,서울특별시 동작구 노량진동,경상사고,0,0,1,0,차대사람 - 기타,안전운전불이행,포장 - 건조,맑음,단일로 - 기타,승용,남,29세,상해없음,보행자,여,26세,경상
3675,2021070600100421,2021년 7월 6일 18시,화요일,서울특별시 송파구 방이동,경상사고,0,0,1,0,차대사람 - 횡단중,기타,포장 - 건조,맑음,단일로 - 기타,승용,남,65세,상해없음,보행자,여,31세,경상
3676,2021070600100424,2021년 7월 6일 18시,화요일,서울특별시 강남구 역삼동,경상사고,0,0,1,0,차대사람 - 기타,안전운전불이행,포장 - 건조,맑음,단일로 - 기타,승용,남,73세,상해없음,보행자,여,55세,경상
3677,2021070600100464,2021년 7월 6일 19시,화요일,서울특별시 서초구 반포동,부상신고사고,0,0,0,1,차대사람 - 차도통행중,안전운전불이행,포장 - 건조,맑음,단일로 - 기타,승용,남,30세,상해없음,보행자,남,30세,부상신고
3678,2021070600100488,2021년 7월 6일 20시,화요일,서울특별시 송파구 삼전동,부상신고사고,0,0,0,1,차대사람 - 기타,안전운전불이행,포장 - 건조,맑음,교차로 - 교차로부근,기타불명,기타불명,미분류,기타불명,보행자,여,20세,부상신고
3679,2021070600100555,2021년 7월 6일 22시,화요일,서울특별시 강남구 역삼동,경상사고,0,0,1,0,차대사람 - 기타,기타,포장 - 건조,맑음,기타 - 기타,개인형이동수단(PM),여,27세,기타불명,보행자,여,32세,경상
3680,2021070600100583,2021년 7월 6일 23시,화요일,서울특별시 강남구 신사동,사망사고,1,0,0,0,차대사람 - 기타,안전운전불이행,포장 - 건조,맑음,단일로 - 기타,승용,남,60세,상해없음,보행자,남,54세,사망
3681,2021070700100045,2021년 7월 7일 06시,수요일,서울특별시 관악구 봉천동,중상사고,0,1,0,0,차대사람 - 기타,안전운전불이행,포장 - 건조,맑음,교차로 - 교차로부근,승합,여,51세,상해없음,보행자,남,66세,중상
3682,2021070700100059,2021년 7월 7일 07시,수요일,서울특별시 강북구 미아동,경상사고,0,0,1,0,차대사람 - 기타,안전운전불이행,포장 - 건조,맑음,단일로 - 기타,기타불명,기타불명,미분류,기타불명,보행자,남,32세,경상
3683,2021070700100060,2021년 7월 7일 07시,수요일,서울특별시 마포구 공덕동,경상사고,0,0,1,0,차대사람 - 보도통행중,기타,포장 - 건조,맑음,단일로 - 기타,개인형이동수단(PM),남,18세,상해없음,보행자,남,42세,경상
3684,2021070700100079,2021년 7월 7일 08시,수요일,서울특별시 영등포구 영등포동4가,경상사고,0,0,1,0,차대사람 - 횡단중,보행자보호의무위반,포장 - 건조,맑음,교차로 - 교차로횡단보도내,승용,남,32세,기타불명,보행자,여,21세,경상
3685,2021070700100080,2021년 7월 7일 08시,수요일,서울특별시 강남구 청담동,경상사고,0,0,1,0,차대사람 - 보도통행중,기타,포장 - 건조,맑음,단일로 - 기타,승용,여,49세,상해없음,보행자,여,43세,경상
3686,2021070700100178,2021년 7월 7일 11시,수요일,서울특별시 마포구 서교동,경상사고,0,0,1,0,차대사람 - 차도통행중,안전운전불이행,포장 - 건조,맑음,단일로 - 기타,승용,남,25세,상해없음,보행자,남,39세,경상
3687,2021070700100181,2021년 7월 7일 11시,수요일,서울특별시 관악구 봉천동,중상사고,0,1,0,0,차대사람 - 기타,안전운전불이행,포장 - 젖음/습기,비,교차로 - 교차로부근,승용,남,50세,상해없음,보행자,남,50세,중상
3688,2021070700100222,2021년 7월 7일 12시,수요일,서울특별시 성동구 용답동,경상사고,0,0,1,0,차대사람 - 보도통행중,기타,포장 - 건조,맑음,단일로 - 기타,승용,남,57세,기타불명,보행자,여,21세,경상
3689,2021070700100229,2021년 7월 7일 12시,수요일,서울특별시 강남구 대치동,경상사고,0,0,1,0,차대사람 - 횡단중,안전운전불이행,포장 - 건조,맑음,단일로 - 기타,승용,여,36세,상해없음,보행자,남,11세,경상
3690,2021070700100230,2021년 7월 7일 12시,수요일,서울특별시 강남구 대치동,경상사고,0,0,1,0,차대사람 - 횡단중,안전운전불이행,포장 - 건조,맑음,교차로 - 교차로횡단보도내,승용,남,50세,상해없음,보행자,여,26세,경상
3691,2021070700100260,2021년 7월 7일 13시,수요일,서울특별시 은평구 역촌동,중상사고,0,1,0,0,차대사람 - 횡단중,안전운전불이행,포장 - 건조,맑음,교차로 - 교차로안,승용,여,65세,상해없음,보행자,여,35세,중상
3692,2021070700100284,2021년 7월 7일 14시,수요일,서울특별시 종로구 체부동,경상사고,0,0,1,0,차대사람 - 기타,안전운전불이행,포장 - 건조,맑음,단일로 - 기타,승용,남,70세,상해없음,보행자,여,22세,경상
3693,2021070700100286,2021년 7월 7일 14시,수요일,서울특별시 성북구 안암동3가,중상사고,0,1,0,0,차대사람 - 기타,안전운전불이행,포장 - 건조,맑음,단일로 - 기타,승용,여,39세,상해없음,보행자,여,30세,중상
3694,2021070700100316,2021년 7월 7일 15시,수요일,서울특별시 영등포구 대림동,중상사고,0,1,0,0,차대사람 - 차도통행중,안전운전불이행,포장 - 건조,맑음,단일로 - 기타,승용,여,61세,상해없음,보행자,여,48세,중상
3695,2021070700100356,2021년 7월 7일 16시,수요일,서울특별시 강남구 역삼동,경상사고,0,0,1,0,차대사람 - 보도통행중,안전운전불이행,포장 - 건조,맑음,기타 - 기타,자전거,기타불명,미분류,기타불명,보행자,여,9세,경상
3696,2021070700100488,2021년 7월 7일 19시,수요일,서울특별시 강북구 미아동,경상사고,0,0,1,0,차대사람 - 기타,안전운전불이행,포장 - 건조,맑음,단일로 - 기타,자전거,남,14세,상해없음,보행자,남,67세,경상
3697,2021070700100489,2021년 7월 7일 19시,수요일,서울특별시 동작구 사당동,경상사고,0,0,1,0,차대사람 - 기타,안전운전불이행,포장 - 건조,맑음,단일로 - 기타,승용,남,23세,상해없음,보행자,남,25세,경상
3698,2021070700100490,2021년 7월 7일 19시,수요일,서울특별시 노원구 중계동,중상사고,0,1,0,0,차대사람 - 횡단중,안전운전불이행,포장 - 건조,맑음,교차로 - 교차로안,화물,남,32세,상해없음,보행자,남,68세,중상
3699,2021070700100491,2021년 7월 7일 19시,수요일,서울특별시 은평구 불광동,부상신고사고,0,0,0,1,차대사람 - 보도통행중,불법유턴,포장 - 젖음/습기,비,단일로 - 기타,승용,남,28세,상해없음,보행자,남,60세,부상신고
3700,2021070700100530,2021년 7월 7일 20시,수요일,서울특별시 관악구 봉천동,경상사고,0,0,1,0,차대사람 - 기타,안전운전불이행,포장 - 건조,맑음,기타 - 기타,승용,남,63세,상해없음,보행자,남,57세,경상
3701,2021070700100569,2021년 7월 7일 21시,수요일,서울특별시 송파구 장지동,중상사고,0,1,0,1,차대사람 - 기타,안전운전불이행,포장 - 젖음/습기,흐림,교차로 - 교차로안,이륜,남,59세,부상신고,보행자,남,47세,중상
3702,2021070700100602,2021년 7월 7일 22시,수요일,서울특별시 성동구 성수동2가,중상사고,0,1,0,0,차대사람 - 횡단중,신호위반,포장 - 젖음/습기,비,교차로 - 교차로횡단보도내,이륜,남,24세,상해없음,보행자,남,43세,중상
3703,2021070700100636,2021년 7월 7일 23시,수요일,서울특별시 성북구 장위동,부상신고사고,0,0,0,1,차대사람 - 기타,안전운전불이행,포장 - 젖음/습기,비,기타 - 기타,승용,여,54세,상해없음,보행자,남,51세,부상신고
3704,2021070800100042,2021년 7월 8일 05시,목요일,서울특별시 강서구 화곡동,중상사고,0,1,0,0,차대사람 - 기타,안전운전불이행,포장 - 건조,맑음,단일로 - 기타,승합,남,42세,상해없음,보행자,여,71세,중상
3705,2021070800100057,2021년 7월 8일 07시,목요일,서울특별시 광진구 군자동,경상사고,0,0,1,0,차대사람 - 기타,안전운전불이행,포장 - 건조,맑음,기타 - 기타,승합,남,52세,상해없음,보행자,여,61세,경상
3706,2021070800100059,2021년 7월 8일 07시,목요일,서울특별시 노원구 월계동,경상사고,0,0,1,0,차대사람 - 기타,안전운전불이행,포장 - 건조,맑음,단일로 - 기타,승용,여,24세,상해없음,보행자,여,42세,경상
3707,2021070800100123,2021년 7월 8일 09시,목요일,서울특별시 서초구 방배동,경상사고,0,0,1,0,차대사람 - 횡단중,안전운전불이행,포장 - 건조,맑음,단일로 - 기타,승용,남,33세,상해없음,보행자,여,21세,경상
3708,2021070800100158,2021년 7월 8일 10시,목요일,서울특별시 강서구 화곡동,중상사고,0,1,0,0,차대사람 - 기타,신호위반,포장 - 건조,맑음,교차로 - 교차로안,이륜,남,55세,기타불명,보행자,여,87세,중상
3709,2021070800100164,2021년 7월 8일 10시,목요일,서울특별시 강남구 수서동,중상사고,0,1,0,0,차대사람 - 횡단중,안전운전불이행,포장 - 건조,맑음,단일로 - 기타,승합,남,33세,상해없음,보행자,남,70세,중상
3710,2021070800100228,2021년 7월 8일 12시,목요일,서울특별시 성북구 보문동4가,경상사고,0,0,1,0,차대사람 - 기타,기타,포장 - 건조,맑음,단일로 - 기타,이륜,남,79세,상해없음,보행자,남,79세,경상
3711,2021070800100229,2021년 7월 8일 12시,목요일,서울특별시 성동구 성수동1가,경상사고,0,0,1,0,차대사람 - 기타,안전운전불이행,포장 - 건조,맑음,단일로 - 기타,이륜,남,52세,상해없음,보행자,남,45세,경상
3712,2021070800100255,2021년 7월 8일 13시,목요일,서울특별시 강서구 개화동,중상사고,0,1,0,0,차대사람 - 횡단중,보행자보호의무위반,포장 - 건조,맑음,교차로 - 교차로횡단보도내,승합,남,60세,상해없음,보행자,여,58세,중상
3713,2021070800100257,2021년 7월 8일 13시,목요일,서울특별시 양천구 신정동,경상사고,0,0,1,0,차대사람 - 횡단중,신호위반,포장 - 건조,맑음,교차로 - 교차로안,승용,여,52세,상해없음,보행자,여,59세,경상
3714,2021070800100355,2021년 7월 8일 16시,목요일,서울특별시 강서구 내발산동,경상사고,0,0,1,0,차대사람 - 기타,안전운전불이행,포장 - 건조,맑음,단일로 - 기타,승용,남,73세,상해없음,보행자,남,15세,경상
3715,2021070800100474,2021년 7월 8일 19시,목요일,서울특별시 성북구 하월곡동,경상사고,0,0,1,0,차대사람 - 횡단중,보행자보호의무위반,포장 - 건조,맑음,단일로 - 기타,승용,남,60세,상해없음,보행자,여,36세,경상
3716,2021070800100561,2021년 7월 8일 22시,목요일,서울특별시 동작구 본동,중상사고,0,1,0,0,차대사람 - 기타,기타,포장 - 건조,맑음,단일로 - 기타,승합,남,55세,상해없음,보행자,남,61세,중상