,사고번호,사고일시,요일,시군구,사고내용,사망자수,중상자수,경상자수,부상신고자수,사고유형,법규위반,노면상태,기상상태,도로형태,가해운전자 차종,가해운전자 성별,가해운전자 연령,가해운전자 상해정도,피해운전자 차종,피해운전자 성별,피해운전자 연령,피해운전자 상해정도
3830,2021071500100392,2021년 7월 15일 17시,목요일,서울특별시 중랑구 면목동,경상사고,0,0,1,0,차대사람 - 기타,안전운전불이행,포장 - 건조,맑음,단일로 - 기타,승용,여,47세,상해없음,보행자,여,67세,경상
3831,2021071500100393,2021년 7월 15일 17시,목요일,서울특별시 중랑구 신내동,경상사고,0,0,1,0,차대사람 - 기타,안전운전불이행,포장 - 젖음/습기,비,단일로 - 기타,이륜,남,49세,상해없음,보행자,남,61세,경상
3832,2021071500100396,2021년 7월 15일 17시,목요일,서울특별시 강서구 가양동,중상사고,0,1,0,0,차대사람 - 기타,안전운전불이행,포장 - 건조,맑음,기타 - 기타,자전거,남,14세,상해없음,보행자,여,65세,중상
3833,2021071500100433,2021년 7월 15일 18시,목요일,서울특별시 동대문구 전농동,사망사고,1,0,0,0,차대사람 - 횡단중,보행자보호의무위반,포장 - 건조,맑음,교차로 - 교차로횡단보도내,이륜,남,49세,상해없음,보행자,여,58세,사망
3834,2021071500100436,2021년 7월 15일 18시,목요일,서울특별시 강서구 화곡동,중상사고,0,1,0,0,차대사람 - 횡단중,안전운전불이행,포장 - 건조,맑음,교차로 - 교차로부근,승용,남,44세,상해없음,보행자,여,25세,중상
3835,2021071500100441,2021년 7월 15일 18시,목요일,서울특별시 서초구 방배동,중상사고,0,1,0,0,차대사람 - 횡단중,보행자보호의무위반,포장 - 건조,맑음,교차로 - 교차로안,사륜오토바이(ATV),남,24세,상해없음,보행자,여,9세,중상
3836,2021071500100498,2021년 7월 15일 19시,목요일,서울특별시 마포구 망원동,중상사고,0,1,0,2,차대사람 - 기타,안전운전불이행,포장 - 건조,맑음,단일로 - 기타,승용,여,77세,상해없음,보행자,남,45세,중상
3837,2021071500100501,2021년 7월 15일 19시,목요일,서울특별시 송파구 방이동,부상신고사고,0,0,0,1,차대사람 - 기타,안전운전불이행,포장 - 건조,맑음,교차로 - 교차로부근,개인형이동수단(PM),남,27세,상해없음,보행자,남,38세,부상신고
3838,2021071500100585,2021년 7월 15일 22시,목요일,서울특별시 강서구 개화동,경상사고,0,0,1,0,차대사람 - 기타,기타,포장 - 건조,맑음,단일로 - 기타,승합,남,31세,상해없음,보행자,남,60세,경상
3839,2021071600100173,2021년 7월 16일 11시,금요일,서울특별시 성동구 마장동,중상사고,0,1,0,0,차대사람 - 횡단중,중앙선침범,포장 - 건조,맑음,단일로 - 기타,승용,여,24세,상해없음,보행자,여,80세,중상
3840,2021071600100175,2021년 7월 16일 11시,금요일,서울특별시 중랑구 면목동,중상사고,0,1,0,0,차대사람 - 차도통행중,신호위반,포장 - 건조,맑음,교차로 - 교차로안,화물,남,56세,상해없음,보행자,여,85세,중상
3841,2021071600100359,2021년 7월 16일 16시,금요일,서울특별시 강서구 마곡동,중상사고,0,1,0,0,차대사람 - 횡단중,안전운전불이행,포장 - 건조,맑음,단일로 - 기타,승용,여,54세,기타불명,보행자,여,31세,중상
3842,2021071600100361,2021년 7월 16일 16시,금요일,서울특별시 송파구 잠실동,경상사고,0,0,1,0,차대사람 - 기타,안전운전불이행,포장 - 건조,맑음,단일로 - 기타,화물,남,57세,상해없음,보행자,남,38세,경상
3843,2021071600100403,2021년 7월 16일 17시,금요일,서울특별시 동대문구 이문동,경상사고,0,0,1,0,차대사람 - 차도통행중,안전운전불이행,포장 - 건조,맑음,단일로 - 기타,승용,남,59세,상해없음,보행자,남,7세,경상
3844,2021071600100451,2021년 7월 16일 18시,금요일,서울특별시 양천구 신정동,경상사고,0,0,1,0,차대사람 - 기타,안전운전불이행,포장 - 건조,맑음,교차로 - 교차로부근,승용,여,56세,상해없음,보행자,여,21세,경상
3845,2021071600100512,2021년 7월 16일 19시,금요일,서울특별시 강북구 번동,경상사고,0,0,1,0,차대사람 - 횡단중,안전운전불이행,포장 - 건조,맑음,단일로 - 기타,이륜,남,24세,상해없음,보행자,여,70세,경상
3846,2021071600100513,2021년 7월 16일 19시,금요일,서울특별시 동대문구 회기동,경상사고,0,0,1,0,차대사람 - 보도통행중,기타,포장 - 건조,맑음,교차로 - 교차로부근,이륜,남,54세,상해없음,보행자,여,38세,경상
3847,2021071600100559,2021년 7월 16일 20시,금요일,서울특별시 서대문구 냉천동,사망사고,1,1,0,0,차대사람 - 횡단중,보행자보호의무위반,포장 - 건조,맑음,교차로 - 교차로횡단보도내,승용,남,33세,상해없음,보행자,여,61세,사망
3848,2021071600100561,2021년 7월 16일 20시,금요일,서울특별시 성동구 행당동,중상사고,0,1,0,0,차대사람 - 횡단중,안전운전불이행,포장 - 건조,맑음,단일로 - 기타,승용,남,49세,상해없음,보행자,여,72세,중상
3849,2021071600100564,2021년 7월 16일 20시,금요일,서울특별시 강서구 화곡동,경상사고,0,0,1,0,차대사람 - 길가장자리구역통행중,기타,포장 - 건조,흐림,교차로 - 교차로안,승합,남,62세,상해없음,보행자,여,32세,경상
3850,2021071600100567,2021년 7월 16일 20시,금요일,서울특별시 도봉구 방학동,중상사고,0,1,0,0,차대사람 - 보도통행중,기타,포장 - 건조,맑음,단일로 - 기타,이륜,남,21세,상해없음,보행자,남,44세,중상
3851,2021071600100568,2021년 7월 16일 20시,금요일,서울특별시 도봉구 쌍문동,경상사고,0,0,1,0,차대사람 - 기타,안전운전불이행,포장 - 건조,맑음,교차로 - 교차로안,화물,남,61세,상해없음,보행자,여,18세,경상
3852,2021071600100603,2021년 7월 16일 21시,금요일,서울특별시 송파구 잠실동,경상사고,0,0,1,0,차대사람 - 기타,안전운전불이행,포장 - 건조,흐림,단일로 - 기타,승용,남,50세,상해없음,보행자,남,46세,경상
3853,2021071600100604,2021년 7월 16일 21시,금요일,서울특별시 노원구 공릉동,경상사고,0,0,1,0,차대사람 - 기타,안전운전불이행,포장 - 건조,맑음,단일로 - 기타,개인형이동수단(PM),여,23세,기타불명,보행자,여,37세,경상
3854,2021071600100640,2021년 7월 16일 22시,금요일,서울특별시 은평구 신사동,경상사고,0,0,2,0,차대사람 - 기타,안전운전불이행,포장 - 건조,맑음,단일로 - 기타,화물,남,48세,상해없음,보행자,남,52세,경상
3855,2021071600100646,2021년 7월 16일 22시,금요일,서울특별시 강남구 역삼동,경상사고,0,0,1,0,차대사람 - 횡단중,보행자보호의무위반,포장 - 기타,맑음,교차로 - 교차로횡단보도내,승용,남,57세,상해없음,보행자,남,30세,경상
3856,2021071600100648,2021년 7월 16일 22시,금요일,서울특별시 구로구 개봉동,중상사고,0,1,0,0,차대사람 - 기타,신호위반,포장 - 건조,맑음,단일로 - 기타,승용,남,66세,상해없음,보행자,여,61세,중상
3857,2021071600100649,2021년 7월 16일 22시,금요일,서울특별시 도봉구 도봉동,중상사고,0,1,0,0,차대사람 - 기타,안전운전불이행,포장 - 건조,맑음,교차로 - 교차로부근,승용,여,43세,상해없음,보행자,여,29세,중상
3858,2021071700100051,2021년 7월 17일 06시,토요일,서울특별시 관악구 신림동,경상사고,0,0,1,0,차대사람 - 기타,안전운전불이행,포장 - 건조,맑음,단일로 - 기타,승합,남,45세,상해없음,보행자,여,30세,경상
3859,2021071700100064,2021년 7월 17일 07시,토요일,서울특별시 동작구 노량진동,경상사고,0,0,1,0,차대사람 - 횡단중,보행자보호의무위반,포장 - 건조,맑음,교차로 - 교차로횡단보도내,화물,남,71세,상해없음,보행자,남,27세,경상
3860,2021071700100079,2021년 7월 17일 08시,토요일,서울특별시 동대문구 용두동,경상사고,0,0,1,0,차대사람 - 횡단중,보행자보호의무위반,포장 - 건조,맑음,단일로 - 기타,승용,남,58세,상해없음,보행자,여,74세,경상
3861,2021071700100080,2021년 7월 17일 08시,토요일,서울특별시 송파구 방이동,중상사고,0,1,0,0,차대사람 - 횡단중,보행자보호의무위반,포장 - 건조,맑음,단일로 - 기타,승용,남,60세,상해없음,보행자,남,52세,중상
3862,2021071700100083,2021년 7월 17일 08시,토요일,서울특별시 강남구 대치동,중상사고,0,1,0,0,차대사람 - 횡단중,중앙선침범,포장 - 건조,맑음,단일로 - 기타,승용,남,66세,상해없음,보행자,남,72세,중상
3863,2021071700100099,2021년 7월 17일 09시,토요일,서울특별시 중구 황학동,경상사고,0,0,1,0,차대사람 - 차도통행중,안전운전불이행,포장 - 건조,맑음,교차로 - 교차로안,화물,남,52세,상해없음,보행자,여,56세,경상
3864,2021071700100130,2021년 7월 17일 10시,토요일,서울특별시 동대문구 전농동,경상사고,0,0,1,0,차대사람 - 보도통행중,보행자보호의무위반,포장 - 건조,맑음,단일로 - 기타,승용,여,49세,상해없음,보행자,여,25세,경상
3865,2021071700100167,2021년 7월 17일 11시,토요일,서울특별시 종로구 가회동,경상사고,0,0,1,0,차대사람 - 횡단중,안전운전불이행,포장 - 건조,맑음,단일로 - 기타,승용,남,49세,상해없음,보행자,여,18세,경상
3866,2021071700100169,2021년 7월 17일 11시,토요일,서울특별시 관악구 신림동,경상사고,0,0,1,0,차대사람 - 기타,안전운전불이행,포장 - 건조,맑음,단일로 - 기타,자전거,남,31세,상해없음,보행자,여,74세,경상
3867,2021071700100254,2021년 7월 17일 13시,토요일,서울특별시 중랑구 면목동,중상사고,0,1,0,0,차대사람 - 보도통행중,안전운전불이행,포장 - 건조,맑음,단일로 - 기타,기타불명,기타불명,미분류,기타불명,보행자,여,66세,중상
3868,2021071700100256,2021년 7월 17일 13시,토요일,서울특별시 서초구 반포동,경상사고,0,0,1,0,차대사람 - 차도통행중,안전운전불이행,포장 - 건조,맑음,단일로 - 기타,승용,남,57세,상해없음,보행자,여,78세,경상
3869,2021071700100404,2021년 7월 17일 17시,토요일,서울특별시 구로구 구로동,경상사고,0,0,1,0,차대사람 - 기타,안전운전불이행,포장 - 건조,맑음,단일로 - 기타,승합,남,48세,상해없음,보행자,여,27세,경상
3870,2021071700100480,2021년 7월 17일 19시,토요일,서울특별시 강서구 화곡동,중상사고,0,1,0,0,차대사람 - 횡단중,중앙선침범,포장 - 건조,맑음,교차로 - 교차로부근,이륜,남,27세,기타불명,보행자,여,73세,중상
3871,2021071700100508,2021년 7월 17일 20시,토요일,서울특별시 노원구 상계동,중상사고,0,1,1,0,차대사람 - 차도통행중,안전운전불이행,포장 - 건조,맑음,단일로 - 기타,자전거,남,44세,경상,보행자,여,65세,중상
3872,2021071700100532,2021년 7월 17일 21시,토요일,서울특별시 은평구 녹번동,중상사고,0,1,0,0,차대사람 - 기타,기타,포장 - 건조,맑음,기타 - 기타,화물,남,61세,상해없음,보행자,여,46세,중상
3873,2021071700100535,2021년 7월 17일 21시,토요일,서울특별시 마포구 연남동,부상신고사고,0,0,0,1,차대사람 - 기타,안전운전불이행,포장 - 건조,맑음,단일로 - 기타,승용,남,55세,상해없음,보행자,남,35세,부상신고
3874,2021071700100536,2021년 7월 17일 21시,토요일,서울특별시 강남구 삼성동,경상사고,0,0,1,0,차대사람 - 차도통행중,안전운전불이행,포장 - 기타,기타,단일로 - 기타,승용,여,25세,상해없음,보행자,남,27세,경상
3875,2021071700100537,2021년 7월 17일 21시,토요일,서울특별시 강남구 논현동,경상사고,0,0,1,0,차대사람 - 기타,안전운전불이행,포장 - 건조,맑음,단일로 - 기타,승용,남,59세,상해없음,보행자,남,74세,경상
3876,2021071700100575,2021년 7월 17일 22시,토요일,서울특별시 성동구 성수동1가,경상사고,0,0,1,0,차대사람 - 기타,안전운전불이행,포장 - 건조,맑음,단일로 - 기타,승용,남,31세,상해없음,보행자,남,35세,경상
3877,2021071700100600,2021년 7월 17일 23시,토요일,서울특별시 중랑구 묵동,경상사고,0,0,1,0,차대사람 - 기타,안전운전불이행,포장 - 건조,기타,단일로 - 기타,승용,남,21세,상해없음,보행자,남,38세,경상
3878,2021071800100002,2021년 7월 18일 00시,일요일,서울특별시 강동구 암사동,경상사고,0,0,1,0,차대사람 - 기타,안전운전불이행,포장 - 건조,맑음,단일로 - 기타,승합,여,61세,상해없음,보행자,남,46세,경상
3879,2021071800100016,2021년 7월 18일 01시,일요일,서울특별시 중랑구 면목동,경상사고,0,0,1,0,차대사람 - 기타,안전운전불이행,포장 - 건조,맑음,교차로 - 교차로안,승용,남,64세,상해없음,보행자,남,51세,경상
3880,2021071800100051,2021년 7월 18일 08시,일요일,서울특별시 동작구 사당동,부상신고사고,0,0,0,1,차대사람 - 기타,안전운전불이행,포장 - 건조,맑음,단일로 - 기타,승용,남,63세,상해없음,보행자,남,69세,부상신고
3881,2021071800100062,2021년 7월 18일 09시,일요일,서울특별시 동작구 사당동,중상사고,0,1,0,0,차대사람 - 보도통행중,기타,포장 - 건조,맑음,단일로 - 기타,자전거,여,36세,상해없음,보행자,여,57세,중상
3882,2021071800100278,2021년 7월 18일 17시,일요일,서울특별시 영등포구 대림동,경상사고,0,0,1,0,차대사람 - 횡단중,신호위반,포장 - 건조,맑음,교차로 - 교차로안,승용,남,64세,상해없음,보행자,남,29세,경상
3883,2021071800100421,2021년 7월 18일 22시,일요일,서울특별시 광진구 화양동,경상사고,0,0,1,0,차대사람 - 기타,안전운전불이행,포장 - 건조,맑음,단일로 - 기타,승용,여,26세,상해없음,보행자,남,24세,경상
3884,2021071800100423,2021년 7월 18일 22시,일요일,서울특별시 강서구 방화동,중상사고,0,1,0,0,차대사람 - 기타,안전운전불이행,포장 - 젖음/습기,비,교차로 - 교차로안,승용,남,56세,상해없음,보행자,여,69세,중상
3885,2021071800100424,2021년 7월 18일 22시,일요일,서울특별시 송파구 방이동,경상사고,0,0,1,0,차대사람 - 횡단중,안전운전불이행,포장 - 건조,맑음,교차로 - 교차로안,승용,남,61세,상해없음,보행자,남,29세,경상
3886,2021071900100052,2021년 7월 19일 07시,월요일,서울특별시 서대문구 연희동,경상사고,0,0,1,0,차대사람 - 기타,기타,포장 - 건조,맑음,단일로 - 기타,승용,남,77세,상해없음,보행자,여,65세,경상
3887,2021071900100075,2021년 7월 19일 08시,월요일,서울특별시 강북구 번동,중상사고,0,1,0,0,차대사람 - 기타,안전운전불이행,포장 - 건조,맑음,교차로 - 교차로안,승용,남,56세,상해없음,보행자,여,80세,중상
3888,2021071900100077,2021년 7월 19일 08시,월요일,서울특별시 동대문구 제기동,경상사고,0,0,1,0,차대사람 - 차도통행중,안전운전불이행,포장 - 건조,맑음,단일로 - 기타,승용,여,58세,상해없음,보행자,여,75세,경상
3889,2021071900100079,2021년 7월 19일 08시,월요일,서울특별시 마포구 동교동,사망사고,1,0,0,0,차대사람 - 횡단중,안전운전불이행,포장 - 건조,맑음,단일로 - 기타,승합,남,58세,상해없음,보행자,여,77세,사망
3890,2021071900100116,2021년 7월 19일 09시,월요일,서울특별시 성북구 보문동7가,중상사고,0,1,0,0,차대사람 - 기타,안전운전불이행,포장 - 건조,맑음,기타 - 기타,승용,남,50세,상해없음,보행자,여,72세,중상
3891,2021071900100155,2021년 7월 19일 10시,월요일,서울특별시 도봉구 쌍문동,중상사고,0,1,0,0,차대사람 - 기타,안전운전불이행,포장 - 건조,맑음,교차로 - 교차로부근,화물,남,62세,상해없음,보행자,여,83세,중상
3892,2021071900100156,2021년 7월 19일 10시,월요일,서울특별시 서초구 반포동,경상사고,0,0,1,0,차대사람 - 차도통행중,안전운전불이행,포장 - 건조,맑음,단일로 - 기타,승용,여,62세,상해없음,보행자,여,36세,경상
3893,2021071900100179,2021년 7월 19일 11시,월요일,서울특별시 강남구 논현동,경상사고,0,0,1,0,차대사람 - 기타,기타,포장 - 건조,맑음,단일로 - 기타,기타불명,기타불명,미분류,기타불명,보행자,여,27세,경상
3894,2021071900100222,2021년 7월 19일 12시,월요일,서울특별시 강서구 공항동,경상사고,0,0,1,0,차대사람 - 기타,안전운전불이행,포장 - 건조,흐림,단일로 - 기타,승용,남,61세,상해없음,보행자,남,47세,경상
3895,2021071900100224,2021년 7월 19일 12시,월요일,서울특별시 구로구 항동,중상사고,0,1,0,0,차대사람 - 보도통행중,기타,포장 - 건조,맑음,단일로 - 기타,승용,남,51세,상해없음,보행자,남,26세,중상
3896,2021071900100260,2021년 7월 19일 13시,월요일,서울특별시 영등포구 문래동4가,경상사고,0,0,1,0,차대사람 - 기타,안전운전불이행,포장 - 건조,맑음,교차로 - 교차로안,승용,남,20세,상해없음,보행자,남,21세,경상
3897,2021071900100286,2021년 7월 19일 14시,월요일,서울특별시 성북구 정릉동,경상사고,0,0,1,0,차대사람 - 기타,신호위반,포장 - 젖음/습기,비,단일로 - 기타,승용,여,32세,상해없음,보행자,여,16세,경상
3898,2021071900100287,2021년 7월 19일 14시,월요일,서울특별시 마포구 서교동,경상사고,0,0,1,0,차대사람 - 차도통행중,안전운전불이행,포장 - 젖음/습기,비,교차로 - 교차로안,이륜,남,53세,상해없음,보행자,남,39세,경상
3899,2021071900100288,2021년 7월 19일 14시,월요일,서울특별시 마포구 아현동,경상사고,0,0,1,0,차대사람 - 기타,불법유턴,포장 - 건조,맑음,단일로 - 기타,승용,남,60세,기타불명,보행자,남,23세,경상
3900,2021071900100335,2021년 7월 19일 15시,월요일,서울특별시 구로구 구로동,경상사고,0,0,1,0,차대사람 - 보도통행중,보행자보호의무위반,포장 - 젖음/습기,비,교차로 - 교차로횡단보도내,승용,남,32세,상해없음,보행자,여,46세,경상
3901,2021071900100368,2021년 7월 19일 16시,월요일,서울특별시 동작구 상도동,경상사고,0,0,1,0,차대사람 - 횡단중,안전운전불이행,포장 - 건조,맑음,단일로 - 기타,승용,남,66세,상해없음,보행자,남,8세,경상
3902,2021071900100370,2021년 7월 19일 16시,월요일,서울특별시 송파구 송파동,경상사고,0,0,1,0,차대사람 - 차도통행중,안전운전불이행,포장 - 건조,맑음,단일로 - 기타,승용,여,46세,상해없음,보행자,남,28세,경상
3903,2021071900100408,2021년 7월 19일 17시,월요일,서울특별시 성북구 장위동,경상사고,0,0,1,0,차대사람 - 보도통행중,안전운전불이행,포장 - 건조,맑음,단일로 - 기타,승합,남,51세,상해없음,보행자,여,65세,경상
3904,2021071900100441,2021년 7월 19일 18시,월요일,서울특별시 광진구 구의동,경상사고,0,0,1,0,차대사람 - 기타,안전운전불이행,포장 - 건조,맑음,단일로 - 기타,승용,남,31세,상해없음,보행자,여,25세,경상
3905,2021071900100482,2021년 7월 19일 19시,월요일,서울특별시 영등포구 신길동,중상사고,0,1,0,0,차대사람 - 길가장자리구역통행중,안전운전불이행,포장 - 건조,맑음,단일로 - 기타,화물,남,41세,상해없음,보행자,여,88세,중상
3906,2021071900100519,2021년 7월 19일 20시,월요일,서울특별시 마포구 성산동,부상신고사고,0,0,0,1,차대사람 - 횡단중,안전운전불이행,포장 - 젖음/습기,맑음,교차로 - 교차로안,승용,남,60세,상해없음,보행자,남,64세,부상신고
3907,2021071900100520,2021년 7월 19일 20시,월요일,서울특별시 관악구 신림동,경상사고,0,0,1,0,차대사람 - 횡단중,안전운전불이행,포장 - 건조,맑음,단일로 - 기타,승용,남,76세,상해없음,보행자,남,59세,경상
3908,2021071900100521,2021년 7월 19일 20시,월요일,서울특별시 관악구 봉천동,경상사고,0,0,1,0,차대사람 - 횡단중,안전운전불이행,포장 - 젖음/습기,비,단일로 - 기타,이륜,남,40세,상해없음,보행자,여,24세,경상
3909,2021071900100523,2021년 7월 19일 20시,월요일,서울특별시 송파구 방이동,경상사고,0,0,1,0,차대사람 - 기타,안전운전불이행,포장 - 건조,맑음,기타 - 기타,승용,남,72세,상해없음,보행자,여,39세,경상
3910,2021071900100567,2021년 7월 19일 22시,월요일,서울특별시 영등포구 대림동,중상사고,0,1,0,0,차대사람 - 길가장자리구역통행중,안전운전불이행,포장 - 건조,맑음,교차로 - 교차로안,승용,여,46세,기타불명,보행자,여,68세,중상
3911,2021072000100001,2021년 7월 20일 00시,화요일,서울특별시 은평구 신사동,중상사고,0,1,0,0,차대사람 - 횡단중,신호위반,포장 - 건조,맑음,교차로 - 교차로횡단보도내,이륜,남,19세,상해없음,보행자,남,27세,중상
3912,2021072000100002,2021년 7월 20일 00시,화요일,서울특별시 양천구 신월동,부상신고사고,0,0,0,1,차대사람 - 기타,안전운전불이행,포장 - 건조,맑음,단일로 - 기타,기타불명,기타불명,미분류,기타불명,보행자,남,24세,부상신고
3913,2021072000100014,2021년 7월 20일 02시,화요일,서울특별시 구로구 개봉동,중상사고,0,1,0,0,차대사람 - 기타,안전운전불이행,포장 - 건조,맑음,단일로 - 기타,화물,남,48세,상해없음,보행자,남,53세,중상
3914,2021072000100023,2021년 7월 20일 05시,화요일,서울특별시 강서구 화곡동,중상사고,0,1,0,0,차대사람 - 횡단중,안전운전불이행,포장 - 건조,맑음,단일로 - 기타,화물,남,23세,상해없음,보행자,남,67세,중상
3915,2021072000100050,2021년 7월 20일 08시,화요일,서울특별시 중랑구 묵동,중상사고,0,1,0,0,차대사람 - 기타,안전운전불이행,포장 - 건조,맑음,교차로 - 교차로안,승용,여,34세,상해없음,보행자,여,91세,중상
3916,2021072000100054,2021년 7월 20일 08시,화요일,서울특별시 도봉구 방학동,중상사고,0,1,0,0,차대사람 - 횡단중,안전운전불이행,포장 - 건조,맑음,단일로 - 기타,승용,여,41세,상해없음,보행자,여,24세,중상
3917,2021072000100055,2021년 7월 20일 08시,화요일,서울특별시 강남구 도곡동,경상사고,0,0,1,0,차대사람 - 기타,기타,포장 - 건조,맑음,단일로 - 기타,승용,남,34세,상해없음,보행자,여,43세,경상
3918,2021072000100091,2021년 7월 20일 09시,화요일,서울특별시 금천구 독산동,중상사고,0,1,0,0,차대사람 - 기타,안전운전불이행,포장 - 건조,맑음,단일로 - 기타,승용,여,69세,상해없음,보행자,여,51세,중상
3919,2021072000100092,2021년 7월 20일 09시,화요일,서울특별시 강남구 청담동,중상사고,0,1,0,0,차대사람 - 기타,안전운전불이행,포장 - 건조,맑음,단일로 - 기타,화물,남,60세,상해없음,보행자,여,28세,중상
3920,2021072000100119,2021년 7월 20일 10시,화요일,서울특별시 은평구 역촌동,중상사고,0,1,0,0,차대사람 - 횡단중,안전운전불이행,포장 - 건조,맑음,단일로 - 기타,이륜,남,39세,상해없음,보행자,여,74세,중상
3921,2021072000100124,2021년 7월 20일 10시,화요일,서울특별시 노원구 공릉동,중상사고,0,1,0,0,차대사람 - 횡단중,신호위반,포장 - 건조,맑음,교차로 - 교차로안,이륜,남,34세,상해없음,보행자,여,78세,중상
3922,2021072000100221,2021년 7월 20일 13시,화요일,서울특별시 종로구 내자동,중상사고,0,1,0,0,차대사람 - 기타,안전운전불이행,포장 - 건조,맑음,단일로 - 기타,자전거,남,74세,상해없음,보행자,남,63세,중상
3923,2021072000100256,2021년 7월 20일 14시,화요일,서울특별시 중구 신당동,경상사고,0,0,1,0,차대사람 - 차도통행중,안전운전불이행,포장 - 건조,맑음,교차로 - 교차로부근,화물,남,61세,상해없음,보행자,남,62세,경상
3924,2021072000100294,2021년 7월 20일 15시,화요일,서울특별시 양천구 신정동,중상사고,0,1,0,0,차대사람 - 기타,안전운전불이행,포장 - 건조,맑음,단일로 - 기타,승용,남,40세,상해없음,보행자,남,69세,중상
3925,2021072000100320,2021년 7월 20일 16시,화요일,서울특별시 용산구 한강로1가,경상사고,0,0,1,0,차대사람 - 기타,안전운전불이행,포장 - 건조,맑음,기타 - 기타,화물,남,27세,상해없음,보행자,여,23세,경상
3926,2021072000100324,2021년 7월 20일 16시,화요일,서울특별시 구로구 오류동,중상사고,0,1,0,0,차대사람 - 기타,보행자보호의무위반,포장 - 건조,맑음,교차로 - 교차로횡단보도내,화물,남,62세,상해없음,보행자,여,87세,중상
3927,2021072000100326,2021년 7월 20일 16시,화요일,서울특별시 양천구 신정동,경상사고,0,0,1,0,차대사람 - 횡단중,안전운전불이행,포장 - 건조,맑음,교차로 - 교차로안,승용,여,45세,상해없음,보행자,여,28세,경상
3928,2021072000100327,2021년 7월 20일 16시,화요일,서울특별시 양천구 신월동,중상사고,0,1,0,0,차대사람 - 기타,기타,포장 - 건조,맑음,기타 - 기타,승용,여,51세,상해없음,보행자,남,58세,중상
3929,2021072000100328,2021년 7월 20일 16시,화요일,서울특별시 양천구 신월동,중상사고,0,1,0,0,차대사람 - 기타,안전운전불이행,포장 - 건조,맑음,기타 - 기타,승용,여,51세,상해없음,보행자,남,58세,중상
3930,2021072000100371,2021년 7월 20일 17시,화요일,서울특별시 구로구 항동,중상사고,0,1,0,0,차대사람 - 기타,기타,포장 - 건조,맑음,단일로 - 기타,승합,남,53세,상해없음,보행자,여,57세,중상
3931,2021072000100454,2021년 7월 20일 19시,화요일,서울특별시 은평구 녹번동,중상사고,0,1,0,0,차대사람 - 횡단중,신호위반,포장 - 건조,맑음,교차로 - 교차로횡단보도내,승용,여,62세,상해없음,보행자,여,52세,중상
3932,2021072000100456,2021년 7월 20일 19시,화요일,서울특별시 노원구 상계동,경상사고,0,0,1,0,차대사람 - 횡단중,안전운전불이행,포장 - 건조,맑음,교차로 - 교차로부근,승용,여,49세,상해없음,보행자,남,52세,경상
3933,2021072000100478,2021년 7월 20일 20시,화요일,서울특별시 송파구 잠실동,경상사고,0,0,1,0,차대사람 - 길가장자리구역통행중,교차로운행방법위반,포장 - 건조,기타,교차로 - 교차로부근,이륜,남,17세,상해없음,보행자,남,28세,경상
3934,2021072000100514,2021년 7월 20일 21시,화요일,서울특별시 송파구 가락동,중상사고,0,1,0,0,차대사람 - 기타,안전운전불이행,포장 - 건조,맑음,단일로 - 기타,이륜,남,46세,기타불명,보행자,여,66세,중상
3935,2021072000100515,2021년 7월 20일 21시,화요일,서울특별시 구로구 구로동,경상사고,0,0,1,0,차대사람 - 횡단중,신호위반,포장 - 건조,맑음,교차로 - 교차로안,승용,남,63세,상해없음,보행자,여,64세,경상
3936,2021072000100537,2021년 7월 20일 22시,화요일,서울특별시 양천구 신월동,부상신고사고,0,0,0,1,차대사람 - 기타,안전운전불이행,포장 - 건조,맑음,기타 - 기타,승용,남,26세,상해없음,보행자,여,28세,부상신고
3937,2021072100100037,2021년 7월 21일 06시,수요일,서울특별시 은평구 불광동,경상사고,0,0,1,0,차대사람 - 기타,안전운전불이행,포장 - 건조,맑음,단일로 - 기타,화물,남,32세,상해없음,보행자,여,60세,경상
3938,2021072100100048,2021년 7월 21일 07시,수요일,서울특별시 관악구 신림동,중상사고,0,1,0,0,차대사람 - 기타,안전운전불이행,포장 - 건조,맑음,기타 - 기타,승용,여,66세,상해없음,보행자,남,86세,중상
3939,2021072100100074,2021년 7월 21일 08시,수요일,서울특별시 성북구 정릉동,사망사고,1,0,0,0,차대사람 - 횡단중,보행자보호의무위반,포장 - 건조,맑음,교차로 - 교차로횡단보도내,화물,남,56세,상해없음,보행자,남,72세,사망
3940,2021072100100077,2021년 7월 21일 08시,수요일,서울특별시 성동구 행당동,경상사고,0,0,1,0,차대사람 - 보도통행중,기타,포장 - 건조,맑음,단일로 - 기타,이륜,남,38세,상해없음,보행자,여,30세,경상
3941,2021072100100238,2021년 7월 21일 12시,수요일,서울특별시 금천구 시흥동,경상사고,0,0,1,0,차대사람 - 보도통행중,안전운전불이행,포장 - 건조,맑음,교차로 - 교차로안,승용,여,31세,상해없음,보행자,여,9세,경상
3942,2021072100100239,2021년 7월 21일 12시,수요일,서울특별시 중랑구 망우동,경상사고,0,0,1,0,차대사람 - 횡단중,보행자보호의무위반,포장 - 건조,맑음,교차로 - 교차로부근,승용,여,79세,상해없음,보행자,남,61세,경상