,사고번호,사고일시,요일,시군구,사고내용,사망자수,중상자수,경상자수,부상신고자수,사고유형,법규위반,노면상태,기상상태,도로형태,가해운전자 차종,가해운전자 성별,가해운전자 연령,가해운전자 상해정도,피해운전자 차종,피해운전자 성별,피해운전자 연령,피해운전자 상해정도
4280,2021081000100077,2021년 8월 10일 09시,화요일,서울특별시 노원구 월계동,중상사고,0,1,0,0,차대사람 - 차도통행중,중앙선침범,포장 - 건조,맑음,단일로 - 기타,화물,남,67세,상해없음,보행자,여,78세,중상
4281,2021081000100102,2021년 8월 10일 10시,화요일,서울특별시 영등포구 영등포동,중상사고,0,1,0,0,차대사람 - 횡단중,안전운전불이행,포장 - 건조,맑음,단일로 - 기타,승용,여,34세,상해없음,보행자,여,62세,중상
4282,2021081000100106,2021년 8월 10일 10시,화요일,서울특별시 강남구 개포동,중상사고,0,1,0,0,차대사람 - 횡단중,안전운전불이행,포장 - 건조,맑음,교차로 - 교차로안,승용,남,37세,상해없음,보행자,여,66세,중상
4283,2021081000100178,2021년 8월 10일 12시,화요일,서울특별시 중랑구 묵동,경상사고,0,0,1,0,차대사람 - 기타,안전운전불이행,포장 - 건조,맑음,교차로 - 교차로부근,기타불명,남,56세,상해없음,보행자,남,41세,경상
4284,2021081000100248,2021년 8월 10일 14시,화요일,서울특별시 중구 을지로6가,경상사고,0,0,1,0,차대사람 - 기타,신호위반,포장 - 건조,맑음,단일로 - 기타,자전거,남,73세,기타불명,보행자,여,41세,경상
4285,2021081000100318,2021년 8월 10일 16시,화요일,서울특별시 관악구 신림동,경상사고,0,0,1,0,차대사람 - 기타,안전운전불이행,포장 - 건조,맑음,기타 - 기타,승용,남,61세,상해없음,보행자,남,31세,경상
4286,2021081000100379,2021년 8월 10일 18시,화요일,서울특별시 동대문구 장안동,중상사고,0,1,0,0,차대사람 - 횡단중,안전운전불이행,포장 - 건조,맑음,단일로 - 기타,승용,남,47세,상해없음,보행자,남,14세,중상
4287,2021081000100384,2021년 8월 10일 18시,화요일,서울특별시 노원구 상계동,경상사고,0,0,1,0,차대사람 - 기타,기타,포장 - 건조,맑음,단일로 - 기타,승합,남,47세,상해없음,보행자,여,53세,경상
4288,2021081000100428,2021년 8월 10일 19시,화요일,서울특별시 송파구 방이동,경상사고,0,0,1,0,차대사람 - 길가장자리구역통행중,안전운전불이행,포장 - 건조,맑음,단일로 - 기타,승용,남,59세,상해없음,보행자,여,29세,경상
4289,2021081000100470,2021년 8월 10일 20시,화요일,서울특별시 강남구 대치동,부상신고사고,0,0,0,1,차대사람 - 기타,안전운전불이행,포장 - 건조,맑음,단일로 - 기타,기타불명,기타불명,미분류,기타불명,보행자,남,56세,부상신고
4290,2021081000100500,2021년 8월 10일 21시,화요일,서울특별시 중랑구 면목동,경상사고,0,0,1,0,차대사람 - 횡단중,안전운전불이행,포장 - 건조,맑음,교차로 - 교차로부근,승용,여,41세,상해없음,보행자,여,48세,경상
4291,2021081000100524,2021년 8월 10일 22시,화요일,서울특별시 강북구 수유동,경상사고,0,0,1,0,차대사람 - 횡단중,안전운전불이행,포장 - 건조,맑음,단일로 - 기타,승용,남,52세,상해없음,보행자,남,41세,경상
4292,2021081000100525,2021년 8월 10일 22시,화요일,서울특별시 관악구 신림동,경상사고,0,0,1,0,차대사람 - 기타,안전운전불이행,포장 - 건조,맑음,단일로 - 기타,승용,여,30세,상해없음,보행자,남,19세,경상
4293,2021081000100528,2021년 8월 10일 22시,화요일,서울특별시 송파구 송파동,경상사고,0,0,1,1,차대사람 - 기타,안전운전불이행,포장 - 건조,맑음,단일로 - 기타,자전거,남,63세,부상신고,보행자,여,61세,경상
4294,2021081000100529,2021년 8월 10일 22시,화요일,서울특별시 서초구 서초동,부상신고사고,0,0,0,1,차대사람 - 횡단중,보행자보호의무위반,포장 - 건조,맑음,교차로 - 교차로횡단보도내,기타불명,기타불명,미분류,기타불명,보행자,여,44세,부상신고
4295,2021081100100016,2021년 8월 11일 04시,수요일,서울특별시 노원구 상계동,경상사고,0,0,1,0,차대사람 - 횡단중,안전운전불이행,포장 - 건조,맑음,단일로 - 기타,승용,남,75세,상해없음,보행자,여,51세,경상
4296,2021081100100044,2021년 8월 11일 07시,수요일,서울특별시 양천구 신월동,중상사고,0,1,0,0,차대사람 - 기타,안전운전불이행,포장 - 건조,맑음,교차로 - 교차로안,화물,남,42세,상해없음,보행자,여,77세,중상
4297,2021081100100124,2021년 8월 11일 10시,수요일,서울특별시 동작구 상도동,경상사고,0,0,1,0,차대사람 - 기타,안전운전불이행,포장 - 건조,맑음,교차로 - 교차로안,화물,남,55세,상해없음,보행자,여,53세,경상
4298,2021081100100185,2021년 8월 11일 12시,수요일,서울특별시 종로구 동숭동,경상사고,0,0,1,0,차대사람 - 보도통행중,기타,포장 - 건조,맑음,단일로 - 기타,자전거,남,77세,상해없음,보행자,여,35세,경상
4299,2021081100100189,2021년 8월 11일 12시,수요일,서울특별시 송파구 거여동,부상신고사고,0,0,0,1,차대사람 - 차도통행중,안전운전불이행,포장 - 건조,맑음,단일로 - 기타,승용,남,54세,상해없음,보행자,남,32세,부상신고
4300,2021081100100270,2021년 8월 11일 15시,수요일,서울특별시 동대문구 제기동,경상사고,0,0,1,0,차대사람 - 기타,안전운전불이행,포장 - 건조,맑음,단일로 - 기타,화물,남,58세,상해없음,보행자,남,51세,경상
4301,2021081100100274,2021년 8월 11일 15시,수요일,서울특별시 중랑구 묵동,경상사고,0,0,1,0,차대사람 - 횡단중,보행자보호의무위반,포장 - 건조,맑음,교차로 - 교차로부근,승용,여,71세,상해없음,보행자,여,76세,경상
4302,2021081100100338,2021년 8월 11일 17시,수요일,서울특별시 마포구 공덕동,사망사고,1,0,0,0,차대사람 - 차도통행중,교차로운행방법위반,포장 - 건조,맑음,교차로 - 교차로안,화물,남,55세,상해없음,보행자,여,85세,사망
4303,2021081100100339,2021년 8월 11일 17시,수요일,서울특별시 동작구 흑석동,중상사고,0,1,0,0,차대사람 - 횡단중,보행자보호의무위반,포장 - 건조,맑음,교차로 - 교차로횡단보도내,승합,남,64세,상해없음,보행자,남,40세,중상
4304,2021081100100343,2021년 8월 11일 17시,수요일,서울특별시 송파구 잠실동,경상사고,0,0,1,0,차대사람 - 기타,안전운전불이행,포장 - 건조,맑음,교차로 - 교차로부근,승용,남,66세,상해없음,보행자,여,37세,경상
4305,2021081100100375,2021년 8월 11일 18시,수요일,서울특별시 동작구 상도동,경상사고,0,0,1,0,차대사람 - 기타,안전운전불이행,포장 - 건조,맑음,단일로 - 기타,승합,남,46세,상해없음,보행자,여,74세,경상
4306,2021081100100377,2021년 8월 11일 18시,수요일,서울특별시 강서구 화곡동,경상사고,0,0,1,0,차대사람 - 기타,중앙선침범,포장 - 건조,맑음,단일로 - 기타,이륜,남,39세,상해없음,보행자,여,44세,경상
4307,2021081100100378,2021년 8월 11일 18시,수요일,서울특별시 강서구 화곡동,중상사고,0,1,0,0,차대사람 - 기타,안전운전불이행,포장 - 건조,맑음,단일로 - 기타,승용,남,30세,상해없음,보행자,여,9세,중상
4308,2021081100100451,2021년 8월 11일 20시,수요일,서울특별시 송파구 문정동,경상사고,0,0,1,0,차대사람 - 횡단중,보행자보호의무위반,포장 - 건조,맑음,교차로 - 교차로횡단보도내,화물,남,46세,상해없음,보행자,여,26세,경상
4309,2021081100100491,2021년 8월 11일 21시,수요일,서울특별시 성북구 하월곡동,중상사고,0,1,0,0,차대사람 - 횡단중,안전운전불이행,포장 - 건조,맑음,교차로 - 교차로횡단보도내,승용,남,22세,상해없음,보행자,남,39세,중상
4310,2021081200100012,2021년 8월 12일 03시,목요일,서울특별시 노원구 월계동,중상사고,0,1,0,0,차대사람 - 횡단중,신호위반,포장 - 건조,맑음,교차로 - 교차로부근,이륜,남,40세,상해없음,보행자,여,24세,중상
4311,2021081200100044,2021년 8월 12일 07시,목요일,서울특별시 서초구 반포동,중상사고,0,1,0,0,차대사람 - 기타,안전운전불이행,포장 - 건조,맑음,교차로 - 교차로부근,승용,남,68세,상해없음,보행자,남,66세,중상
4312,2021081200100069,2021년 8월 12일 08시,목요일,서울특별시 도봉구 창동,경상사고,0,0,1,0,차대사람 - 기타,안전운전불이행,포장 - 건조,맑음,단일로 - 기타,승용,남,61세,상해없음,보행자,남,24세,경상
4313,2021081200100105,2021년 8월 12일 09시,목요일,서울특별시 용산구 청암동,경상사고,0,0,1,0,차대사람 - 횡단중,보행자보호의무위반,포장 - 건조,맑음,기타 - 기타,승용,여,39세,상해없음,보행자,남,28세,경상
4314,2021081200100106,2021년 8월 12일 09시,목요일,서울특별시 강북구 수유동,경상사고,0,0,1,0,차대사람 - 기타,보행자보호의무위반,포장 - 건조,맑음,단일로 - 기타,승용,남,57세,상해없음,보행자,남,32세,경상
4315,2021081200100108,2021년 8월 12일 09시,목요일,서울특별시 관악구 신림동,중상사고,0,1,0,0,차대사람 - 기타,신호위반,포장 - 건조,맑음,교차로 - 교차로안,승용,여,34세,상해없음,보행자,남,64세,중상
4316,2021081200100141,2021년 8월 12일 10시,목요일,서울특별시 강남구 논현동,경상사고,0,0,1,0,차대사람 - 기타,안전운전불이행,포장 - 건조,맑음,단일로 - 기타,기타불명,기타불명,미분류,기타불명,보행자,여,25세,경상
4317,2021081200100144,2021년 8월 12일 10시,목요일,서울특별시 구로구 개봉동,경상사고,0,0,1,0,차대사람 - 길가장자리구역통행중,안전운전불이행,포장 - 건조,맑음,단일로 - 기타,승용,남,77세,상해없음,보행자,여,58세,경상
4318,2021081200100201,2021년 8월 12일 12시,목요일,서울특별시 금천구 시흥동,경상사고,0,0,2,0,차대사람 - 보도통행중,기타,포장 - 건조,맑음,기타 - 기타,이륜,남,57세,경상,보행자,여,65세,경상
4319,2021081200100202,2021년 8월 12일 12시,목요일,서울특별시 강남구 논현동,경상사고,0,0,1,0,차대사람 - 기타,기타,포장 - 건조,맑음,기타 - 기타,원동기,남,41세,상해없음,보행자,남,33세,경상
4320,2021081200100235,2021년 8월 12일 13시,목요일,서울특별시 중구 을지로2가,경상사고,0,0,1,0,차대사람 - 기타,안전운전불이행,포장 - 건조,맑음,기타 - 기타,화물,남,65세,기타불명,보행자,여,38세,경상
4321,2021081200100241,2021년 8월 12일 13시,목요일,서울특별시 은평구 진관동,경상사고,0,0,1,0,차대사람 - 횡단중,신호위반,포장 - 건조,맑음,교차로 - 교차로안,이륜,남,25세,상해없음,보행자,여,33세,경상
4322,2021081200100334,2021년 8월 12일 16시,목요일,서울특별시 도봉구 창동,중상사고,0,1,0,0,차대사람 - 기타,안전운전불이행,포장 - 건조,맑음,교차로 - 교차로안,승용,남,39세,상해없음,보행자,여,60세,중상
4323,2021081200100367,2021년 8월 12일 17시,목요일,서울특별시 중랑구 망우동,경상사고,0,0,1,0,차대사람 - 보도통행중,기타,포장 - 젖음/습기,비,기타 - 기타,자전거,남,47세,상해없음,보행자,남,18세,경상
4324,2021081200100368,2021년 8월 12일 17시,목요일,서울특별시 강서구 화곡동,경상사고,0,0,1,0,차대사람 - 길가장자리구역통행중,안전운전불이행,포장 - 건조,맑음,단일로 - 기타,기타불명,기타불명,미분류,기타불명,보행자,여,46세,경상
4325,2021081200100404,2021년 8월 12일 18시,목요일,서울특별시 강동구 성내동,중상사고,0,1,0,0,차대사람 - 횡단중,안전운전불이행,포장 - 젖음/습기,비,교차로 - 교차로안,이륜,남,45세,상해없음,보행자,여,81세,중상
4326,2021081200100406,2021년 8월 12일 18시,목요일,서울특별시 송파구 잠실동,경상사고,0,0,1,0,차대사람 - 횡단중,신호위반,포장 - 건조,맑음,단일로 - 기타,승용,여,45세,상해없음,보행자,여,63세,경상
4327,2021081200100409,2021년 8월 12일 18시,목요일,서울특별시 노원구 중계동,중상사고,0,1,0,0,차대사람 - 기타,안전운전불이행,포장 - 젖음/습기,비,단일로 - 기타,자전거,남,39세,상해없음,보행자,여,69세,중상
4328,2021081200100479,2021년 8월 12일 20시,목요일,서울특별시 금천구 독산동,경상사고,0,0,1,0,차대사람 - 횡단중,신호위반,포장 - 건조,맑음,교차로 - 교차로안,이륜,남,59세,상해없음,보행자,여,60세,경상
4329,2021081200100509,2021년 8월 12일 21시,목요일,서울특별시 노원구 하계동,경상사고,0,0,1,0,차대사람 - 기타,신호위반,포장 - 젖음/습기,흐림,교차로 - 교차로횡단보도내,자전거,남,61세,상해없음,보행자,여,55세,경상
4330,2021081200100511,2021년 8월 12일 21시,목요일,서울특별시 은평구 대조동,중상사고,0,1,0,0,차대사람 - 기타,신호위반,포장 - 건조,맑음,기타 - 기타,승용,남,69세,상해없음,보행자,여,57세,중상
4331,2021081200100534,2021년 8월 12일 22시,목요일,서울특별시 동대문구 이문동,경상사고,0,0,1,0,차대사람 - 보도통행중,신호위반,포장 - 기타,기타,교차로 - 교차로횡단보도내,이륜,남,24세,상해없음,보행자,여,11세,경상
4332,2021081200100535,2021년 8월 12일 22시,목요일,서울특별시 노원구 공릉동,중상사고,0,1,0,0,차대사람 - 횡단중,보행자보호의무위반,포장 - 건조,맑음,교차로 - 교차로횡단보도내,승용,여,24세,상해없음,보행자,여,34세,중상
4333,2021081300100053,2021년 8월 13일 08시,금요일,서울특별시 도봉구 창동,중상사고,0,1,0,0,차대사람 - 횡단중,보행자보호의무위반,포장 - 기타,맑음,교차로 - 교차로횡단보도내,승용,남,32세,상해없음,보행자,남,61세,중상
4334,2021081300100054,2021년 8월 13일 08시,금요일,서울특별시 강남구 개포동,경상사고,0,0,1,0,차대사람 - 보도통행중,안전운전불이행,포장 - 건조,맑음,단일로 - 기타,자전거,남,38세,상해없음,보행자,남,62세,경상
4335,2021081300100090,2021년 8월 13일 09시,금요일,서울특별시 구로구 개봉동,중상사고,0,1,0,0,차대사람 - 기타,안전운전불이행,포장 - 건조,맑음,기타 - 기타,승용,여,58세,상해없음,보행자,여,70세,중상
4336,2021081300100137,2021년 8월 13일 11시,금요일,서울특별시 강서구 화곡동,중상사고,0,1,0,0,차대사람 - 차도통행중,중앙선침범,포장 - 건조,맑음,단일로 - 기타,화물,남,57세,상해없음,보행자,남,73세,중상
4337,2021081300100171,2021년 8월 13일 12시,금요일,서울특별시 영등포구 여의도동,경상사고,0,0,1,0,차대사람 - 횡단중,안전운전불이행,포장 - 건조,맑음,단일로 - 기타,승용,남,40세,상해없음,보행자,여,26세,경상
4338,2021081300100172,2021년 8월 13일 12시,금요일,서울특별시 영등포구 신길동,경상사고,0,0,1,0,차대사람 - 횡단중,안전운전불이행,포장 - 건조,맑음,교차로 - 교차로안,화물,남,61세,상해없음,보행자,여,58세,경상
4339,2021081300100322,2021년 8월 13일 16시,금요일,서울특별시 동작구 사당동,부상신고사고,0,0,0,1,차대사람 - 기타,안전운전불이행,포장 - 건조,맑음,단일로 - 기타,승용,남,58세,상해없음,보행자,여,23세,부상신고
4340,2021081300100323,2021년 8월 13일 16시,금요일,서울특별시 동작구 사당동,중상사고,0,1,0,0,차대사람 - 횡단중,신호위반,포장 - 건조,맑음,교차로 - 교차로횡단보도내,화물,남,73세,상해없음,보행자,남,26세,중상
4341,2021081300100365,2021년 8월 13일 17시,금요일,서울특별시 강서구 화곡동,경상사고,0,0,1,0,차대사람 - 기타,안전운전불이행,포장 - 건조,맑음,교차로 - 교차로부근,승용,남,28세,기타불명,보행자,남,65세,경상
4342,2021081300100366,2021년 8월 13일 17시,금요일,서울특별시 양천구 목동,경상사고,0,0,1,0,차대사람 - 기타,안전운전불이행,포장 - 건조,맑음,단일로 - 기타,승용,남,60세,상해없음,보행자,여,25세,경상
4343,2021081300100367,2021년 8월 13일 17시,금요일,서울특별시 노원구 중계동,경상사고,0,0,1,0,차대사람 - 횡단중,안전운전불이행,포장 - 건조,맑음,교차로 - 교차로안,이륜,남,40세,상해없음,보행자,남,9세,경상
4344,2021081300100368,2021년 8월 13일 17시,금요일,서울특별시 노원구 상계동,경상사고,0,0,1,0,차대사람 - 차도통행중,기타,포장 - 건조,맑음,단일로 - 기타,자전거,여,10세,상해없음,보행자,여,55세,경상
4345,2021081300100370,2021년 8월 13일 17시,금요일,서울특별시 서초구 방배동,경상사고,0,0,1,0,차대사람 - 차도통행중,안전운전불이행,포장 - 건조,맑음,단일로 - 기타,화물,남,28세,상해없음,보행자,여,72세,경상
4346,2021081300100428,2021년 8월 13일 18시,금요일,서울특별시 강남구 대치동,중상사고,0,1,0,0,차대사람 - 보도통행중,안전운전불이행,포장 - 건조,맑음,단일로 - 기타,이륜,남,51세,상해없음,보행자,여,10세,중상
4347,2021081300100429,2021년 8월 13일 18시,금요일,서울특별시 강남구 역삼동,경상사고,0,0,1,0,차대사람 - 보도통행중,기타,포장 - 건조,맑음,단일로 - 기타,개인형이동수단(PM),여,32세,상해없음,보행자,여,29세,경상
4348,2021081300100467,2021년 8월 13일 19시,금요일,서울특별시 강남구 역삼동,경상사고,0,0,1,0,차대사람 - 기타,안전운전불이행,포장 - 건조,맑음,기타 - 기타,기타불명,기타불명,미분류,기타불명,보행자,여,25세,경상
4349,2021081300100469,2021년 8월 13일 19시,금요일,서울특별시 노원구 상계동,경상사고,0,0,1,0,차대사람 - 기타,안전운전불이행,포장 - 건조,맑음,단일로 - 기타,승용,남,42세,상해없음,보행자,남,72세,경상
4350,2021081300100519,2021년 8월 13일 21시,금요일,서울특별시 성북구 동선동1가,중상사고,0,1,0,0,차대사람 - 기타,안전운전불이행,포장 - 건조,맑음,기타 - 기타,승용,남,50세,상해없음,보행자,여,64세,중상
4351,2021081300100520,2021년 8월 13일 21시,금요일,서울특별시 동대문구 장안동,경상사고,0,0,1,0,차대사람 - 기타,기타,포장 - 건조,맑음,기타 - 기타,승용,남,55세,상해없음,보행자,남,63세,경상
4352,2021081300100545,2021년 8월 13일 22시,금요일,서울특별시 용산구 용문동,경상사고,0,0,1,0,차대사람 - 횡단중,신호위반,포장 - 건조,맑음,단일로 - 기타,이륜,남,50세,상해없음,보행자,여,45세,경상
4353,2021081400100086,2021년 8월 14일 09시,토요일,서울특별시 영등포구 당산동5가,경상사고,0,0,1,0,차대사람 - 기타,기타,포장 - 건조,맑음,교차로 - 교차로부근,승용,남,49세,기타불명,보행자,남,3세,경상
4354,2021081400100120,2021년 8월 14일 11시,토요일,서울특별시 중랑구 면목동,경상사고,0,0,1,0,차대사람 - 기타,안전운전불이행,포장 - 젖음/습기,흐림,교차로 - 교차로횡단보도내,승합,남,59세,상해없음,보행자,여,82세,경상
4355,2021081400100161,2021년 8월 14일 12시,토요일,서울특별시 노원구 하계동,경상사고,0,0,1,0,차대사람 - 보도통행중,안전운전불이행,포장 - 건조,맑음,단일로 - 기타,자전거,남,12세,상해없음,보행자,여,76세,경상
4356,2021081400100162,2021년 8월 14일 12시,토요일,서울특별시 은평구 대조동,중상사고,0,1,0,0,차대사람 - 보도통행중,안전운전불이행,포장 - 건조,맑음,기타 - 기타,자전거,남,13세,상해없음,보행자,남,46세,중상
4357,2021081400100219,2021년 8월 14일 14시,토요일,서울특별시 중랑구 상봉동,경상사고,0,0,1,0,차대사람 - 차도통행중,안전운전불이행,포장 - 건조,맑음,단일로 - 기타,승용,남,27세,상해없음,보행자,남,8세,경상
4358,2021081400100321,2021년 8월 14일 17시,토요일,서울특별시 은평구 진관동,경상사고,0,0,1,0,차대사람 - 횡단중,보행자보호의무위반,포장 - 건조,맑음,교차로 - 교차로부근,승용,남,74세,상해없음,보행자,남,23세,경상
4359,2021081400100392,2021년 8월 14일 19시,토요일,서울특별시 송파구 잠실동,중상사고,0,1,0,0,차대사람 - 횡단중,보행자보호의무위반,포장 - 건조,기타,교차로 - 교차로안,승용,여,49세,상해없음,보행자,남,40세,중상
4360,2021081400100426,2021년 8월 14일 20시,토요일,서울특별시 광진구 구의동,경상사고,0,0,1,0,차대사람 - 횡단중,안전운전불이행,포장 - 건조,맑음,교차로 - 교차로부근,승용,여,60세,상해없음,보행자,남,45세,경상
4361,2021081400100427,2021년 8월 14일 20시,토요일,서울특별시 영등포구 당산동6가,경상사고,0,0,1,0,차대사람 - 기타,안전운전불이행,포장 - 건조,맑음,단일로 - 기타,기타불명,기타불명,미분류,기타불명,보행자,여,27세,경상
4362,2021081400100453,2021년 8월 14일 21시,토요일,서울특별시 강남구 삼성동,중상사고,0,1,0,0,차대사람 - 기타,안전운전불이행,포장 - 건조,흐림,기타 - 기타,화물,남,50세,상해없음,보행자,남,46세,중상
4363,2021081400100454,2021년 8월 14일 21시,토요일,서울특별시 강서구 화곡동,경상사고,0,0,1,0,차대사람 - 횡단중,신호위반,포장 - 건조,맑음,교차로 - 교차로안,이륜,남,34세,상해없음,보행자,남,58세,경상
4364,2021081400100477,2021년 8월 14일 22시,토요일,서울특별시 마포구 합정동,중상사고,0,1,0,0,차대사람 - 기타,신호위반,포장 - 건조,맑음,단일로 - 기타,개인형이동수단(PM),남,22세,상해없음,보행자,여,32세,중상
4365,2021081500100013,2021년 8월 15일 01시,일요일,서울특별시 마포구 서교동,경상사고,0,0,1,0,차대사람 - 기타,안전운전불이행,포장 - 건조,맑음,교차로 - 교차로안,승용,여,28세,상해없음,보행자,남,40세,경상
4366,2021081500100184,2021년 8월 15일 14시,일요일,서울특별시 강북구 미아동,경상사고,0,0,1,0,차대사람 - 기타,안전운전불이행,포장 - 건조,맑음,교차로 - 교차로안,이륜,남,28세,상해없음,보행자,남,5세,경상
4367,2021081500100276,2021년 8월 15일 17시,일요일,서울특별시 동대문구 이문동,경상사고,0,0,1,0,차대사람 - 횡단중,안전운전불이행,포장 - 건조,맑음,단일로 - 기타,승용,남,28세,상해없음,보행자,여,24세,경상
4368,2021081500100378,2021년 8월 15일 21시,일요일,서울특별시 서초구 서초동,부상신고사고,0,0,0,1,차대사람 - 기타,안전운전불이행,포장 - 건조,맑음,단일로 - 기타,승용,남,60세,상해없음,보행자,남,45세,부상신고
4369,2021081500100391,2021년 8월 15일 22시,일요일,서울특별시 용산구 동빙고동,경상사고,0,0,1,0,차대사람 - 기타,안전운전불이행,포장 - 건조,맑음,기타 - 기타,승용,남,50세,상해없음,보행자,남,72세,경상
4370,2021081600100040,2021년 8월 16일 08시,월요일,서울특별시 용산구 이태원동,경상사고,0,0,1,0,차대사람 - 보도통행중,안전운전불이행,포장 - 건조,맑음,기타 - 기타,자전거,남,33세,기타불명,보행자,여,25세,경상
4371,2021081600100057,2021년 8월 16일 09시,월요일,서울특별시 도봉구 쌍문동,중상사고,0,1,0,0,차대사람 - 기타,안전운전불이행,포장 - 건조,맑음,교차로 - 교차로안,승용,남,47세,상해없음,보행자,남,83세,중상
4372,2021081600100122,2021년 8월 16일 12시,월요일,서울특별시 영등포구 대림동,경상사고,0,0,1,0,차대사람 - 기타,보행자보호의무위반,포장 - 건조,맑음,교차로 - 교차로횡단보도내,승용,남,21세,상해없음,보행자,여,64세,경상
4373,2021081600100263,2021년 8월 16일 16시,월요일,서울특별시 마포구 망원동,중상사고,0,1,0,0,차대사람 - 기타,안전운전불이행,포장 - 건조,맑음,단일로 - 기타,화물,남,52세,상해없음,보행자,여,80세,중상
4374,2021081600100264,2021년 8월 16일 16시,월요일,서울특별시 관악구 봉천동,경상사고,0,0,1,0,차대사람 - 기타,안전운전불이행,포장 - 건조,맑음,교차로 - 교차로부근,승용,남,77세,상해없음,보행자,남,26세,경상
4375,2021081600100298,2021년 8월 16일 17시,월요일,서울특별시 강남구 청담동,중상사고,0,1,0,0,차대사람 - 기타,안전운전불이행,포장 - 건조,맑음,단일로 - 기타,자전거,남,30세,상해없음,보행자,여,78세,중상
4376,2021081600100302,2021년 8월 16일 17시,월요일,서울특별시 양천구 신월동,경상사고,0,0,1,0,차대사람 - 기타,안전운전불이행,포장 - 건조,맑음,단일로 - 기타,자전거,남,46세,상해없음,보행자,여,9세,경상
4377,2021081600100338,2021년 8월 16일 18시,월요일,서울특별시 강서구 화곡동,경상사고,0,0,1,0,차대사람 - 기타,안전운전불이행,포장 - 건조,맑음,단일로 - 기타,자전거,남,14세,상해없음,보행자,여,47세,경상
4378,2021081600100364,2021년 8월 16일 19시,월요일,서울특별시 중랑구 면목동,중상사고,0,1,0,0,차대사람 - 횡단중,안전운전불이행,포장 - 건조,맑음,단일로 - 기타,승용,남,52세,상해없음,보행자,여,89세,중상
4379,2021081600100392,2021년 8월 16일 20시,월요일,서울특별시 광진구 화양동,경상사고,0,0,1,0,차대사람 - 길가장자리구역통행중,안전운전불이행,포장 - 건조,맑음,교차로 - 교차로안,기타불명,기타불명,미분류,기타불명,보행자,남,27세,경상
4380,2021081600100444,2021년 8월 16일 22시,월요일,서울특별시 강서구 방화동,중상사고,0,1,0,0,차대사람 - 기타,안전운전불이행,포장 - 젖음/습기,비,단일로 - 기타,원동기,남,38세,상해없음,보행자,남,53세,중상
4381,2021081700100063,2021년 8월 17일 08시,화요일,서울특별시 강남구 대치동,중상사고,0,1,0,0,차대사람 - 기타,안전운전불이행,포장 - 건조,맑음,단일로 - 기타,승합,남,58세,상해없음,보행자,여,62세,중상
4382,2021081700100094,2021년 8월 17일 09시,화요일,서울특별시 동대문구 제기동,경상사고,0,0,1,0,차대사람 - 기타,안전운전불이행,포장 - 건조,맑음,단일로 - 기타,승용,남,58세,상해없음,보행자,남,58세,경상
4383,2021081700100234,2021년 8월 17일 13시,화요일,서울특별시 송파구 거여동,부상신고사고,0,0,0,1,차대사람 - 횡단중,보행자보호의무위반,포장 - 건조,맑음,교차로 - 교차로부근,승용,남,48세,상해없음,보행자,남,29세,부상신고
4384,2021081700100266,2021년 8월 17일 14시,화요일,서울특별시 동작구 흑석동,경상사고,0,0,1,0,차대사람 - 횡단중,안전운전불이행,포장 - 건조,맑음,교차로 - 교차로부근,승용,남,74세,상해없음,보행자,여,79세,경상
4385,2021081700100306,2021년 8월 17일 15시,화요일,서울특별시 도봉구 쌍문동,경상사고,0,0,1,0,차대사람 - 횡단중,신호위반,포장 - 기타,맑음,교차로 - 교차로횡단보도내,개인형이동수단(PM),여,52세,상해없음,보행자,여,62세,경상
4386,2021081700100382,2021년 8월 17일 17시,화요일,서울특별시 은평구 역촌동,경상사고,0,0,1,0,차대사람 - 보도통행중,기타,포장 - 건조,맑음,단일로 - 기타,승용,남,63세,상해없음,보행자,여,30세,경상
4387,2021081700100384,2021년 8월 17일 17시,화요일,서울특별시 동대문구 답십리동,중상사고,0,1,0,0,차대사람 - 횡단중,안전운전불이행,포장 - 젖음/습기,비,교차로 - 교차로안,승용,남,61세,상해없음,보행자,여,20세,중상
4388,2021081700100425,2021년 8월 17일 18시,화요일,서울특별시 중구 흥인동,경상사고,0,0,1,0,차대사람 - 길가장자리구역통행중,보행자보호의무위반,포장 - 젖음/습기,비,단일로 - 기타,승용,여,35세,상해없음,보행자,여,25세,경상
4389,2021081700100431,2021년 8월 17일 18시,화요일,서울특별시 양천구 신정동,부상신고사고,0,0,0,1,차대사람 - 기타,안전운전불이행,포장 - 젖음/습기,비,기타 - 기타,자전거,여,59세,부상신고,보행자,남,48세,상해없음
4390,2021081700100433,2021년 8월 17일 18시,화요일,서울특별시 강남구 대치동,경상사고,0,0,1,0,차대사람 - 기타,안전운전불이행,포장 - 건조,맑음,교차로 - 교차로부근,승용,여,49세,상해없음,보행자,여,20세,경상
4391,2021081700100465,2021년 8월 17일 19시,화요일,서울특별시 서대문구 남가좌동,경상사고,0,0,1,0,차대사람 - 보도통행중,기타,포장 - 건조,맑음,기타 - 기타,이륜,남,30세,상해없음,보행자,남,25세,경상
4392,2021081700100466,2021년 8월 17일 19시,화요일,서울특별시 용산구 효창동,경상사고,0,0,1,0,차대사람 - 횡단중,신호위반,포장 - 젖음/습기,비,교차로 - 교차로횡단보도내,이륜,남,26세,상해없음,보행자,여,54세,경상