,사고번호,사고일시,요일,시군구,사고내용,사망자수,중상자수,경상자수,부상신고자수,사고유형,법규위반,노면상태,기상상태,도로형태,가해운전자 차종,가해운전자 성별,가해운전자 연령,가해운전자 상해정도,피해운전자 차종,피해운전자 성별,피해운전자 연령,피해운전자 상해정도
4393,2021081700100467,2021년 8월 17일 19시,화요일,서울특별시 강서구 화곡동,경상사고,0,0,1,1,차대사람 - 횡단중,신호위반,포장 - 젖음/습기,비,단일로 - 기타,이륜,남,42세,부상신고,보행자,여,49세,경상
4394,2021081700100505,2021년 8월 17일 20시,화요일,서울특별시 은평구 녹번동,경상사고,0,0,1,0,차대사람 - 횡단중,보행자보호의무위반,포장 - 젖음/습기,비,교차로 - 교차로횡단보도내,이륜,남,17세,상해없음,보행자,여,13세,경상
4395,2021081700100529,2021년 8월 17일 21시,화요일,서울특별시 마포구 신수동,중상사고,0,1,0,0,차대사람 - 보도통행중,보행자보호의무위반,포장 - 젖음/습기,비,교차로 - 교차로안,승용,여,45세,상해없음,보행자,여,51세,중상
4396,2021081800100015,2021년 8월 18일 04시,수요일,서울특별시 강서구 등촌동,사망사고,1,0,0,0,차대사람 - 횡단중,안전운전불이행,포장 - 건조,흐림,단일로 - 기타,승용,남,78세,상해없음,보행자,여,77세,사망
4397,2021081800100086,2021년 8월 18일 09시,수요일,서울특별시 종로구 구기동,경상사고,0,0,1,0,차대사람 - 기타,기타,포장 - 건조,맑음,기타 - 기타,특수,남,46세,상해없음,보행자,여,37세,경상
4398,2021081800100115,2021년 8월 18일 10시,수요일,서울특별시 송파구 석촌동,중상사고,0,1,0,0,차대사람 - 보도통행중,안전운전불이행,포장 - 건조,맑음,단일로 - 기타,개인형이동수단(PM),여,25세,상해없음,보행자,여,58세,중상
4399,2021081800100118,2021년 8월 18일 10시,수요일,서울특별시 노원구 상계동,경상사고,0,0,1,0,차대사람 - 횡단중,보행자보호의무위반,포장 - 건조,맑음,교차로 - 교차로횡단보도내,승용,여,30세,상해없음,보행자,남,71세,경상
4400,2021081800100145,2021년 8월 18일 11시,수요일,서울특별시 강남구 신사동,경상사고,0,0,1,0,차대사람 - 길가장자리구역통행중,기타,비포장 - 건조,맑음,단일로 - 기타,기타불명,기타불명,미분류,기타불명,보행자,여,19세,경상
4401,2021081800100214,2021년 8월 18일 13시,수요일,서울특별시 송파구 송파동,경상사고,0,0,1,0,차대사람 - 기타,안전운전불이행,포장 - 건조,맑음,기타 - 기타,개인형이동수단(PM),남,26세,상해없음,보행자,남,34세,경상
4402,2021081800100217,2021년 8월 18일 13시,수요일,서울특별시 성북구 장위동,경상사고,0,0,1,0,차대사람 - 차도통행중,안전운전불이행,포장 - 건조,맑음,단일로 - 기타,승용,남,77세,상해없음,보행자,남,7세,경상
4403,2021081800100249,2021년 8월 18일 14시,수요일,서울특별시 성북구 보문동6가,부상신고사고,0,0,0,2,차대사람 - 횡단중,보행자보호의무위반,포장 - 건조,맑음,단일로 - 기타,이륜,여,39세,부상신고,보행자,여,12세,부상신고
4404,2021081800100250,2021년 8월 18일 14시,수요일,서울특별시 광진구 중곡동,경상사고,0,0,1,0,차대사람 - 기타,안전운전불이행,포장 - 건조,맑음,단일로 - 기타,승용,남,79세,상해없음,보행자,여,26세,경상
4405,2021081800100251,2021년 8월 18일 14시,수요일,서울특별시 강남구 논현동,중상사고,0,1,0,0,차대사람 - 길가장자리구역통행중,안전운전불이행,포장 - 건조,맑음,단일로 - 기타,승용,여,32세,기타불명,보행자,여,27세,중상
4406,2021081800100281,2021년 8월 18일 15시,수요일,서울특별시 금천구 독산동,중상사고,0,1,0,0,차대사람 - 보도통행중,기타,포장 - 건조,맑음,단일로 - 기타,승용,남,40세,상해없음,보행자,여,63세,중상
4407,2021081800100314,2021년 8월 18일 16시,수요일,서울특별시 강남구 도곡동,경상사고,0,0,1,0,차대사람 - 기타,안전운전불이행,포장 - 건조,맑음,단일로 - 기타,이륜,남,52세,상해없음,보행자,남,39세,경상
4408,2021081800100346,2021년 8월 18일 17시,수요일,서울특별시 서대문구 북가좌동,경상사고,0,0,1,0,차대사람 - 횡단중,보행자보호의무위반,포장 - 건조,맑음,교차로 - 교차로부근,승용,남,65세,상해없음,보행자,여,61세,경상
4409,2021081800100453,2021년 8월 18일 19시,수요일,서울특별시 송파구 송파동,중상사고,0,1,0,0,차대사람 - 차도통행중,안전운전불이행,포장 - 건조,맑음,단일로 - 기타,승용,여,40세,상해없음,보행자,여,33세,중상
4410,2021081800100493,2021년 8월 18일 20시,수요일,서울특별시 강서구 등촌동,경상사고,0,0,1,0,차대사람 - 보도통행중,보행자보호의무위반,포장 - 건조,흐림,단일로 - 기타,화물,남,63세,상해없음,보행자,여,26세,경상
4411,2021081800100494,2021년 8월 18일 20시,수요일,서울특별시 구로구 개봉동,경상사고,0,0,1,0,차대사람 - 기타,안전운전불이행,포장 - 건조,기타,단일로 - 기타,승용,남,64세,기타불명,보행자,남,33세,경상
4412,2021081800100518,2021년 8월 18일 21시,수요일,서울특별시 중랑구 면목동,경상사고,0,0,1,0,차대사람 - 횡단중,신호위반,포장 - 건조,맑음,교차로 - 교차로횡단보도내,화물,남,46세,상해없음,보행자,남,61세,경상
4413,2021081800100543,2021년 8월 18일 22시,수요일,서울특별시 영등포구 영등포동2가,경상사고,0,0,1,0,차대사람 - 기타,안전운전불이행,포장 - 건조,맑음,기타 - 기타,승합,남,61세,상해없음,보행자,남,48세,경상
4414,2021081800100545,2021년 8월 18일 22시,수요일,서울특별시 강남구 논현동,경상사고,0,0,1,0,차대사람 - 기타,안전운전불이행,포장 - 건조,맑음,기타 - 기타,승용,남,27세,상해없음,보행자,여,45세,경상
4415,2021081800100578,2021년 8월 18일 23시,수요일,서울특별시 강서구 마곡동,중상사고,0,1,0,0,차대사람 - 횡단중,안전운전불이행,포장 - 건조,맑음,교차로 - 교차로횡단보도내,승용,남,51세,상해없음,보행자,여,58세,중상
4416,2021081900100015,2021년 8월 19일 05시,목요일,서울특별시 강남구 논현동,경상사고,0,0,1,0,차대사람 - 보도통행중,보행자보호의무위반,포장 - 기타,맑음,단일로 - 기타,승용,남,46세,기타불명,보행자,남,68세,경상
4417,2021081900100032,2021년 8월 19일 07시,목요일,서울특별시 은평구 불광동,경상사고,0,0,1,0,차대사람 - 보도통행중,기타,포장 - 건조,맑음,기타 - 기타,이륜,남,18세,상해없음,보행자,여,27세,경상
4418,2021081900100054,2021년 8월 19일 08시,목요일,서울특별시 강남구 역삼동,경상사고,0,0,1,0,차대사람 - 차도통행중,안전운전불이행,포장 - 건조,맑음,교차로 - 교차로안,승용,남,60세,상해없음,보행자,여,35세,경상
4419,2021081900100088,2021년 8월 19일 09시,목요일,서울특별시 동대문구 장안동,경상사고,0,0,1,0,차대사람 - 기타,기타,포장 - 건조,맑음,단일로 - 기타,개인형이동수단(PM),남,59세,상해없음,보행자,여,38세,경상
4420,2021081900100091,2021년 8월 19일 09시,목요일,서울특별시 강동구 천호동,경상사고,0,0,1,0,차대사람 - 보도통행중,안전운전불이행,포장 - 건조,맑음,기타 - 기타,자전거,남,18세,상해없음,보행자,남,30세,경상
4421,2021081900100093,2021년 8월 19일 09시,목요일,서울특별시 강남구 대치동,중상사고,0,1,0,0,차대사람 - 기타,안전운전불이행,포장 - 건조,맑음,단일로 - 기타,승용,남,74세,상해없음,보행자,남,17세,중상
4422,2021081900100166,2021년 8월 19일 11시,목요일,서울특별시 서대문구 남가좌동,경상사고,0,0,1,0,차대사람 - 보도통행중,기타,포장 - 건조,맑음,단일로 - 기타,승용,여,49세,상해없음,보행자,여,79세,경상
4423,2021081900100170,2021년 8월 19일 11시,목요일,서울특별시 광진구 구의동,경상사고,0,0,1,0,차대사람 - 기타,안전운전불이행,포장 - 건조,맑음,단일로 - 기타,승용,남,70세,상해없음,보행자,남,45세,경상
4424,2021081900100173,2021년 8월 19일 11시,목요일,서울특별시 강서구 등촌동,경상사고,0,0,1,0,차대사람 - 기타,안전운전불이행,포장 - 건조,맑음,단일로 - 기타,승용,남,56세,기타불명,보행자,여,76세,경상
4425,2021081900100210,2021년 8월 19일 12시,목요일,서울특별시 강남구 일원동,경상사고,0,0,1,0,차대사람 - 횡단중,안전운전불이행,포장 - 건조,맑음,단일로 - 기타,기타불명,기타불명,미분류,기타불명,보행자,여,34세,경상
4426,2021081900100240,2021년 8월 19일 13시,목요일,서울특별시 영등포구 대림동,경상사고,0,0,1,0,차대사람 - 기타,안전운전불이행,포장 - 건조,맑음,단일로 - 기타,승용,여,63세,상해없음,보행자,남,55세,경상
4427,2021081900100241,2021년 8월 19일 13시,목요일,서울특별시 성동구 성수동2가,경상사고,0,0,1,0,차대사람 - 기타,불법유턴,포장 - 건조,맑음,단일로 - 기타,화물,남,57세,상해없음,보행자,여,31세,경상
4428,2021081900100272,2021년 8월 19일 14시,목요일,서울특별시 종로구 혜화동,경상사고,0,0,1,0,차대사람 - 횡단중,보행자보호의무위반,포장 - 건조,맑음,단일로 - 기타,화물,남,55세,상해없음,보행자,남,23세,경상
4429,2021081900100274,2021년 8월 19일 14시,목요일,서울특별시 마포구 서교동,경상사고,0,0,1,0,차대사람 - 차도통행중,안전운전불이행,포장 - 건조,맑음,교차로 - 교차로부근,승용,남,25세,상해없음,보행자,남,31세,경상
4430,2021081900100346,2021년 8월 19일 16시,목요일,서울특별시 영등포구 신길동,경상사고,0,0,1,0,차대사람 - 횡단중,보행자보호의무위반,포장 - 건조,맑음,교차로 - 교차로횡단보도내,자전거,남,42세,상해없음,보행자,남,8세,경상
4431,2021081900100347,2021년 8월 19일 16시,목요일,서울특별시 금천구 시흥동,경상사고,0,0,1,0,차대사람 - 기타,안전운전불이행,포장 - 건조,맑음,단일로 - 기타,승용,남,59세,상해없음,보행자,남,53세,경상
4432,2021081900100350,2021년 8월 19일 16시,목요일,서울특별시 노원구 하계동,부상신고사고,0,0,0,1,차대사람 - 횡단중,보행자보호의무위반,포장 - 건조,맑음,단일로 - 기타,승용,여,53세,상해없음,보행자,여,56세,부상신고
4433,2021081900100385,2021년 8월 19일 17시,목요일,서울특별시 동작구 상도동,경상사고,0,0,1,0,차대사람 - 보도통행중,신호위반,포장 - 건조,흐림,교차로 - 교차로횡단보도내,승용,남,30세,상해없음,보행자,남,33세,경상
4434,2021081900100430,2021년 8월 19일 18시,목요일,서울특별시 중랑구 중화동,경상사고,0,0,1,0,차대사람 - 차도통행중,안전운전불이행,포장 - 건조,맑음,단일로 - 기타,승용,여,60세,상해없음,보행자,남,71세,경상
4435,2021081900100502,2021년 8월 19일 20시,목요일,서울특별시 구로구 구로동,중상사고,0,1,0,0,차대사람 - 차도통행중,안전운전불이행,포장 - 건조,맑음,단일로 - 기타,화물,남,64세,상해없음,보행자,남,64세,중상
4436,2021081900100529,2021년 8월 19일 21시,목요일,서울특별시 동작구 상도동,중상사고,0,1,0,0,차대사람 - 횡단중,안전운전불이행,포장 - 건조,맑음,교차로 - 교차로부근,승합,남,58세,상해없음,보행자,여,65세,중상
4437,2021081900100554,2021년 8월 19일 22시,목요일,서울특별시 종로구 통의동,중상사고,0,2,0,0,차대사람 - 차도통행중,안전운전불이행,포장 - 건조,맑음,단일로 - 지하차도(도로)내,이륜,남,41세,중상,보행자,남,37세,중상
4438,2021082000100019,2021년 8월 20일 05시,금요일,서울특별시 은평구 수색동,중상사고,0,1,0,0,차대사람 - 횡단중,안전운전불이행,포장 - 건조,맑음,단일로 - 기타,승용,남,67세,상해없음,보행자,여,29세,중상
4439,2021082000100059,2021년 8월 20일 08시,금요일,서울특별시 중랑구 묵동,중상사고,0,1,0,0,차대사람 - 횡단중,안전운전불이행,포장 - 건조,맑음,교차로 - 교차로안,화물,남,71세,상해없음,보행자,여,78세,중상
4440,2021082000100092,2021년 8월 20일 09시,금요일,서울특별시 도봉구 창동,중상사고,0,1,1,0,차대사람 - 보도통행중,보행자보호의무위반,포장 - 건조,맑음,교차로 - 교차로안,승용,남,52세,상해없음,보행자,여,60세,중상
4441,2021082000100147,2021년 8월 20일 11시,금요일,서울특별시 양천구 목동,중상사고,0,1,0,0,차대사람 - 횡단중,신호위반,포장 - 건조,맑음,단일로 - 기타,이륜,남,25세,상해없음,보행자,여,58세,중상
4442,2021082000100222,2021년 8월 20일 13시,금요일,서울특별시 서초구 서초동,경상사고,0,0,1,0,차대사람 - 기타,안전운전불이행,포장 - 건조,맑음,단일로 - 기타,승합,남,54세,상해없음,보행자,남,42세,경상
4443,2021082000100262,2021년 8월 20일 14시,금요일,서울특별시 중구 순화동,경상사고,0,0,1,0,차대사람 - 기타,안전운전불이행,포장 - 젖음/습기,비,교차로 - 교차로부근,승용,남,75세,상해없음,보행자,남,24세,경상
4444,2021082000100264,2021년 8월 20일 14시,금요일,서울특별시 동대문구 제기동,중상사고,0,1,0,0,차대사람 - 기타,안전운전불이행,포장 - 건조,맑음,교차로 - 교차로안,화물,남,67세,상해없음,보행자,여,85세,중상
4445,2021082000100271,2021년 8월 20일 14시,금요일,서울특별시 양천구 신월동,경상사고,0,0,1,0,차대사람 - 횡단중,안전운전불이행,포장 - 건조,맑음,교차로 - 교차로안,화물,남,56세,상해없음,보행자,여,48세,경상
4446,2021082000100272,2021년 8월 20일 14시,금요일,서울특별시 노원구 공릉동,경상사고,0,0,1,0,차대사람 - 길가장자리구역통행중,안전운전불이행,포장 - 건조,맑음,단일로 - 기타,화물,남,41세,상해없음,보행자,여,74세,경상
4447,2021082000100340,2021년 8월 20일 16시,금요일,서울특별시 광진구 광장동,경상사고,0,0,1,0,차대사람 - 길가장자리구역통행중,안전운전불이행,포장 - 건조,맑음,기타 - 기타,자전거,남,10세,상해없음,보행자,여,74세,경상
4448,2021082000100341,2021년 8월 20일 16시,금요일,서울특별시 마포구 합정동,경상사고,0,0,1,0,차대사람 - 차도통행중,안전운전불이행,포장 - 건조,맑음,단일로 - 기타,승용,여,41세,상해없음,보행자,여,49세,경상
4449,2021082000100381,2021년 8월 20일 17시,금요일,서울특별시 광진구 자양동,중상사고,0,1,0,0,차대사람 - 기타,기타,포장 - 건조,맑음,단일로 - 기타,승합,남,45세,상해없음,보행자,여,66세,중상
4450,2021082000100385,2021년 8월 20일 17시,금요일,서울특별시 중랑구 중화동,경상사고,0,0,1,0,차대사람 - 보도통행중,안전운전불이행,포장 - 건조,맑음,단일로 - 기타,자전거,남,27세,상해없음,보행자,남,43세,경상
4451,2021082000100436,2021년 8월 20일 18시,금요일,서울특별시 성동구 행당동,중상사고,0,1,0,0,차대사람 - 횡단중,안전운전불이행,포장 - 건조,맑음,단일로 - 기타,승용,남,74세,상해없음,보행자,여,60세,중상
4452,2021082000100441,2021년 8월 20일 18시,금요일,서울특별시 서초구 서초동,경상사고,0,0,1,0,차대사람 - 보도통행중,기타,포장 - 건조,맑음,단일로 - 기타,개인형이동수단(PM),여,21세,상해없음,보행자,남,45세,경상
4453,2021082000100443,2021년 8월 20일 18시,금요일,서울특별시 강남구 개포동,경상사고,0,0,1,0,차대사람 - 횡단중,보행자보호의무위반,포장 - 건조,맑음,단일로 - 기타,승용,여,56세,상해없음,보행자,여,20세,경상
4454,2021082000100529,2021년 8월 20일 20시,금요일,서울특별시 강남구 논현동,경상사고,0,0,1,0,차대사람 - 기타,보행자보호의무위반,포장 - 건조,맑음,단일로 - 기타,승용,여,53세,상해없음,보행자,남,65세,경상
4455,2021082000100564,2021년 8월 20일 21시,금요일,서울특별시 강남구 신사동,경상사고,0,0,1,0,차대사람 - 기타,안전운전불이행,포장 - 건조,맑음,단일로 - 기타,승용,남,25세,상해없음,보행자,남,41세,경상
4456,2021082000100600,2021년 8월 20일 22시,금요일,서울특별시 마포구 서교동,경상사고,0,0,1,0,차대사람 - 차도통행중,안전운전불이행,포장 - 건조,맑음,단일로 - 기타,승용,남,22세,기타불명,보행자,남,27세,경상
4457,2021082000100601,2021년 8월 20일 22시,금요일,서울특별시 강서구 마곡동,경상사고,0,0,1,0,차대사람 - 기타,중앙선침범,포장 - 건조,맑음,단일로 - 기타,승용,남,34세,상해없음,보행자,남,43세,경상
4458,2021082000100633,2021년 8월 20일 23시,금요일,서울특별시 성동구 성수동2가,경상사고,0,0,1,0,차대사람 - 길가장자리구역통행중,안전운전불이행,비포장 - 젖음/습기,맑음,단일로 - 기타,원동기,남,46세,상해없음,보행자,남,24세,경상
4459,2021082100100002,2021년 8월 21일 00시,토요일,서울특별시 송파구 가락동,중상사고,0,1,0,0,차대사람 - 기타,안전운전불이행,포장 - 건조,맑음,기타 - 기타,기타불명,남,47세,상해없음,보행자,여,73세,중상
4460,2021082100100020,2021년 8월 21일 03시,토요일,서울특별시 마포구 서교동,부상신고사고,0,0,0,1,차대사람 - 기타,안전운전불이행,포장 - 건조,흐림,단일로 - 기타,승용,남,22세,상해없음,보행자,여,19세,부상신고
4461,2021082100100066,2021년 8월 21일 09시,토요일,서울특별시 은평구 갈현동,경상사고,0,0,1,0,차대사람 - 횡단중,보행자보호의무위반,포장 - 젖음/습기,비,교차로 - 교차로횡단보도내,승용,남,80세,상해없음,보행자,남,30세,경상
4462,2021082100100113,2021년 8월 21일 11시,토요일,서울특별시 마포구 염리동,경상사고,0,0,1,0,차대사람 - 횡단중,보행자보호의무위반,포장 - 젖음/습기,비,교차로 - 교차로안,승용,남,63세,상해없음,보행자,여,25세,경상
4463,2021082100100143,2021년 8월 21일 12시,토요일,서울특별시 강서구 화곡동,중상사고,0,1,0,0,차대사람 - 차도통행중,안전운전불이행,포장 - 젖음/습기,비,교차로 - 교차로안,승용,남,70세,상해없음,보행자,남,74세,중상
4464,2021082100100236,2021년 8월 21일 14시,토요일,서울특별시 동대문구 이문동,사망사고,1,0,0,0,차대사람 - 횡단중,보행자보호의무위반,포장 - 젖음/습기,비,단일로 - 기타,승용,남,64세,상해없음,보행자,남,92세,사망
4465,2021082100100241,2021년 8월 21일 14시,토요일,서울특별시 중랑구 면목동,경상사고,0,0,1,0,차대사람 - 기타,안전운전불이행,포장 - 젖음/습기,맑음,단일로 - 기타,이륜,남,40세,상해없음,보행자,남,58세,경상
4466,2021082100100329,2021년 8월 21일 17시,토요일,서울특별시 강남구 신사동,경상사고,0,0,2,0,차대사람 - 횡단중,안전운전불이행,포장 - 젖음/습기,흐림,교차로 - 교차로안,승용,남,63세,상해없음,보행자,여,27세,경상
4467,2021082100100449,2021년 8월 21일 21시,토요일,서울특별시 관악구 신림동,중상사고,0,1,0,0,차대사람 - 횡단중,안전운전불이행,포장 - 젖음/습기,비,교차로 - 교차로부근,승용,남,71세,상해없음,보행자,남,25세,중상
4468,2021082100100476,2021년 8월 21일 22시,토요일,서울특별시 동작구 사당동,경상사고,0,0,1,0,차대사람 - 기타,안전운전불이행,포장 - 건조,맑음,단일로 - 기타,승용,남,18세,상해없음,보행자,여,27세,경상
4469,2021082200100066,2021년 8월 22일 10시,일요일,서울특별시 중랑구 면목동,중상사고,0,1,0,0,차대사람 - 횡단중,안전운전불이행,포장 - 건조,맑음,단일로 - 기타,승용,남,33세,상해없음,보행자,여,77세,중상
4470,2021082200100084,2021년 8월 22일 11시,일요일,서울특별시 동작구 본동,중상사고,0,1,0,0,차대사람 - 기타,안전운전불이행,포장 - 건조,맑음,교차로 - 교차로안,승용,여,34세,상해없음,보행자,여,68세,중상
4471,2021082200100085,2021년 8월 22일 11시,일요일,서울특별시 관악구 봉천동,경상사고,0,0,1,0,차대사람 - 차도통행중,안전운전불이행,포장 - 건조,맑음,교차로 - 교차로부근,화물,남,58세,상해없음,보행자,여,29세,경상
4472,2021082200100102,2021년 8월 22일 12시,일요일,서울특별시 용산구 후암동,경상사고,0,0,1,0,차대사람 - 기타,안전운전불이행,포장 - 건조,맑음,단일로 - 기타,승용,남,34세,상해없음,보행자,남,2세,경상
4473,2021082200100104,2021년 8월 22일 12시,일요일,서울특별시 금천구 독산동,경상사고,0,0,1,0,차대사람 - 기타,안전운전불이행,포장 - 건조,맑음,단일로 - 기타,승용,여,53세,상해없음,보행자,여,56세,경상
4474,2021082200100162,2021년 8월 22일 14시,일요일,서울특별시 강북구 번동,중상사고,0,1,0,0,차대사람 - 횡단중,안전운전불이행,포장 - 건조,맑음,단일로 - 기타,원동기,남,30세,기타불명,보행자,남,46세,중상
4475,2021082200100224,2021년 8월 22일 16시,일요일,서울특별시 중랑구 망우동,경상사고,0,0,1,0,차대사람 - 차도통행중,안전운전불이행,포장 - 건조,맑음,교차로 - 교차로안,화물,남,61세,상해없음,보행자,남,65세,경상
4476,2021082200100256,2021년 8월 22일 17시,일요일,서울특별시 광진구 자양동,부상신고사고,0,0,0,1,차대사람 - 기타,안전운전불이행,포장 - 건조,맑음,기타 - 기타,자전거,남,9세,상해없음,보행자,여,67세,부상신고
4477,2021082200100280,2021년 8월 22일 18시,일요일,서울특별시 송파구 오금동,사망사고,1,0,0,0,차대사람 - 길가장자리구역통행중,안전운전불이행,포장 - 건조,맑음,교차로 - 교차로안,승용,여,39세,상해없음,보행자,여,78세,사망
4478,2021082200100281,2021년 8월 22일 18시,일요일,서울특별시 구로구 천왕동,경상사고,0,0,1,0,차대사람 - 기타,기타,포장 - 건조,맑음,기타 - 기타,자전거,여,65세,경상,보행자,남,16세,상해없음
4479,2021082200100307,2021년 8월 22일 19시,일요일,서울특별시 구로구 개봉동,경상사고,0,0,1,0,차대사람 - 기타,안전운전불이행,포장 - 건조,맑음,교차로 - 교차로부근,승용,여,36세,상해없음,보행자,여,72세,경상
4480,2021082300100002,2021년 8월 23일 01시,월요일,서울특별시 성북구 장위동,중상사고,0,2,1,0,차대사람 - 횡단중,안전운전불이행,포장 - 건조,맑음,단일로 - 기타,이륜,남,18세,중상,보행자,남,26세,중상
4481,2021082300100026,2021년 8월 23일 07시,월요일,서울특별시 강동구 성내동,중상사고,0,1,0,0,차대사람 - 횡단중,안전운전불이행,포장 - 건조,흐림,단일로 - 기타,승합,남,68세,상해없음,보행자,남,46세,중상
4482,2021082300100041,2021년 8월 23일 08시,월요일,서울특별시 중랑구 망우동,경상사고,0,0,1,0,차대사람 - 기타,불법유턴,포장 - 건조,흐림,단일로 - 기타,화물,남,39세,상해없음,보행자,여,16세,경상
4483,2021082300100043,2021년 8월 23일 08시,월요일,서울특별시 성북구 장위동,경상사고,0,0,1,0,차대사람 - 기타,안전운전불이행,포장 - 건조,맑음,기타 - 기타,기타불명,기타불명,미분류,기타불명,보행자,여,30세,경상
4484,2021082300100076,2021년 8월 23일 09시,월요일,서울특별시 구로구 궁동,중상사고,0,1,0,0,차대사람 - 기타,안전운전불이행,포장 - 건조,맑음,교차로 - 교차로부근,자전거,남,76세,상해없음,보행자,여,75세,중상
4485,2021082300100102,2021년 8월 23일 10시,월요일,서울특별시 광진구 자양동,경상사고,0,0,1,0,차대사람 - 보도통행중,기타,포장 - 건조,맑음,단일로 - 기타,화물,남,55세,상해없음,보행자,여,79세,경상
4486,2021082300100110,2021년 8월 23일 10시,월요일,서울특별시 도봉구 도봉동,중상사고,0,1,0,0,차대사람 - 기타,안전운전불이행,포장 - 건조,맑음,단일로 - 기타,원동기,여,19세,상해없음,보행자,여,88세,중상
4487,2021082300100133,2021년 8월 23일 11시,월요일,서울특별시 금천구 독산동,경상사고,0,0,1,0,차대사람 - 기타,안전운전불이행,포장 - 건조,맑음,기타 - 기타,승용,여,57세,상해없음,보행자,여,71세,경상
4488,2021082300100167,2021년 8월 23일 12시,월요일,서울특별시 종로구 평창동,중상사고,0,1,0,0,차대사람 - 횡단중,보행자보호의무위반,포장 - 건조,맑음,단일로 - 기타,승용,남,74세,상해없음,보행자,여,72세,중상
4489,2021082300100219,2021년 8월 23일 13시,월요일,서울특별시 서초구 서초동,경상사고,0,0,1,0,차대사람 - 보도통행중,안전운전불이행,포장 - 건조,맑음,단일로 - 기타,승용,남,68세,상해없음,보행자,여,22세,경상
4490,2021082300100221,2021년 8월 23일 13시,월요일,서울특별시 양천구 신월동,중상사고,0,1,0,0,차대사람 - 보도통행중,신호위반,포장 - 젖음/습기,비,교차로 - 교차로횡단보도내,승용,남,72세,상해없음,보행자,여,78세,중상
4491,2021082300100291,2021년 8월 23일 15시,월요일,서울특별시 광진구 중곡동,경상사고,0,0,1,0,차대사람 - 기타,안전운전불이행,포장 - 젖음/습기,흐림,단일로 - 기타,승용,남,68세,상해없음,보행자,남,77세,경상
4492,2021082300100312,2021년 8월 23일 16시,월요일,서울특별시 종로구 창신동,중상사고,0,2,0,0,차대사람 - 횡단중,보행자보호의무위반,포장 - 젖음/습기,비,단일로 - 기타,승용,남,47세,상해없음,보행자,남,56세,중상
4493,2021082300100397,2021년 8월 23일 18시,월요일,서울특별시 성동구 행당동,중상사고,0,1,0,0,차대사람 - 횡단중,신호위반,포장 - 젖음/습기,맑음,교차로 - 교차로안,이륜,남,43세,상해없음,보행자,여,56세,중상
4494,2021082300100403,2021년 8월 23일 18시,월요일,서울특별시 강남구 대치동,중상사고,0,1,0,0,차대사람 - 보도통행중,기타,포장 - 건조,맑음,기타 - 기타,이륜,남,31세,상해없음,보행자,남,12세,중상
4495,2021082300100438,2021년 8월 23일 19시,월요일,서울특별시 강동구 길동,경상사고,0,0,1,0,차대사람 - 기타,안전운전불이행,포장 - 젖음/습기,비,교차로 - 교차로부근,승용,남,63세,상해없음,보행자,여,26세,경상
4496,2021082300100482,2021년 8월 23일 20시,월요일,서울특별시 강북구 번동,경상사고,0,0,1,0,차대사람 - 횡단중,안전운전불이행,포장 - 젖음/습기,비,교차로 - 교차로안,승용,남,32세,상해없음,보행자,남,77세,경상
4497,2021082300100483,2021년 8월 23일 20시,월요일,서울특별시 중랑구 면목동,경상사고,0,0,1,0,차대사람 - 길가장자리구역통행중,안전운전불이행,포장 - 젖음/습기,흐림,교차로 - 교차로부근,이륜,남,23세,상해없음,보행자,여,26세,경상
4498,2021082300100485,2021년 8월 23일 20시,월요일,서울특별시 성북구 종암동,경상사고,0,0,1,0,차대사람 - 횡단중,신호위반,포장 - 젖음/습기,비,교차로 - 교차로횡단보도내,승용,남,64세,상해없음,보행자,여,18세,경상
4499,2021082300100523,2021년 8월 23일 21시,월요일,서울특별시 광진구 화양동,경상사고,0,0,1,0,차대사람 - 기타,안전운전불이행,포장 - 젖음/습기,비,단일로 - 기타,기타불명,기타불명,미분류,기타불명,보행자,여,65세,경상
4500,2021082400100028,2021년 8월 24일 06시,화요일,서울특별시 광진구 화양동,경상사고,0,0,1,0,차대사람 - 기타,안전운전불이행,포장 - 젖음/습기,흐림,단일로 - 기타,기타불명,기타불명,미분류,기타불명,보행자,여,61세,경상
4501,2021082400100042,2021년 8월 24일 07시,화요일,서울특별시 구로구 온수동,부상신고사고,0,0,0,2,차대사람 - 보도통행중,신호위반,포장 - 건조,맑음,교차로 - 교차로횡단보도내,승용,여,47세,상해없음,보행자,여,16세,부상신고
4502,2021082400100068,2021년 8월 24일 08시,화요일,서울특별시 서초구 반포동,중상사고,0,1,0,0,차대사람 - 횡단중,보행자보호의무위반,포장 - 젖음/습기,흐림,단일로 - 기타,승용,남,65세,상해없음,보행자,여,29세,중상
4503,2021082400100097,2021년 8월 24일 09시,화요일,서울특별시 양천구 신정동,중상사고,0,1,0,0,차대사람 - 차도통행중,안전운전불이행,포장 - 젖음/습기,비,단일로 - 기타,자전거,남,25세,상해없음,보행자,남,74세,중상