,사고번호,사고일시,요일,시군구,사고내용,사망자수,중상자수,경상자수,부상신고자수,사고유형,법규위반,노면상태,기상상태,도로형태,가해운전자 차종,가해운전자 성별,가해운전자 연령,가해운전자 상해정도,피해운전자 차종,피해운전자 성별,피해운전자 연령,피해운전자 상해정도
4617,2021083000100056,2021년 8월 30일 08시,월요일,서울특별시 중랑구 망우동,중상사고,0,1,0,0,차대사람 - 차도통행중,불법유턴,포장 - 건조,맑음,교차로 - 교차로안,승용,남,64세,상해없음,보행자,남,35세,중상
4618,2021083000100084,2021년 8월 30일 09시,월요일,서울특별시 송파구 거여동,경상사고,0,0,1,0,차대사람 - 기타,안전운전불이행,포장 - 건조,맑음,교차로 - 교차로횡단보도내,화물,남,58세,상해없음,보행자,남,64세,경상
4619,2021083000100147,2021년 8월 30일 11시,월요일,서울특별시 성동구 응봉동,중상사고,0,1,0,0,차대사람 - 차도통행중,신호위반,포장 - 건조,맑음,단일로 - 기타,승용,남,78세,상해없음,보행자,여,74세,중상
4620,2021083000100192,2021년 8월 30일 12시,월요일,서울특별시 마포구 도화동,중상사고,0,1,0,0,차대사람 - 횡단중,보행자보호의무위반,포장 - 건조,맑음,교차로 - 교차로횡단보도내,화물,남,68세,상해없음,보행자,여,86세,중상
4621,2021083000100243,2021년 8월 30일 14시,월요일,서울특별시 광진구 자양동,경상사고,0,0,1,0,차대사람 - 횡단중,보행자보호의무위반,포장 - 건조,맑음,교차로 - 교차로횡단보도내,개인형이동수단(PM),남,15세,상해없음,보행자,남,65세,경상
4622,2021083000100352,2021년 8월 30일 17시,월요일,서울특별시 마포구 상수동,중상사고,0,1,0,0,차대사람 - 기타,기타,포장 - 건조,맑음,기타 - 기타,자전거,남,21세,상해없음,보행자,여,69세,중상
4623,2021083000100441,2021년 8월 30일 19시,월요일,서울특별시 서초구 방배동,경상사고,0,0,1,0,차대사람 - 보도통행중,기타,포장 - 건조,맑음,단일로 - 기타,자전거,여,36세,상해없음,보행자,여,38세,경상
4624,2021083000100442,2021년 8월 30일 19시,월요일,서울특별시 서초구 방배동,경상사고,0,0,1,0,차대사람 - 기타,기타,포장 - 건조,흐림,단일로 - 기타,승합,남,57세,상해없음,보행자,여,40세,경상
4625,2021083100100026,2021년 8월 31일 05시,화요일,서울특별시 금천구 독산동,경상사고,0,0,1,0,차대사람 - 보도통행중,기타,포장 - 건조,맑음,단일로 - 기타,승용,남,49세,상해없음,보행자,여,55세,경상
4626,2021083100100027,2021년 8월 31일 05시,화요일,서울특별시 노원구 공릉동,경상사고,0,0,1,0,차대사람 - 차도통행중,안전운전불이행,포장 - 건조,맑음,교차로 - 교차로안,승용,남,30세,상해없음,보행자,여,75세,경상
4627,2021083100100057,2021년 8월 31일 08시,화요일,서울특별시 광진구 화양동,중상사고,0,1,0,0,차대사람 - 차도통행중,안전운전불이행,포장 - 젖음/습기,비,단일로 - 기타,개인형이동수단(PM),남,31세,상해없음,보행자,여,32세,중상
4628,2021083100100133,2021년 8월 31일 10시,화요일,서울특별시 강동구 상일동,경상사고,0,0,1,0,차대사람 - 기타,안전운전불이행,포장 - 건조,맑음,단일로 - 기타,승합,여,44세,상해없음,보행자,여,85세,경상
4629,2021083100100136,2021년 8월 31일 10시,화요일,서울특별시 노원구 상계동,부상신고사고,0,0,0,1,차대사람 - 기타,기타,포장 - 건조,맑음,기타 - 기타,자전거,기타불명,미분류,기타불명,보행자,여,34세,부상신고
4630,2021083100100163,2021년 8월 31일 11시,화요일,서울특별시 동대문구 청량리동,경상사고,0,0,1,0,차대사람 - 기타,기타,포장 - 건조,흐림,단일로 - 기타,이륜,남,30세,상해없음,보행자,여,71세,경상
4631,2021083100100164,2021년 8월 31일 11시,화요일,서울특별시 중랑구 면목동,중상사고,0,1,0,0,차대사람 - 기타,안전운전불이행,포장 - 건조,맑음,단일로 - 기타,화물,남,60세,상해없음,보행자,남,64세,중상
4632,2021083100100165,2021년 8월 31일 11시,화요일,서울특별시 강남구 신사동,경상사고,0,0,1,0,차대사람 - 횡단중,보행자보호의무위반,포장 - 젖음/습기,비,교차로 - 교차로안,승용,남,39세,상해없음,보행자,남,18세,경상
4633,2021083100100194,2021년 8월 31일 12시,화요일,서울특별시 관악구 봉천동,중상사고,0,1,0,0,차대사람 - 차도통행중,안전운전불이행,포장 - 젖음/습기,비,단일로 - 기타,이륜,남,23세,상해없음,보행자,여,66세,중상
4634,2021083100100235,2021년 8월 31일 13시,화요일,서울특별시 서초구 서초동,중상사고,0,1,0,0,차대사람 - 기타,안전운전불이행,포장 - 젖음/습기,비,단일로 - 기타,승용,남,71세,상해없음,보행자,여,53세,중상
4635,2021083100100316,2021년 8월 31일 15시,화요일,서울특별시 서대문구 홍은동,중상사고,0,1,0,0,차대사람 - 차도통행중,안전운전불이행,포장 - 젖음/습기,비,교차로 - 교차로안,승용,남,56세,상해없음,보행자,여,75세,중상
4636,2021083100100318,2021년 8월 31일 15시,화요일,서울특별시 성북구 상월곡동,중상사고,0,1,0,0,차대사람 - 횡단중,안전운전불이행,포장 - 젖음/습기,비,교차로 - 교차로안,화물,남,39세,상해없음,보행자,여,29세,중상
4637,2021083100100371,2021년 8월 31일 16시,화요일,서울특별시 강동구 천호동,경상사고,0,0,2,0,차대사람 - 길가장자리구역통행중,안전운전불이행,포장 - 젖음/습기,비,단일로 - 기타,승용,남,35세,상해없음,보행자,남,37세,경상
4638,2021083100100373,2021년 8월 31일 16시,화요일,서울특별시 노원구 상계동,경상사고,0,0,1,0,차대사람 - 기타,기타,포장 - 젖음/습기,비,기타 - 기타,화물,여,58세,상해없음,보행자,여,65세,경상
4639,2021083100100443,2021년 8월 31일 18시,화요일,서울특별시 관악구 신림동,경상사고,0,0,1,0,차대사람 - 횡단중,안전운전불이행,포장 - 젖음/습기,비,단일로 - 기타,승용,남,67세,상해없음,보행자,여,27세,경상
4640,2021083100100486,2021년 8월 31일 19시,화요일,서울특별시 서대문구 연희동,경상사고,0,0,1,0,차대사람 - 기타,기타,포장 - 건조,맑음,단일로 - 기타,승용,남,68세,상해없음,보행자,여,26세,경상
4641,2021083100100546,2021년 8월 31일 20시,화요일,서울특별시 강서구 화곡동,중상사고,0,1,0,0,차대사람 - 기타,안전운전불이행,포장 - 젖음/습기,비,기타 - 기타,승합,남,61세,상해없음,보행자,남,43세,중상
4642,2021083100100549,2021년 8월 31일 20시,화요일,서울특별시 구로구 가리봉동,경상사고,0,0,1,0,차대사람 - 횡단중,안전운전불이행,포장 - 젖음/습기,비,교차로 - 교차로횡단보도내,화물,남,74세,상해없음,보행자,남,36세,경상
4643,2021083100100594,2021년 8월 31일 21시,화요일,서울특별시 중랑구 면목동,중상사고,0,1,0,1,차대사람 - 횡단중,안전운전불이행,포장 - 젖음/습기,비,단일로 - 기타,이륜,남,24세,부상신고,보행자,여,61세,중상
4644,2021083100100597,2021년 8월 31일 21시,화요일,서울특별시 강남구 신사동,경상사고,0,0,1,0,차대사람 - 차도통행중,안전운전불이행,포장 - 건조,맑음,단일로 - 기타,승용,남,35세,상해없음,보행자,여,20세,경상
4645,2021083100100601,2021년 8월 31일 21시,화요일,서울특별시 송파구 오금동,경상사고,0,0,1,0,차대사람 - 보도통행중,기타,포장 - 젖음/습기,비,단일로 - 기타,승용,남,49세,상해없음,보행자,남,35세,경상
4646,2021083100100639,2021년 8월 31일 22시,화요일,서울특별시 강남구 대치동,경상사고,0,0,1,0,차대사람 - 횡단중,신호위반,포장 - 젖음/습기,비,교차로 - 교차로횡단보도내,특수,남,38세,상해없음,보행자,남,13세,경상
4647,2021090100100003,2021년 9월 1일 00시,수요일,서울특별시 강서구 화곡동,경상사고,0,0,1,0,차대사람 - 횡단중,신호위반,포장 - 젖음/습기,비,기타 - 기타,화물,남,50세,상해없음,보행자,남,31세,경상
4648,2021090100100058,2021년 9월 1일 08시,수요일,서울특별시 서초구 서초동,경상사고,0,0,1,0,차대사람 - 보도통행중,보행자보호의무위반,포장 - 건조,맑음,단일로 - 기타,승용,여,40세,상해없음,보행자,여,29세,경상
4649,2021090100100108,2021년 9월 1일 10시,수요일,서울특별시 강북구 미아동,경상사고,0,0,1,0,차대사람 - 횡단중,안전운전불이행,포장 - 건조,맑음,교차로 - 교차로부근,승용,남,52세,상해없음,보행자,남,72세,경상
4650,2021090100100167,2021년 9월 1일 12시,수요일,서울특별시 금천구 시흥동,경상사고,0,0,1,0,차대사람 - 기타,안전운전불이행,포장 - 기타,비,교차로 - 교차로안,화물,남,25세,상해없음,보행자,여,61세,경상
4651,2021090100100205,2021년 9월 1일 13시,수요일,서울특별시 구로구 구로동,경상사고,0,0,1,0,차대사람 - 기타,안전운전불이행,포장 - 건조,맑음,단일로 - 기타,승용,남,37세,상해없음,보행자,남,41세,경상
4652,2021090100100206,2021년 9월 1일 13시,수요일,서울특별시 강남구 역삼동,중상사고,0,1,0,0,차대사람 - 기타,안전운전불이행,포장 - 건조,맑음,단일로 - 기타,승용,여,27세,상해없음,보행자,여,35세,중상
4653,2021090100100237,2021년 9월 1일 14시,수요일,서울특별시 영등포구 도림동,경상사고,0,0,1,0,차대사람 - 횡단중,안전운전불이행,포장 - 건조,맑음,단일로 - 기타,이륜,남,29세,기타불명,보행자,남,9세,경상
4654,2021090100100238,2021년 9월 1일 14시,수요일,서울특별시 강남구 청담동,중상사고,0,1,0,0,차대사람 - 기타,기타,포장 - 건조,맑음,기타 - 기타,승용,여,49세,상해없음,보행자,여,23세,중상
4655,2021090100100239,2021년 9월 1일 14시,수요일,서울특별시 강서구 마곡동,중상사고,0,1,0,0,차대사람 - 횡단중,안전운전불이행,포장 - 건조,맑음,교차로 - 교차로횡단보도내,특수,남,32세,상해없음,보행자,여,47세,중상
4656,2021090100100242,2021년 9월 1일 14시,수요일,서울특별시 도봉구 쌍문동,중상사고,0,1,0,0,차대사람 - 횡단중,보행자보호의무위반,포장 - 건조,맑음,교차로 - 교차로안,화물,남,60세,상해없음,보행자,남,68세,중상
4657,2021090100100276,2021년 9월 1일 15시,수요일,서울특별시 중랑구 면목동,중상사고,0,1,0,0,차대사람 - 보도통행중,기타,포장 - 건조,맑음,단일로 - 기타,승합,남,53세,상해없음,보행자,여,80세,중상
4658,2021090100100340,2021년 9월 1일 17시,수요일,서울특별시 강북구 수유동,경상사고,0,0,1,0,차대사람 - 기타,신호위반,포장 - 건조,맑음,단일로 - 기타,승합,남,59세,상해없음,보행자,남,83세,경상
4659,2021090100100342,2021년 9월 1일 17시,수요일,서울특별시 도봉구 창동,경상사고,0,0,1,0,차대사람 - 차도통행중,안전운전불이행,포장 - 건조,맑음,단일로 - 기타,승용,남,74세,상해없음,보행자,여,11세,경상
4660,2021090100100513,2021년 9월 1일 22시,수요일,서울특별시 성동구 용답동,경상사고,0,0,1,0,차대사람 - 횡단중,보행자보호의무위반,포장 - 건조,맑음,단일로 - 기타,승용,여,59세,상해없음,보행자,여,28세,경상
4661,2021090200100014,2021년 9월 2일 03시,목요일,서울특별시 도봉구 창동,경상사고,0,0,1,0,차대사람 - 횡단중,보행자보호의무위반,포장 - 건조,맑음,교차로 - 교차로횡단보도내,승용,남,72세,상해없음,보행자,여,34세,경상
4662,2021090200100038,2021년 9월 2일 07시,목요일,서울특별시 양천구 신정동,경상사고,0,0,1,0,차대사람 - 기타,보행자보호의무위반,포장 - 건조,흐림,단일로 - 기타,승용,여,45세,상해없음,보행자,남,58세,경상
4663,2021090200100123,2021년 9월 2일 10시,목요일,서울특별시 강남구 대치동,부상신고사고,0,0,0,1,차대사람 - 기타,안전운전불이행,포장 - 건조,맑음,단일로 - 기타,승용,여,35세,상해없음,보행자,여,48세,부상신고
4664,2021090200100151,2021년 9월 2일 11시,목요일,서울특별시 서대문구 홍은동,중상사고,0,1,0,0,차대사람 - 기타,안전운전불이행,포장 - 건조,맑음,교차로 - 교차로부근,이륜,남,86세,상해없음,보행자,여,83세,중상
4665,2021090200100178,2021년 9월 2일 12시,목요일,서울특별시 강남구 역삼동,경상사고,0,0,1,0,차대사람 - 기타,안전운전불이행,포장 - 건조,맑음,단일로 - 기타,승용,남,68세,상해없음,보행자,여,35세,경상
4666,2021090200100231,2021년 9월 2일 14시,목요일,서울특별시 서대문구 홍제동,중상사고,0,1,0,0,차대사람 - 차도통행중,안전운전불이행,포장 - 건조,흐림,단일로 - 기타,화물,남,62세,상해없음,보행자,여,68세,중상
4667,2021090200100262,2021년 9월 2일 15시,목요일,서울특별시 은평구 응암동,경상사고,0,0,1,0,차대사람 - 기타,기타,포장 - 건조,맑음,단일로 - 기타,승합,남,59세,기타불명,보행자,여,64세,경상
4668,2021090200100337,2021년 9월 2일 17시,목요일,서울특별시 영등포구 대림동,경상사고,0,0,1,0,차대사람 - 기타,안전운전불이행,포장 - 건조,맑음,교차로 - 교차로부근,승용,남,31세,상해없음,보행자,여,59세,경상
4669,2021090200100338,2021년 9월 2일 17시,목요일,서울특별시 동작구 상도1동,경상사고,0,0,2,0,차대사람 - 기타,안전운전불이행,포장 - 건조,맑음,단일로 - 기타,승용,남,65세,상해없음,보행자,여,38세,경상
4670,2021090200100387,2021년 9월 2일 18시,목요일,서울특별시 강남구 논현동,경상사고,0,0,1,0,차대사람 - 기타,안전운전불이행,포장 - 건조,맑음,단일로 - 기타,승용,남,40세,상해없음,보행자,남,38세,경상
4671,2021090200100439,2021년 9월 2일 19시,목요일,서울특별시 중랑구 망우동,경상사고,0,0,1,0,차대사람 - 횡단중,안전운전불이행,포장 - 건조,흐림,교차로 - 교차로부근,승용,남,36세,상해없음,보행자,여,14세,경상
4672,2021090200100440,2021년 9월 2일 19시,목요일,서울특별시 강서구 화곡동,중상사고,0,1,0,1,차대사람 - 보도통행중,보행자보호의무위반,포장 - 건조,맑음,교차로 - 교차로횡단보도내,승용,남,39세,상해없음,보행자,남,74세,중상
4673,2021090200100472,2021년 9월 2일 20시,목요일,서울특별시 동대문구 답십리동,중상사고,0,1,0,0,차대사람 - 횡단중,보행자보호의무위반,포장 - 건조,맑음,교차로 - 교차로횡단보도내,승합,여,68세,상해없음,보행자,남,65세,중상
4674,2021090200100476,2021년 9월 2일 20시,목요일,서울특별시 강서구 공항동,경상사고,0,0,1,0,차대사람 - 보도통행중,기타,포장 - 건조,맑음,단일로 - 기타,기타불명,기타불명,미분류,기타불명,보행자,여,24세,경상
4675,2021090200100504,2021년 9월 2일 21시,목요일,서울특별시 동대문구 제기동,경상사고,0,0,1,0,차대사람 - 기타,안전운전불이행,포장 - 건조,맑음,단일로 - 기타,승용,남,62세,상해없음,보행자,남,57세,경상
4676,2021090200100507,2021년 9월 2일 21시,목요일,서울특별시 영등포구 신길동,경상사고,0,0,1,0,차대사람 - 기타,기타,포장 - 건조,맑음,단일로 - 기타,승합,남,52세,기타불명,보행자,여,63세,경상
4677,2021090200100532,2021년 9월 2일 22시,목요일,서울특별시 금천구 독산동,경상사고,0,0,1,0,차대사람 - 보도통행중,기타,포장 - 건조,맑음,단일로 - 기타,자전거,여,36세,상해없음,보행자,여,23세,경상
4678,2021090200100533,2021년 9월 2일 22시,목요일,서울특별시 관악구 신림동,경상사고,0,0,1,0,차대사람 - 기타,안전운전불이행,포장 - 건조,맑음,교차로 - 교차로부근,승용,여,19세,상해없음,보행자,남,61세,경상
4679,2021090300100004,2021년 9월 3일 00시,금요일,서울특별시 서초구 서초동,중상사고,0,1,0,0,차대사람 - 횡단중,안전운전불이행,포장 - 건조,흐림,단일로 - 기타,이륜,남,31세,상해없음,보행자,남,33세,중상
4680,2021090300100020,2021년 9월 3일 04시,금요일,서울특별시 강북구 번동,경상사고,0,0,1,0,차대사람 - 기타,안전운전불이행,포장 - 건조,맑음,교차로 - 교차로안,이륜,남,47세,상해없음,보행자,여,54세,경상
4681,2021090300100024,2021년 9월 3일 05시,금요일,서울특별시 구로구 가리봉동,중상사고,0,1,0,0,차대사람 - 횡단중,신호위반,포장 - 건조,맑음,교차로 - 교차로안,승합,남,35세,상해없음,보행자,남,58세,중상
4682,2021090300100026,2021년 9월 3일 05시,금요일,서울특별시 노원구 중계동,경상사고,0,0,1,0,차대사람 - 기타,안전운전불이행,포장 - 건조,맑음,교차로 - 교차로부근,승용,남,68세,상해없음,보행자,남,30세,경상
4683,2021090300100065,2021년 9월 3일 08시,금요일,서울특별시 영등포구 도림동,경상사고,0,0,1,0,차대사람 - 기타,안전운전불이행,포장 - 건조,맑음,교차로 - 교차로안,승용,여,63세,상해없음,보행자,여,21세,경상
4684,2021090300100066,2021년 9월 3일 08시,금요일,서울특별시 강서구 화곡동,중상사고,0,1,0,1,차대사람 - 기타,기타,포장 - 건조,맑음,단일로 - 기타,자전거,남,74세,상해없음,보행자,여,57세,중상
4685,2021090300100068,2021년 9월 3일 08시,금요일,서울특별시 도봉구 쌍문동,경상사고,0,0,1,0,차대사람 - 기타,안전운전불이행,포장 - 건조,맑음,단일로 - 기타,승용,여,54세,상해없음,보행자,여,29세,경상
4686,2021090300100134,2021년 9월 3일 10시,금요일,서울특별시 서초구 양재동,경상사고,0,0,1,0,차대사람 - 차도통행중,안전운전불이행,포장 - 건조,맑음,기타 - 기타,승용,여,44세,상해없음,보행자,여,31세,경상
4687,2021090300100174,2021년 9월 3일 12시,금요일,서울특별시 강남구 논현동,경상사고,0,0,1,0,차대사람 - 보도통행중,기타,포장 - 건조,맑음,기타 - 기타,승용,여,35세,상해없음,보행자,남,36세,경상
4688,2021090300100176,2021년 9월 3일 12시,금요일,서울특별시 양천구 목동,경상사고,0,0,1,0,차대사람 - 횡단중,보행자보호의무위반,포장 - 건조,맑음,단일로 - 기타,이륜,남,22세,상해없음,보행자,여,6세,경상
4689,2021090300100238,2021년 9월 3일 14시,금요일,서울특별시 송파구 송파동,경상사고,0,0,1,0,차대사람 - 횡단중,보행자보호의무위반,포장 - 건조,흐림,교차로 - 교차로횡단보도내,승용,남,52세,상해없음,보행자,남,8세,경상
4690,2021090300100268,2021년 9월 3일 15시,금요일,서울특별시 강북구 미아동,중상사고,0,1,0,0,차대사람 - 횡단중,신호위반,포장 - 건조,맑음,교차로 - 교차로횡단보도내,이륜,남,24세,기타불명,보행자,남,10세,중상
4691,2021090300100269,2021년 9월 3일 15시,금요일,서울특별시 광진구 중곡동,경상사고,0,0,1,0,차대사람 - 기타,안전운전불이행,포장 - 건조,맑음,교차로 - 교차로안,승용,남,59세,상해없음,보행자,여,65세,경상
4692,2021090300100294,2021년 9월 3일 16시,금요일,서울특별시 동작구 흑석동,경상사고,0,0,1,0,차대사람 - 기타,안전운전불이행,포장 - 건조,맑음,단일로 - 기타,이륜,남,19세,상해없음,보행자,남,53세,경상
4693,2021090300100296,2021년 9월 3일 16시,금요일,서울특별시 중랑구 면목동,경상사고,0,0,1,0,차대사람 - 기타,안전운전불이행,포장 - 건조,맑음,단일로 - 기타,승합,남,47세,상해없음,보행자,남,46세,경상
4694,2021090300100340,2021년 9월 3일 17시,금요일,서울특별시 은평구 신사동,경상사고,0,0,1,0,차대사람 - 기타,기타,포장 - 건조,맑음,기타 - 기타,이륜,여,28세,상해없음,보행자,여,15세,경상
4695,2021090300100343,2021년 9월 3일 17시,금요일,서울특별시 송파구 송파동,부상신고사고,0,0,0,1,차대사람 - 기타,안전운전불이행,포장 - 건조,맑음,단일로 - 기타,개인형이동수단(PM),남,51세,상해없음,보행자,여,69세,부상신고
4696,2021090300100499,2021년 9월 3일 20시,금요일,서울특별시 광진구 화양동,경상사고,0,0,1,0,차대사람 - 기타,안전운전불이행,포장 - 젖음/습기,맑음,단일로 - 기타,화물,남,28세,상해없음,보행자,여,58세,경상
4697,2021090300100538,2021년 9월 3일 21시,금요일,서울특별시 영등포구 양평동3가,중상사고,0,1,0,0,차대사람 - 횡단중,안전운전불이행,포장 - 건조,맑음,단일로 - 기타,승용,남,60세,상해없음,보행자,남,25세,중상
4698,2021090300100576,2021년 9월 3일 22시,금요일,서울특별시 영등포구 영등포동3가,부상신고사고,0,0,0,1,차대사람 - 기타,안전운전불이행,포장 - 기타,기타,단일로 - 기타,승용,남,44세,상해없음,보행자,남,18세,부상신고
4699,2021090300100603,2021년 9월 3일 23시,금요일,서울특별시 용산구 한강로1가,경상사고,0,0,1,0,차대사람 - 횡단중,보행자보호의무위반,포장 - 건조,맑음,단일로 - 기타,승용,남,56세,상해없음,보행자,여,37세,경상
4700,2021090400100002,2021년 9월 4일 00시,토요일,서울특별시 관악구 신림동,중상사고,0,1,0,0,차대사람 - 횡단중,보행자보호의무위반,포장 - 건조,맑음,교차로 - 교차로안,승용,남,66세,상해없음,보행자,남,29세,중상
4701,2021090400100032,2021년 9월 4일 04시,토요일,서울특별시 노원구 중계동,중상사고,0,1,0,0,차대사람 - 기타,안전운전불이행,포장 - 건조,맑음,주차장 - 주차장,화물,남,44세,상해없음,보행자,남,27세,중상
4702,2021090400100048,2021년 9월 4일 07시,토요일,서울특별시 서대문구 북가좌동,중상사고,0,1,0,0,차대사람 - 차도통행중,안전운전불이행,포장 - 건조,맑음,단일로 - 기타,승용,남,59세,상해없음,보행자,남,75세,중상
4703,2021090400100073,2021년 9월 4일 09시,토요일,서울특별시 동작구 사당동,중상사고,0,1,0,0,차대사람 - 차도통행중,안전운전불이행,포장 - 건조,맑음,교차로 - 교차로안,승용,여,41세,상해없음,보행자,여,82세,중상
4704,2021090400100077,2021년 9월 4일 09시,토요일,서울특별시 서초구 양재동,중상사고,0,1,0,0,차대사람 - 기타,보행자보호의무위반,포장 - 건조,맑음,단일로 - 기타,승용,여,51세,상해없음,보행자,남,42세,중상
4705,2021090400100100,2021년 9월 4일 10시,토요일,서울특별시 서초구 잠원동,경상사고,0,0,1,0,차대사람 - 기타,안전운전불이행,포장 - 건조,맑음,기타 - 기타,승용,남,74세,상해없음,보행자,남,51세,경상
4706,2021090400100173,2021년 9월 4일 12시,토요일,서울특별시 양천구 신정동,경상사고,0,0,1,0,차대사람 - 횡단중,보행자보호의무위반,포장 - 건조,맑음,단일로 - 기타,승용,여,47세,상해없음,보행자,남,7세,경상
4707,2021090400100214,2021년 9월 4일 13시,토요일,서울특별시 강서구 등촌동,경상사고,0,0,1,0,차대사람 - 횡단중,안전운전불이행,포장 - 건조,맑음,단일로 - 기타,승용,여,30세,상해없음,보행자,남,41세,경상
4708,2021090400100215,2021년 9월 4일 13시,토요일,서울특별시 성북구 석관동,중상사고,0,1,0,0,차대사람 - 기타,기타,포장 - 건조,맑음,기타 - 기타,승용,남,84세,상해없음,보행자,남,61세,중상
4709,2021090400100366,2021년 9월 4일 18시,토요일,서울특별시 동작구 동작동,경상사고,0,0,1,0,차대사람 - 기타,안전운전불이행,포장 - 건조,맑음,단일로 - 기타,자전거,남,48세,상해없음,보행자,남,70세,경상
4710,2021090400100402,2021년 9월 4일 19시,토요일,서울특별시 관악구 봉천동,경상사고,0,0,1,0,차대사람 - 횡단중,안전운전불이행,포장 - 건조,맑음,교차로 - 교차로안,이륜,남,16세,상해없음,보행자,남,65세,경상
4711,2021090400100404,2021년 9월 4일 19시,토요일,서울특별시 구로구 고척동,경상사고,0,0,1,0,차대사람 - 횡단중,보행자보호의무위반,포장 - 건조,맑음,단일로 - 기타,승용,남,46세,상해없음,보행자,남,23세,경상
4712,2021090400100484,2021년 9월 4일 22시,토요일,서울특별시 서초구 반포동,경상사고,0,0,1,0,차대사람 - 기타,안전운전불이행,포장 - 건조,맑음,교차로 - 교차로부근,승용,남,68세,상해없음,보행자,여,25세,경상
4713,2021090500100149,2021년 9월 5일 14시,일요일,서울특별시 성북구 동선동1가,중상사고,0,1,0,0,차대사람 - 기타,안전운전불이행,포장 - 건조,맑음,단일로 - 기타,승합,남,56세,상해없음,보행자,여,71세,중상
4714,2021090500100189,2021년 9월 5일 15시,일요일,서울특별시 양천구 목동,중상사고,0,1,0,0,차대사람 - 기타,기타,포장 - 건조,맑음,단일로 - 기타,승합,남,61세,상해없음,보행자,여,81세,중상
4715,2021090500100224,2021년 9월 5일 16시,일요일,서울특별시 강북구 수유동,중상사고,0,1,0,0,차대사람 - 기타,안전운전불이행,포장 - 건조,맑음,교차로 - 교차로안,승용,남,36세,상해없음,보행자,여,57세,중상
4716,2021090500100227,2021년 9월 5일 16시,일요일,서울특별시 송파구 석촌동,중상사고,0,1,0,0,차대사람 - 차도통행중,안전운전불이행,포장 - 건조,맑음,단일로 - 기타,화물,남,54세,상해없음,보행자,여,33세,중상
4717,2021090500100228,2021년 9월 5일 16시,일요일,서울특별시 은평구 진관동,경상사고,0,0,1,0,차대사람 - 기타,안전운전불이행,포장 - 건조,맑음,단일로 - 기타,승용,여,56세,상해없음,보행자,여,68세,경상
4718,2021090500100276,2021년 9월 5일 18시,일요일,서울특별시 서대문구 충정로3가,경상사고,0,0,1,0,차대사람 - 횡단중,신호위반,포장 - 건조,맑음,교차로 - 교차로횡단보도내,이륜,남,40세,상해없음,보행자,여,27세,경상
4719,2021090500100277,2021년 9월 5일 18시,일요일,서울특별시 마포구 서교동,경상사고,0,0,1,0,차대사람 - 길가장자리구역통행중,안전운전불이행,포장 - 건조,맑음,단일로 - 기타,기타불명,기타불명,미분류,기타불명,보행자,남,25세,경상
4720,2021090500100279,2021년 9월 5일 18시,일요일,서울특별시 중랑구 묵동,중상사고,0,1,0,0,차대사람 - 횡단중,신호위반,포장 - 건조,맑음,교차로 - 교차로횡단보도내,이륜,남,31세,상해없음,보행자,여,49세,중상
4721,2021090500100344,2021년 9월 5일 20시,일요일,서울특별시 강서구 화곡동,경상사고,0,0,1,0,차대사람 - 기타,안전운전불이행,포장 - 건조,맑음,교차로 - 교차로안,승용,여,45세,상해없음,보행자,여,35세,경상
4722,2021090500100345,2021년 9월 5일 20시,일요일,서울특별시 강남구 대치동,부상신고사고,0,0,0,1,차대사람 - 기타,안전운전불이행,포장 - 건조,맑음,교차로 - 교차로부근,특수,남,44세,상해없음,보행자,여,30세,부상신고
4723,2021090500100382,2021년 9월 5일 21시,일요일,서울특별시 서초구 반포동,경상사고,0,0,1,0,차대사람 - 횡단중,보행자보호의무위반,포장 - 건조,흐림,단일로 - 기타,승용,남,56세,상해없음,보행자,남,39세,경상
4724,2021090500100400,2021년 9월 5일 22시,일요일,서울특별시 성동구 사근동,중상사고,0,1,0,0,차대사람 - 기타,안전운전불이행,포장 - 건조,기타,단일로 - 기타,자전거,남,15세,상해없음,보행자,여,46세,중상
4725,2021090600100033,2021년 9월 6일 06시,월요일,서울특별시 송파구 가락동,중상사고,0,1,0,0,차대사람 - 횡단중,안전운전불이행,포장 - 건조,맑음,단일로 - 기타,화물,남,53세,상해없음,보행자,남,80세,중상
4726,2021090600100046,2021년 9월 6일 07시,월요일,서울특별시 강북구 수유동,경상사고,0,0,1,0,차대사람 - 기타,안전운전불이행,포장 - 건조,맑음,단일로 - 기타,승용,남,63세,상해없음,보행자,남,69세,경상
4727,2021090600100047,2021년 9월 6일 07시,월요일,서울특별시 마포구 상암동,경상사고,0,0,1,0,차대사람 - 기타,안전운전불이행,포장 - 건조,맑음,단일로 - 기타,승용,남,50세,상해없음,보행자,남,40세,경상
4728,2021090600100076,2021년 9월 6일 08시,월요일,서울특별시 노원구 공릉동,경상사고,0,0,1,0,차대사람 - 기타,안전운전불이행,포장 - 젖음/습기,비,단일로 - 기타,승용,남,49세,상해없음,보행자,여,42세,경상
4729,2021090600100123,2021년 9월 6일 09시,월요일,서울특별시 용산구 청파동2가,경상사고,0,0,1,0,차대사람 - 기타,안전운전불이행,포장 - 건조,맑음,교차로 - 교차로안,승용,남,76세,상해없음,보행자,여,37세,경상