,사고번호,사고일시,요일,시군구,사고내용,사망자수,중상자수,경상자수,부상신고자수,사고유형,법규위반,노면상태,기상상태,도로형태,가해운전자 차종,가해운전자 성별,가해운전자 연령,가해운전자 상해정도,피해운전자 차종,피해운전자 성별,피해운전자 연령,피해운전자 상해정도
5067,2021092100100187,2021년 9월 21일 16시,화요일,서울특별시 서대문구 대현동,경상사고,0,0,1,0,차대사람 - 차도통행중,안전운전불이행,포장 - 건조,맑음,교차로 - 교차로안,승용,여,23세,상해없음,보행자,여,64세,경상
5068,2021092100100188,2021년 9월 21일 16시,화요일,서울특별시 관악구 신림동,경상사고,0,0,1,0,차대사람 - 기타,안전운전불이행,포장 - 건조,맑음,단일로 - 기타,승용,여,46세,상해없음,보행자,남,25세,경상
5069,2021092100100275,2021년 9월 21일 19시,화요일,서울특별시 영등포구 문래동6가,경상사고,0,0,1,0,차대사람 - 횡단중,안전운전불이행,포장 - 건조,맑음,교차로 - 교차로안,화물,남,57세,상해없음,보행자,남,24세,경상
5070,2021092100100292,2021년 9월 21일 20시,화요일,서울특별시 광진구 중곡동,경상사고,0,0,1,0,차대사람 - 길가장자리구역통행중,안전운전불이행,포장 - 건조,맑음,단일로 - 기타,승용,남,33세,상해없음,보행자,남,47세,경상
5071,2021092100100294,2021년 9월 21일 20시,화요일,서울특별시 은평구 갈현동,중상사고,0,1,0,0,차대사람 - 기타,안전운전불이행,포장 - 건조,맑음,단일로 - 기타,승용,남,23세,상해없음,보행자,남,28세,중상
5072,2021092200100031,2021년 9월 22일 03시,수요일,서울특별시 동대문구 장안동,경상사고,0,0,1,0,차대사람 - 횡단중,보행자보호의무위반,포장 - 젖음/습기,흐림,교차로 - 교차로횡단보도내,승용,남,71세,상해없음,보행자,남,34세,경상
5073,2021092200100067,2021년 9월 22일 10시,수요일,서울특별시 성동구 성수동1가,중상사고,0,1,0,0,차대사람 - 기타,안전운전불이행,포장 - 건조,맑음,기타 - 기타,화물,남,53세,상해없음,보행자,여,76세,중상
5074,2021092200100086,2021년 9월 22일 11시,수요일,서울특별시 영등포구 신길동,경상사고,0,0,1,0,차대사람 - 횡단중,보행자보호의무위반,포장 - 건조,맑음,교차로 - 교차로안,이륜,남,22세,상해없음,보행자,남,29세,경상
5075,2021092200100169,2021년 9월 22일 14시,수요일,서울특별시 영등포구 대림동,경상사고,0,0,1,0,차대사람 - 횡단중,신호위반,포장 - 건조,맑음,단일로 - 기타,승용,남,67세,상해없음,보행자,여,52세,경상
5076,2021092200100171,2021년 9월 22일 14시,수요일,서울특별시 성북구 석관동,경상사고,0,0,1,0,차대사람 - 횡단중,안전운전불이행,포장 - 건조,맑음,단일로 - 기타,승용,남,38세,상해없음,보행자,여,8세,경상
5077,2021092200100174,2021년 9월 22일 14시,수요일,서울특별시 강남구 대치동,중상사고,0,1,0,0,차대사람 - 기타,안전운전불이행,포장 - 젖음/습기,맑음,단일로 - 교량,개인형이동수단(PM),남,15세,상해없음,보행자,여,73세,중상
5078,2021092200100230,2021년 9월 22일 16시,수요일,서울특별시 은평구 신사동,중상사고,0,1,0,0,차대사람 - 기타,안전운전불이행,포장 - 건조,맑음,단일로 - 기타,자전거,남,12세,상해없음,보행자,여,66세,중상
5079,2021092200100291,2021년 9월 22일 18시,수요일,서울특별시 강남구 대치동,중상사고,0,1,1,0,차대사람 - 횡단중,안전운전불이행,포장 - 건조,맑음,단일로 - 기타,자전거,남,47세,경상,보행자,남,56세,중상
5080,2021092200100340,2021년 9월 22일 20시,수요일,서울특별시 영등포구 여의도동,경상사고,0,0,1,0,차대사람 - 기타,안전운전불이행,포장 - 건조,맑음,단일로 - 기타,자전거,기타불명,미분류,기타불명,보행자,여,28세,경상
5081,2021092200100384,2021년 9월 22일 22시,수요일,서울특별시 광진구 구의동,부상신고사고,0,0,0,1,차대사람 - 기타,안전운전불이행,포장 - 건조,맑음,단일로 - 기타,화물,남,58세,상해없음,보행자,남,60세,부상신고
5082,2021092200100386,2021년 9월 22일 22시,수요일,서울특별시 강서구 화곡동,경상사고,0,0,1,0,차대사람 - 기타,기타,포장 - 건조,흐림,교차로 - 교차로안,승합,남,19세,상해없음,보행자,남,42세,경상
5083,2021092200100387,2021년 9월 22일 22시,수요일,서울특별시 강동구 천호동,부상신고사고,0,0,0,1,차대사람 - 보도통행중,안전운전불이행,포장 - 건조,맑음,단일로 - 기타,승합,남,36세,상해없음,보행자,남,65세,부상신고
5084,2021092300100016,2021년 9월 23일 04시,목요일,서울특별시 도봉구 쌍문동,중상사고,0,1,0,0,차대사람 - 기타,안전운전불이행,포장 - 건조,맑음,교차로 - 교차로부근,화물,남,61세,상해없음,보행자,여,90세,중상
5085,2021092300100041,2021년 9월 23일 07시,목요일,서울특별시 양천구 신정동,경상사고,0,0,1,0,차대사람 - 횡단중,안전운전불이행,포장 - 건조,맑음,단일로 - 기타,승용,여,47세,상해없음,보행자,여,16세,경상
5086,2021092300100058,2021년 9월 23일 08시,목요일,서울특별시 강북구 미아동,중상사고,0,1,0,0,차대사람 - 기타,안전운전불이행,포장 - 건조,맑음,교차로 - 교차로안,승용,남,36세,상해없음,보행자,남,49세,중상
5087,2021092300100064,2021년 9월 23일 08시,목요일,서울특별시 강남구 대치동,중상사고,0,1,0,0,차대사람 - 횡단중,보행자보호의무위반,포장 - 건조,맑음,교차로 - 교차로횡단보도내,화물,남,52세,상해없음,보행자,여,42세,중상
5088,2021092300100097,2021년 9월 23일 09시,목요일,서울특별시 관악구 신림동,중상사고,0,1,0,0,차대사람 - 기타,안전운전불이행,포장 - 건조,맑음,단일로 - 기타,승용,남,38세,상해없음,보행자,여,65세,중상
5089,2021092300100099,2021년 9월 23일 09시,목요일,서울특별시 송파구 송파동,중상사고,0,1,0,0,차대사람 - 차도통행중,안전운전불이행,포장 - 건조,맑음,교차로 - 교차로안,승용,남,65세,상해없음,보행자,남,70세,중상
5090,2021092300100139,2021년 9월 23일 10시,목요일,서울특별시 종로구 청진동,경상사고,0,0,1,0,차대사람 - 횡단중,신호위반,포장 - 건조,맑음,단일로 - 기타,기타불명,기타불명,미분류,기타불명,보행자,남,30세,경상
5091,2021092300100141,2021년 9월 23일 10시,목요일,서울특별시 동작구 사당동,중상사고,0,1,0,0,차대사람 - 기타,안전운전불이행,포장 - 건조,맑음,단일로 - 기타,승용,남,59세,상해없음,보행자,여,69세,중상
5092,2021092300100174,2021년 9월 23일 11시,목요일,서울특별시 노원구 하계동,경상사고,0,0,1,0,차대사람 - 보도통행중,기타,포장 - 건조,맑음,단일로 - 기타,개인형이동수단(PM),남,28세,상해없음,보행자,여,48세,경상
5093,2021092300100236,2021년 9월 23일 13시,목요일,서울특별시 은평구 갈현동,중상사고,0,1,0,0,차대사람 - 횡단중,안전운전불이행,포장 - 건조,맑음,교차로 - 교차로부근,승용,남,78세,상해없음,보행자,여,67세,중상
5094,2021092300100237,2021년 9월 23일 13시,목요일,서울특별시 강남구 역삼동,경상사고,0,0,1,0,차대사람 - 기타,기타,포장 - 건조,맑음,단일로 - 기타,승용,남,22세,상해없음,보행자,남,24세,경상
5095,2021092300100277,2021년 9월 23일 14시,목요일,서울특별시 강남구 논현동,경상사고,0,0,1,0,차대사람 - 보도통행중,기타,포장 - 건조,맑음,기타 - 기타,기타불명,기타불명,미분류,기타불명,보행자,남,24세,경상
5096,2021092300100278,2021년 9월 23일 14시,목요일,서울특별시 서초구 신원동,경상사고,0,0,1,0,차대사람 - 기타,안전운전불이행,포장 - 건조,맑음,단일로 - 기타,승용,남,29세,상해없음,보행자,남,7세,경상
5097,2021092300100279,2021년 9월 23일 14시,목요일,서울특별시 양천구 신정동,중상사고,0,1,0,0,차대사람 - 기타,안전운전불이행,포장 - 건조,맑음,교차로 - 교차로부근,화물,남,36세,상해없음,보행자,남,70세,중상
5098,2021092300100280,2021년 9월 23일 14시,목요일,서울특별시 노원구 상계동,중상사고,0,1,0,0,차대사람 - 횡단중,신호위반,포장 - 건조,맑음,교차로 - 교차로부근,승용,남,63세,상해없음,보행자,여,15세,중상
5099,2021092300100319,2021년 9월 23일 15시,목요일,서울특별시 서대문구 홍제동,경상사고,0,0,1,0,차대사람 - 횡단중,안전운전불이행,포장 - 건조,맑음,단일로 - 기타,승용,남,55세,상해없음,보행자,여,19세,경상
5100,2021092300100439,2021년 9월 23일 18시,목요일,서울특별시 서대문구 신촌동,중상사고,0,6,0,0,차대사람 - 횡단중,신호위반,포장 - 건조,맑음,교차로 - 교차로안,승용,남,63세,상해없음,보행자,여,27세,중상
5101,2021092300100442,2021년 9월 23일 18시,목요일,서울특별시 송파구 삼전동,중상사고,0,1,0,0,차대사람 - 보도통행중,안전운전불이행,포장 - 건조,맑음,단일로 - 기타,자전거,여,71세,기타불명,보행자,여,60세,중상
5102,2021092300100489,2021년 9월 23일 19시,목요일,서울특별시 중랑구 상봉동,경상사고,0,0,1,0,차대사람 - 기타,안전운전불이행,포장 - 건조,기타,단일로 - 기타,승용,여,38세,상해없음,보행자,남,28세,경상
5103,2021092300100531,2021년 9월 23일 20시,목요일,서울특별시 관악구 봉천동,경상사고,0,0,1,0,차대사람 - 기타,안전운전불이행,포장 - 건조,맑음,단일로 - 기타,승합,남,53세,상해없음,보행자,남,27세,경상
5104,2021092300100533,2021년 9월 23일 20시,목요일,서울특별시 서초구 반포동,경상사고,0,0,1,0,차대사람 - 기타,안전운전불이행,포장 - 건조,흐림,교차로 - 교차로부근,승용,남,41세,상해없음,보행자,남,30세,경상
5105,2021092300100568,2021년 9월 23일 22시,목요일,서울특별시 은평구 응암동,경상사고,0,0,1,0,차대사람 - 보도통행중,기타,포장 - 건조,맑음,단일로 - 기타,이륜,남,32세,기타불명,보행자,여,43세,경상
5106,2021092300100596,2021년 9월 23일 23시,목요일,서울특별시 성북구 동소문동1가,경상사고,0,0,1,0,차대사람 - 횡단중,신호위반,포장 - 건조,맑음,교차로 - 교차로횡단보도내,기타불명,기타불명,미분류,기타불명,보행자,남,26세,경상
5107,2021092300100598,2021년 9월 23일 23시,목요일,서울특별시 강남구 역삼동,중상사고,0,1,0,0,차대사람 - 차도통행중,안전운전불이행,포장 - 건조,맑음,단일로 - 기타,승용,남,36세,기타불명,보행자,여,36세,중상
5108,2021092300100600,2021년 9월 23일 23시,목요일,서울특별시 서초구 방배동,중상사고,0,1,0,0,차대사람 - 횡단중,과속,포장 - 건조,맑음,단일로 - 기타,승용,남,20세,상해없음,보행자,여,19세,중상
5109,2021092400100036,2021년 9월 24일 07시,금요일,서울특별시 성동구 마장동,중상사고,0,1,0,0,차대사람 - 횡단중,보행자보호의무위반,포장 - 건조,맑음,교차로 - 교차로부근,화물,여,58세,상해없음,보행자,여,49세,중상
5110,2021092400100037,2021년 9월 24일 07시,금요일,서울특별시 강동구 암사동,경상사고,0,0,1,0,차대사람 - 기타,안전운전불이행,포장 - 건조,맑음,단일로 - 기타,승용,남,48세,상해없음,보행자,여,30세,경상
5111,2021092400100063,2021년 9월 24일 08시,금요일,서울특별시 구로구 고척동,경상사고,0,0,1,0,차대사람 - 기타,안전운전불이행,포장 - 건조,맑음,단일로 - 기타,승합,남,63세,상해없음,보행자,남,43세,경상
5112,2021092400100160,2021년 9월 24일 11시,금요일,서울특별시 성동구 사근동,중상사고,0,1,1,0,차대사람 - 횡단중,안전운전불이행,포장 - 건조,맑음,단일로 - 기타,자전거,남,12세,상해없음,보행자,여,60세,경상
5113,2021092400100164,2021년 9월 24일 11시,금요일,서울특별시 양천구 신월동,경상사고,0,0,1,0,차대사람 - 보도통행중,안전운전불이행,포장 - 건조,맑음,단일로 - 기타,이륜,남,54세,상해없음,보행자,여,55세,경상
5114,2021092400100255,2021년 9월 24일 14시,금요일,서울특별시 영등포구 영등포동2가,중상사고,0,1,0,0,차대사람 - 차도통행중,안전운전불이행,포장 - 건조,맑음,교차로 - 교차로안,화물,남,42세,상해없음,보행자,남,68세,중상
5115,2021092400100257,2021년 9월 24일 14시,금요일,서울특별시 영등포구 문래동6가,경상사고,0,0,1,0,차대사람 - 기타,안전운전불이행,포장 - 건조,맑음,교차로 - 교차로안,승용,남,38세,상해없음,보행자,여,27세,경상
5116,2021092400100330,2021년 9월 24일 16시,금요일,서울특별시 강서구 염창동,중상사고,0,1,0,0,차대사람 - 횡단중,안전운전불이행,포장 - 건조,맑음,단일로 - 기타,승용,여,66세,상해없음,보행자,남,9세,중상
5117,2021092400100369,2021년 9월 24일 17시,금요일,서울특별시 동작구 상도1동,경상사고,0,0,1,0,차대사람 - 보도통행중,보행자보호의무위반,포장 - 건조,맑음,교차로 - 교차로횡단보도내,승용,남,76세,상해없음,보행자,여,21세,경상
5118,2021092400100370,2021년 9월 24일 17시,금요일,서울특별시 강남구 삼성동,경상사고,0,0,1,0,차대사람 - 길가장자리구역통행중,안전운전불이행,포장 - 건조,맑음,단일로 - 기타,승용,남,44세,기타불명,보행자,남,53세,경상
5119,2021092400100372,2021년 9월 24일 17시,금요일,서울특별시 노원구 상계동,중상사고,0,1,0,0,차대사람 - 기타,안전운전불이행,포장 - 건조,맑음,교차로 - 교차로안,승용,여,68세,상해없음,보행자,여,67세,중상
5120,2021092400100421,2021년 9월 24일 18시,금요일,서울특별시 용산구 이촌동,부상신고사고,0,0,0,1,차대사람 - 기타,안전운전불이행,포장 - 건조,맑음,교차로 - 교차로안,기타불명,기타불명,미분류,기타불명,보행자,남,18세,부상신고
5121,2021092400100460,2021년 9월 24일 19시,금요일,서울특별시 종로구 창신동,경상사고,0,0,1,0,차대사람 - 차도통행중,안전운전불이행,포장 - 건조,맑음,단일로 - 기타,승용,남,53세,상해없음,보행자,남,41세,경상
5122,2021092400100466,2021년 9월 24일 19시,금요일,서울특별시 금천구 가산동,경상사고,0,0,1,0,차대사람 - 기타,안전운전불이행,포장 - 건조,맑음,단일로 - 기타,승용,여,66세,상해없음,보행자,남,32세,경상
5123,2021092400100469,2021년 9월 24일 19시,금요일,서울특별시 강남구 청담동,경상사고,0,0,1,0,차대사람 - 기타,안전운전불이행,포장 - 건조,맑음,단일로 - 기타,승용,여,35세,기타불명,보행자,남,30세,경상
5124,2021092400100474,2021년 9월 24일 19시,금요일,서울특별시 서초구 방배동,중상사고,0,1,0,0,차대사람 - 차도통행중,안전운전불이행,포장 - 건조,맑음,교차로 - 교차로안,승용,남,48세,상해없음,보행자,여,49세,중상
5125,2021092400100571,2021년 9월 24일 23시,금요일,서울특별시 강동구 암사동,중상사고,0,1,0,0,차대사람 - 기타,안전운전불이행,포장 - 건조,맑음,단일로 - 교량,승용,남,53세,상해없음,보행자,남,75세,중상
5126,2021092500100008,2021년 9월 25일 01시,토요일,서울특별시 서초구 서초동,경상사고,0,0,1,0,차대사람 - 보도통행중,기타,포장 - 건조,맑음,교차로 - 교차로횡단보도내,기타불명,기타불명,미분류,기타불명,보행자,여,22세,경상
5127,2021092500100034,2021년 9월 25일 07시,토요일,서울특별시 동대문구 용두동,중상사고,0,1,0,0,차대사람 - 횡단중,보행자보호의무위반,포장 - 건조,맑음,기타 - 기타,화물,남,69세,상해없음,보행자,여,80세,중상
5128,2021092500100081,2021년 9월 25일 10시,토요일,서울특별시 송파구 잠실동,경상사고,0,0,1,0,차대사람 - 기타,안전운전불이행,포장 - 건조,맑음,교차로 - 교차로안,승합,남,52세,상해없음,보행자,여,59세,경상
5129,2021092500100101,2021년 9월 25일 11시,토요일,서울특별시 동작구 사당동,부상신고사고,0,0,0,1,차대사람 - 기타,안전운전불이행,포장 - 건조,맑음,단일로 - 기타,화물,남,72세,상해없음,보행자,남,59세,부상신고
5130,2021092500100142,2021년 9월 25일 12시,토요일,서울특별시 금천구 독산동,사망사고,1,0,0,0,차대사람 - 기타,보행자보호의무위반,포장 - 건조,맑음,교차로 - 교차로안,승용,여,65세,상해없음,보행자,여,73세,사망
5131,2021092500100145,2021년 9월 25일 12시,토요일,서울특별시 서초구 서초동,부상신고사고,0,0,0,1,차대사람 - 길가장자리구역통행중,안전운전불이행,포장 - 건조,맑음,단일로 - 기타,승용,남,46세,상해없음,보행자,남,28세,부상신고
5132,2021092500100195,2021년 9월 25일 14시,토요일,서울특별시 노원구 중계동,경상사고,0,0,1,0,차대사람 - 횡단중,신호위반,포장 - 건조,맑음,교차로 - 교차로안,이륜,남,43세,상해없음,보행자,여,45세,경상
5133,2021092500100233,2021년 9월 25일 15시,토요일,서울특별시 동작구 사당동,경상사고,0,0,1,0,차대사람 - 기타,안전운전불이행,포장 - 건조,맑음,단일로 - 기타,승용,남,77세,기타불명,보행자,여,46세,경상
5134,2021092500100235,2021년 9월 25일 15시,토요일,서울특별시 강남구 역삼동,경상사고,0,0,1,0,차대사람 - 기타,신호위반,포장 - 건조,맑음,단일로 - 기타,승용,여,33세,상해없음,보행자,남,28세,경상
5135,2021092500100291,2021년 9월 25일 17시,토요일,서울특별시 서대문구 홍은동,경상사고,0,0,1,0,차대사람 - 기타,기타,포장 - 건조,맑음,단일로 - 기타,승용,남,37세,상해없음,보행자,여,16세,경상
5136,2021092500100365,2021년 9월 25일 19시,토요일,서울특별시 영등포구 당산동1가,사망사고,1,0,0,0,차대사람 - 횡단중,안전운전불이행,포장 - 건조,맑음,교차로 - 교차로안,승용,남,83세,상해없음,보행자,여,58세,사망
5137,2021092500100369,2021년 9월 25일 19시,토요일,서울특별시 양천구 신월동,경상사고,0,0,1,0,차대사람 - 횡단중,보행자보호의무위반,포장 - 건조,맑음,교차로 - 교차로횡단보도내,승용,남,60세,상해없음,보행자,여,28세,경상
5138,2021092500100393,2021년 9월 25일 20시,토요일,서울특별시 광진구 구의동,경상사고,0,0,1,0,차대사람 - 기타,안전운전불이행,포장 - 건조,맑음,기타 - 기타,기타불명,기타불명,미분류,기타불명,보행자,여,31세,경상
5139,2021092500100397,2021년 9월 25일 20시,토요일,서울특별시 도봉구 도봉동,경상사고,0,0,1,0,차대사람 - 횡단중,보행자보호의무위반,포장 - 건조,맑음,교차로 - 교차로안,승용,여,43세,상해없음,보행자,여,66세,경상
5140,2021092500100419,2021년 9월 25일 21시,토요일,서울특별시 강서구 내발산동,경상사고,0,0,1,0,차대사람 - 보도통행중,기타,포장 - 건조,맑음,단일로 - 기타,개인형이동수단(PM),남,22세,상해없음,보행자,남,39세,경상
5141,2021092500100443,2021년 9월 25일 22시,토요일,서울특별시 강서구 화곡동,경상사고,0,0,1,0,차대사람 - 기타,안전운전불이행,포장 - 건조,맑음,단일로 - 기타,승용,남,35세,상해없음,보행자,여,65세,경상
5142,2021092500100473,2021년 9월 25일 23시,토요일,서울특별시 중랑구 중화동,중상사고,0,1,0,0,차대사람 - 기타,안전운전불이행,포장 - 건조,맑음,기타 - 기타,개인형이동수단(PM),남,20세,상해없음,보행자,여,57세,중상
5143,2021092600100001,2021년 9월 26일 00시,일요일,서울특별시 광진구 화양동,경상사고,0,0,1,0,차대사람 - 기타,안전운전불이행,포장 - 건조,맑음,단일로 - 기타,승용,남,29세,상해없음,보행자,여,24세,경상
5144,2021092600100035,2021년 9월 26일 06시,일요일,서울특별시 서대문구 충정로3가,경상사고,0,0,1,0,차대사람 - 횡단중,안전운전불이행,포장 - 건조,맑음,단일로 - 기타,승용,남,29세,상해없음,보행자,남,49세,경상
5145,2021092600100046,2021년 9월 26일 08시,일요일,서울특별시 동대문구 제기동,경상사고,0,0,1,0,차대사람 - 기타,안전운전불이행,포장 - 건조,맑음,단일로 - 기타,승용,남,47세,상해없음,보행자,남,69세,경상
5146,2021092600100141,2021년 9월 26일 13시,일요일,서울특별시 동대문구 장안동,경상사고,0,0,1,0,차대사람 - 기타,안전운전불이행,포장 - 건조,맑음,기타 - 기타,이륜,남,49세,상해없음,보행자,여,78세,경상
5147,2021092600100167,2021년 9월 26일 14시,일요일,서울특별시 중구 서소문동,경상사고,0,0,1,0,차대사람 - 차도통행중,안전운전불이행,포장 - 건조,맑음,단일로 - 기타,승용,여,27세,상해없음,보행자,여,33세,경상
5148,2021092600100232,2021년 9월 26일 16시,일요일,서울특별시 양천구 신월동,경상사고,0,0,1,0,차대사람 - 기타,안전운전불이행,포장 - 건조,맑음,단일로 - 기타,승용,남,73세,기타불명,보행자,남,73세,경상
5149,2021092600100261,2021년 9월 26일 17시,일요일,서울특별시 강동구 상일동,경상사고,0,0,1,0,차대사람 - 보도통행중,기타,포장 - 건조,맑음,기타 - 기타,이륜,남,24세,상해없음,보행자,남,42세,경상
5150,2021092600100291,2021년 9월 26일 18시,일요일,서울특별시 관악구 남현동,중상사고,0,1,0,0,차대사람 - 차도통행중,안전운전불이행,포장 - 건조,맑음,단일로 - 기타,이륜,남,47세,상해없음,보행자,남,36세,중상
5151,2021092600100348,2021년 9월 26일 20시,일요일,서울특별시 용산구 후암동,중상사고,0,1,0,0,차대사람 - 기타,안전운전불이행,포장 - 건조,맑음,기타 - 기타,승용,남,67세,상해없음,보행자,남,39세,중상
5152,2021092600100398,2021년 9월 26일 23시,일요일,서울특별시 강동구 암사동,중상사고,0,1,0,0,차대사람 - 기타,안전운전불이행,포장 - 건조,맑음,교차로 - 교차로부근,승용,여,60세,상해없음,보행자,남,55세,중상
5153,2021092700100029,2021년 9월 27일 06시,월요일,서울특별시 영등포구 신길동,중상사고,0,1,0,0,차대사람 - 기타,안전운전불이행,포장 - 건조,맑음,단일로 - 기타,화물,남,64세,상해없음,보행자,여,66세,중상
5154,2021092700100049,2021년 9월 27일 07시,월요일,서울특별시 송파구 가락동,중상사고,0,1,0,0,차대사람 - 횡단중,신호위반,포장 - 건조,맑음,교차로 - 교차로횡단보도내,승용,남,62세,상해없음,보행자,여,63세,중상
5155,2021092700100162,2021년 9월 27일 11시,월요일,서울특별시 광진구 중곡동,중상사고,0,1,0,0,차대사람 - 기타,신호위반,포장 - 건조,맑음,단일로 - 기타,승용,남,66세,상해없음,보행자,남,78세,중상
5156,2021092700100195,2021년 9월 27일 12시,월요일,서울특별시 광진구 구의동,부상신고사고,0,0,0,1,차대사람 - 기타,안전운전불이행,포장 - 건조,맑음,기타 - 기타,승용,남,64세,상해없음,보행자,남,63세,부상신고
5157,2021092700100199,2021년 9월 27일 12시,월요일,서울특별시 강동구 암사동,경상사고,0,0,1,0,차대사람 - 기타,안전운전불이행,포장 - 건조,맑음,단일로 - 기타,승용,남,78세,상해없음,보행자,남,30세,경상
5158,2021092700100259,2021년 9월 27일 14시,월요일,서울특별시 강남구 청담동,경상사고,0,0,1,0,차대사람 - 기타,안전운전불이행,포장 - 건조,맑음,단일로 - 기타,승용,여,31세,상해없음,보행자,여,74세,경상
5159,2021092700100260,2021년 9월 27일 14시,월요일,서울특별시 강동구 성내동,경상사고,0,0,1,0,차대사람 - 횡단중,안전운전불이행,포장 - 건조,맑음,교차로 - 교차로횡단보도내,승용,여,50세,상해없음,보행자,남,74세,경상
5160,2021092700100292,2021년 9월 27일 15시,월요일,서울특별시 성동구 성수동2가,경상사고,0,0,1,0,차대사람 - 기타,안전운전불이행,포장 - 건조,맑음,단일로 - 기타,승용,여,59세,상해없음,보행자,남,29세,경상
5161,2021092700100360,2021년 9월 27일 17시,월요일,서울특별시 금천구 가산동,경상사고,0,0,1,0,차대사람 - 기타,안전운전불이행,포장 - 건조,맑음,단일로 - 기타,승용,남,62세,상해없음,보행자,여,48세,경상
5162,2021092700100362,2021년 9월 27일 17시,월요일,서울특별시 서초구 서초동,경상사고,0,0,1,0,차대사람 - 차도통행중,안전운전불이행,포장 - 건조,맑음,교차로 - 교차로안,승합,남,48세,상해없음,보행자,남,26세,경상
5163,2021092700100531,2021년 9월 27일 22시,월요일,서울특별시 구로구 구로동,경상사고,0,0,2,0,차대사람 - 기타,안전운전불이행,포장 - 건조,기타,기타 - 기타,승용,남,20세,상해없음,보행자,남,41세,경상
5164,2021092800100041,2021년 9월 28일 07시,화요일,서울특별시 동작구 흑석동,경상사고,0,0,1,0,차대사람 - 기타,안전운전불이행,포장 - 건조,맑음,단일로 - 기타,승용,남,79세,상해없음,보행자,남,41세,경상
5165,2021092800100099,2021년 9월 28일 09시,화요일,서울특별시 노원구 공릉동,경상사고,0,0,1,0,차대사람 - 횡단중,보행자보호의무위반,포장 - 건조,맑음,교차로 - 교차로부근,승용,여,59세,상해없음,보행자,남,70세,경상
5166,2021092800100184,2021년 9월 28일 12시,화요일,서울특별시 성북구 삼선동5가,중상사고,0,1,0,0,차대사람 - 보도통행중,안전운전불이행,포장 - 건조,맑음,단일로 - 기타,이륜,남,41세,상해없음,보행자,여,76세,중상
5167,2021092800100189,2021년 9월 28일 12시,화요일,서울특별시 강남구 역삼동,경상사고,0,0,1,0,차대사람 - 기타,보행자보호의무위반,포장 - 건조,맑음,기타 - 기타,이륜,남,67세,상해없음,보행자,여,33세,경상
5168,2021092800100220,2021년 9월 28일 13시,화요일,서울특별시 중랑구 면목동,중상사고,0,1,0,0,차대사람 - 횡단중,안전운전불이행,포장 - 건조,맑음,교차로 - 교차로안,승용,여,53세,상해없음,보행자,남,61세,중상
5169,2021092800100222,2021년 9월 28일 13시,화요일,서울특별시 중랑구 면목동,경상사고,0,0,1,0,차대사람 - 길가장자리구역통행중,안전운전불이행,포장 - 건조,맑음,단일로 - 기타,승용,남,31세,상해없음,보행자,여,35세,경상
5170,2021092800100340,2021년 9월 28일 17시,화요일,서울특별시 용산구 동빙고동,경상사고,0,0,1,0,차대사람 - 기타,기타,포장 - 건조,맑음,단일로 - 기타,승합,남,54세,상해없음,보행자,여,17세,경상
5171,2021092800100388,2021년 9월 28일 18시,화요일,서울특별시 송파구 장지동,중상사고,0,1,0,0,차대사람 - 기타,안전운전불이행,포장 - 젖음/습기,비,단일로 - 기타,자전거,여,58세,중상,보행자,여,51세,상해없음
5172,2021092800100576,2021년 9월 28일 22시,화요일,서울특별시 강남구 역삼동,중상사고,0,1,0,0,차대사람 - 기타,보행자보호의무위반,포장 - 젖음/습기,비,기타 - 기타,승용,여,44세,상해없음,보행자,여,14세,중상
5173,2021092900100203,2021년 9월 29일 12시,수요일,서울특별시 강서구 방화동,중상사고,0,1,0,0,차대사람 - 기타,기타,포장 - 건조,맑음,기타 - 기타,자전거,남,57세,상해없음,보행자,남,31세,중상
5174,2021092900100234,2021년 9월 29일 13시,수요일,서울특별시 은평구 신사동,중상사고,0,1,0,0,차대사람 - 차도통행중,안전운전불이행,포장 - 건조,맑음,교차로 - 교차로안,화물,남,62세,상해없음,보행자,남,9세,중상
5175,2021092900100269,2021년 9월 29일 14시,수요일,서울특별시 성동구 행당동,중상사고,0,1,0,0,차대사람 - 기타,안전운전불이행,포장 - 건조,맑음,단일로 - 기타,승용,남,68세,상해없음,보행자,여,85세,중상
5176,2021092900100272,2021년 9월 29일 14시,수요일,서울특별시 은평구 진관동,경상사고,0,0,1,0,차대사람 - 횡단중,안전운전불이행,포장 - 젖음/습기,비,단일로 - 기타,이륜,남,50세,상해없음,보행자,여,71세,경상
5177,2021092900100273,2021년 9월 29일 14시,수요일,서울특별시 서초구 방배동,경상사고,0,0,1,0,차대사람 - 횡단중,안전운전불이행,포장 - 젖음/습기,비,교차로 - 교차로부근,이륜,남,40세,상해없음,보행자,여,81세,경상
5178,2021092900100414,2021년 9월 29일 18시,수요일,서울특별시 동대문구 회기동,경상사고,0,0,1,0,차대사람 - 기타,안전운전불이행,포장 - 건조,맑음,단일로 - 기타,승용,남,60세,상해없음,보행자,남,25세,경상
5179,2021092900100415,2021년 9월 29일 18시,수요일,서울특별시 금천구 독산동,중상사고,0,1,0,0,차대사람 - 횡단중,안전운전불이행,포장 - 건조,맑음,단일로 - 기타,승용,남,62세,상해없음,보행자,여,58세,중상