,사고번호,사고일시,요일,시군구,사고내용,사망자수,중상자수,경상자수,부상신고자수,사고유형,법규위반,노면상태,기상상태,도로형태,가해운전자 차종,가해운전자 성별,가해운전자 연령,가해운전자 상해정도,피해운전자 차종,피해운전자 성별,피해운전자 연령,피해운전자 상해정도
5404,2021101000100428,2021년 10월 10일 20시,일요일,서울특별시 강남구 대치동,경상사고,0,0,1,0,차대사람 - 기타,중앙선침범,포장 - 젖음/습기,기타,단일로 - 기타,승용,남,72세,상해없음,보행자,남,32세,경상
5405,2021101000100501,2021년 10월 10일 22시,일요일,서울특별시 용산구 한남동,중상사고,0,1,0,0,차대사람 - 길가장자리구역통행중,신호위반,포장 - 젖음/습기,비,교차로 - 교차로안,승용,남,30세,상해없음,보행자,남,54세,중상
5406,2021101100100094,2021년 10월 11일 10시,월요일,서울특별시 서초구 서초동,경상사고,0,0,1,0,차대사람 - 횡단중,보행자보호의무위반,포장 - 건조,맑음,교차로 - 교차로횡단보도내,승용,남,25세,상해없음,보행자,남,34세,경상
5407,2021101100100244,2021년 10월 11일 15시,월요일,서울특별시 은평구 수색동,중상사고,0,1,0,0,차대사람 - 횡단중,신호위반,포장 - 건조,맑음,단일로 - 기타,이륜,남,21세,상해없음,보행자,여,79세,중상
5408,2021101100100245,2021년 10월 11일 15시,월요일,서울특별시 강북구 번동,중상사고,0,1,0,1,차대사람 - 횡단중,신호위반,포장 - 건조,맑음,교차로 - 교차로횡단보도내,이륜,남,41세,부상신고,보행자,남,76세,중상
5409,2021101100100249,2021년 10월 11일 15시,월요일,서울특별시 구로구 신도림동,경상사고,0,0,1,0,차대사람 - 기타,보행자보호의무위반,포장 - 건조,맑음,단일로 - 기타,화물,남,53세,상해없음,보행자,여,11세,경상
5410,2021101100100354,2021년 10월 11일 18시,월요일,서울특별시 동작구 노량진동,경상사고,0,0,1,0,차대사람 - 기타,안전운전불이행,포장 - 건조,맑음,단일로 - 기타,승용,남,34세,상해없음,보행자,남,45세,경상
5411,2021101100100408,2021년 10월 11일 19시,월요일,서울특별시 마포구 망원동,부상신고사고,0,0,0,1,차대사람 - 차도통행중,신호위반,포장 - 건조,맑음,단일로 - 기타,개인형이동수단(PM),남,46세,상해없음,보행자,여,63세,부상신고
5412,2021101100100409,2021년 10월 11일 19시,월요일,서울특별시 송파구 거여동,경상사고,0,0,1,0,차대사람 - 기타,안전운전불이행,포장 - 건조,맑음,단일로 - 기타,자전거,남,30세,상해없음,보행자,여,71세,경상
5413,2021101100100457,2021년 10월 11일 20시,월요일,서울특별시 송파구 가락동,중상사고,0,2,0,0,차대사람 - 횡단중,안전운전불이행,포장 - 건조,맑음,교차로 - 교차로부근,이륜,남,26세,중상,보행자,남,68세,중상
5414,2021101100100510,2021년 10월 11일 22시,월요일,서울특별시 성동구 행당동,경상사고,0,0,1,0,차대사람 - 기타,안전운전불이행,포장 - 건조,기타,단일로 - 기타,이륜,남,26세,상해없음,보행자,남,24세,경상
5415,2021101100100512,2021년 10월 11일 22시,월요일,서울특별시 서초구 반포동,경상사고,0,0,1,0,차대사람 - 보도통행중,기타,포장 - 건조,기타,기타 - 기타,자전거,남,17세,상해없음,보행자,여,39세,경상
5416,2021101100100540,2021년 10월 11일 23시,월요일,서울특별시 노원구 상계동,경상사고,0,0,1,0,차대사람 - 기타,안전운전불이행,포장 - 건조,맑음,기타 - 기타,승용,여,29세,상해없음,보행자,여,55세,경상
5417,2021101200100047,2021년 10월 12일 07시,화요일,서울특별시 동대문구 제기동,중상사고,0,1,0,0,차대사람 - 기타,안전운전불이행,포장 - 건조,맑음,단일로 - 기타,자전거,남,47세,상해없음,보행자,여,66세,중상
5418,2021101200100048,2021년 10월 12일 07시,화요일,서울특별시 영등포구 문래동3가,중상사고,0,1,0,0,차대사람 - 기타,안전운전불이행,포장 - 건조,맑음,단일로 - 기타,승용,남,41세,상해없음,보행자,남,35세,중상
5419,2021101200100120,2021년 10월 12일 09시,화요일,서울특별시 서초구 서초동,경상사고,0,0,1,0,차대사람 - 기타,보행자보호의무위반,포장 - 건조,맑음,교차로 - 교차로안,개인형이동수단(PM),여,31세,상해없음,보행자,여,43세,경상
5420,2021101200100220,2021년 10월 12일 12시,화요일,서울특별시 도봉구 방학동,중상사고,0,1,0,0,차대사람 - 횡단중,보행자보호의무위반,포장 - 기타,맑음,교차로 - 교차로횡단보도내,승용,남,26세,상해없음,보행자,남,81세,중상
5421,2021101200100266,2021년 10월 12일 14시,화요일,서울특별시 은평구 불광동,중상사고,0,1,0,0,차대사람 - 횡단중,안전운전불이행,포장 - 건조,맑음,교차로 - 교차로부근,승용,남,59세,상해없음,보행자,여,83세,중상
5422,2021101200100268,2021년 10월 12일 14시,화요일,서울특별시 강남구 자곡동,경상사고,0,0,1,0,차대사람 - 기타,안전운전불이행,포장 - 건조,맑음,단일로 - 기타,화물,남,37세,상해없음,보행자,남,27세,경상
5423,2021101200100292,2021년 10월 12일 15시,화요일,서울특별시 금천구 시흥동,사망사고,1,0,0,0,차대사람 - 횡단중,안전운전불이행,포장 - 건조,맑음,교차로 - 교차로안,이륜,남,26세,상해없음,보행자,여,78세,사망
5424,2021101200100293,2021년 10월 12일 15시,화요일,서울특별시 강동구 암사동,중상사고,0,1,0,0,차대사람 - 횡단중,안전거리미확보,포장 - 건조,맑음,단일로 - 교량,화물,남,77세,상해없음,보행자,남,80세,중상
5425,2021101200100295,2021년 10월 12일 15시,화요일,서울특별시 송파구 송파동,경상사고,0,0,1,0,차대사람 - 기타,안전운전불이행,포장 - 건조,맑음,단일로 - 기타,승용,남,38세,상해없음,보행자,여,9세,경상
5426,2021101200100326,2021년 10월 12일 16시,화요일,서울특별시 서대문구 홍제동,중상사고,0,1,0,0,차대사람 - 횡단중,안전운전불이행,포장 - 건조,맑음,교차로 - 교차로안,화물,남,61세,상해없음,보행자,여,89세,중상
5427,2021101200100362,2021년 10월 12일 17시,화요일,서울특별시 성북구 동선동1가,경상사고,0,0,3,0,차대사람 - 기타,안전운전불이행,포장 - 건조,맑음,단일로 - 기타,이륜,남,18세,상해없음,보행자,여,31세,경상
5428,2021101200100365,2021년 10월 12일 17시,화요일,서울특별시 양천구 신월동,경상사고,0,0,1,0,차대사람 - 기타,안전운전불이행,포장 - 건조,맑음,단일로 - 기타,승용,남,43세,상해없음,보행자,남,58세,경상
5429,2021101200100462,2021년 10월 12일 19시,화요일,서울특별시 성북구 동선동1가,경상사고,0,0,1,0,차대사람 - 기타,안전운전불이행,포장 - 건조,맑음,단일로 - 기타,기타불명,기타불명,미분류,기타불명,보행자,남,19세,경상
5430,2021101200100463,2021년 10월 12일 19시,화요일,서울특별시 중랑구 망우동,경상사고,0,0,1,0,차대사람 - 기타,안전운전불이행,포장 - 건조,맑음,단일로 - 기타,승용,남,65세,상해없음,보행자,남,31세,경상
5431,2021101200100496,2021년 10월 12일 20시,화요일,서울특별시 동작구 상도동,경상사고,0,0,1,0,차대사람 - 횡단중,보행자보호의무위반,포장 - 건조,맑음,단일로 - 기타,승용,남,53세,상해없음,보행자,남,36세,경상
5432,2021101200100497,2021년 10월 12일 20시,화요일,서울특별시 송파구 가락동,경상사고,0,0,1,0,차대사람 - 보도통행중,보행자보호의무위반,포장 - 건조,맑음,교차로 - 교차로횡단보도내,이륜,남,44세,상해없음,보행자,남,12세,경상
5433,2021101200100526,2021년 10월 12일 21시,화요일,서울특별시 종로구 훈정동,경상사고,0,0,1,0,차대사람 - 횡단중,보행자보호의무위반,포장 - 건조,흐림,단일로 - 기타,이륜,남,65세,상해없음,보행자,남,30세,경상
5434,2021101200100527,2021년 10월 12일 21시,화요일,서울특별시 관악구 봉천동,부상신고사고,0,0,0,1,차대사람 - 횡단중,안전운전불이행,포장 - 건조,맑음,교차로 - 교차로횡단보도내,승용,남,28세,상해없음,보행자,남,63세,부상신고
5435,2021101200100530,2021년 10월 12일 21시,화요일,서울특별시 서초구 방배동,경상사고,0,0,1,0,차대사람 - 횡단중,안전운전불이행,포장 - 건조,맑음,교차로 - 교차로부근,승합,남,78세,상해없음,보행자,남,65세,경상
5436,2021101200100588,2021년 10월 12일 23시,화요일,서울특별시 강서구 등촌동,경상사고,0,0,1,0,차대사람 - 기타,안전운전불이행,포장 - 건조,흐림,교차로 - 교차로안,승용,여,45세,상해없음,보행자,남,70세,경상
5437,2021101300100019,2021년 10월 13일 05시,수요일,서울특별시 영등포구 대림동,경상사고,0,0,1,0,차대사람 - 횡단중,신호위반,포장 - 건조,맑음,교차로 - 교차로부근,승용,남,48세,상해없음,보행자,남,64세,경상
5438,2021101300100102,2021년 10월 13일 09시,수요일,서울특별시 강동구 길동,중상사고,0,1,0,0,차대사람 - 기타,중앙선침범,포장 - 건조,맑음,기타 - 기타,화물,여,58세,상해없음,보행자,남,54세,중상
5439,2021101300100146,2021년 10월 13일 10시,수요일,서울특별시 성동구 성수동2가,경상사고,0,0,1,0,차대사람 - 차도통행중,안전운전불이행,포장 - 건조,맑음,단일로 - 기타,화물,남,27세,상해없음,보행자,남,61세,경상
5440,2021101300100149,2021년 10월 13일 10시,수요일,서울특별시 강서구 화곡동,경상사고,0,0,1,0,차대사람 - 기타,안전운전불이행,포장 - 건조,맑음,단일로 - 기타,승용,남,69세,상해없음,보행자,여,58세,경상
5441,2021101300100205,2021년 10월 13일 12시,수요일,서울특별시 중구 신당동,중상사고,0,1,0,0,차대사람 - 기타,안전운전불이행,포장 - 건조,맑음,교차로 - 교차로부근,화물,남,37세,상해없음,보행자,여,87세,중상
5442,2021101300100207,2021년 10월 13일 12시,수요일,서울특별시 관악구 봉천동,중상사고,0,1,0,0,차대사람 - 횡단중,보행자보호의무위반,포장 - 건조,맑음,단일로 - 기타,자전거,여,51세,상해없음,보행자,여,54세,중상
5443,2021101300100235,2021년 10월 13일 13시,수요일,서울특별시 구로구 고척동,중상사고,0,1,0,0,차대사람 - 횡단중,보행자보호의무위반,포장 - 건조,맑음,교차로 - 교차로횡단보도내,승합,남,75세,상해없음,보행자,여,60세,중상
5444,2021101300100270,2021년 10월 13일 14시,수요일,서울특별시 강남구 역삼동,경상사고,0,0,1,0,차대사람 - 차도통행중,안전운전불이행,포장 - 건조,맑음,단일로 - 기타,화물,남,72세,상해없음,보행자,남,49세,경상
5445,2021101300100274,2021년 10월 13일 14시,수요일,서울특별시 강남구 역삼동,경상사고,0,0,1,0,차대사람 - 기타,안전운전불이행,포장 - 건조,맑음,단일로 - 기타,승용,여,40세,상해없음,보행자,남,47세,경상
5446,2021101300100351,2021년 10월 13일 16시,수요일,서울특별시 마포구 서교동,경상사고,0,0,1,0,차대사람 - 기타,안전운전불이행,포장 - 건조,맑음,단일로 - 기타,승용,남,19세,상해없음,보행자,남,23세,경상
5447,2021101300100354,2021년 10월 13일 16시,수요일,서울특별시 강서구 화곡동,경상사고,0,0,1,0,차대사람 - 기타,안전운전불이행,포장 - 건조,맑음,교차로 - 교차로안,승용,여,65세,상해없음,보행자,여,77세,경상
5448,2021101300100394,2021년 10월 13일 17시,수요일,서울특별시 강서구 염창동,경상사고,0,0,1,0,차대사람 - 횡단중,보행자보호의무위반,포장 - 건조,맑음,교차로 - 교차로횡단보도내,승용,여,53세,상해없음,보행자,여,8세,경상
5449,2021101300100439,2021년 10월 13일 18시,수요일,서울특별시 강남구 신사동,경상사고,0,0,1,0,차대사람 - 기타,안전운전불이행,포장 - 건조,맑음,기타 - 기타,승용,여,38세,상해없음,보행자,남,50세,경상
5450,2021101300100441,2021년 10월 13일 18시,수요일,서울특별시 강동구 둔촌동,경상사고,0,0,1,0,차대사람 - 횡단중,보행자보호의무위반,포장 - 건조,맑음,교차로 - 교차로횡단보도내,이륜,남,55세,상해없음,보행자,남,35세,경상
5451,2021101300100442,2021년 10월 13일 18시,수요일,서울특별시 구로구 구로동,중상사고,0,1,0,0,차대사람 - 기타,안전운전불이행,포장 - 건조,맑음,단일로 - 기타,승용,남,53세,상해없음,보행자,여,65세,중상
5452,2021101300100569,2021년 10월 13일 21시,수요일,서울특별시 관악구 봉천동,경상사고,0,0,2,0,차대사람 - 기타,안전운전불이행,포장 - 건조,맑음,교차로 - 교차로안,승용,남,51세,상해없음,보행자,여,35세,경상
5453,2021101400100041,2021년 10월 14일 06시,목요일,서울특별시 동대문구 제기동,중상사고,0,1,0,0,차대사람 - 기타,안전운전불이행,포장 - 기타,맑음,단일로 - 기타,화물,남,65세,상해없음,보행자,남,64세,중상
5454,2021101400100089,2021년 10월 14일 08시,목요일,서울특별시 성동구 응봉동,경상사고,0,0,1,0,차대사람 - 기타,안전운전불이행,포장 - 건조,맑음,단일로 - 기타,화물,남,61세,상해없음,보행자,남,46세,경상
5455,2021101400100090,2021년 10월 14일 08시,목요일,서울특별시 강서구 방화동,중상사고,0,1,0,0,차대사람 - 횡단중,신호위반,포장 - 건조,맑음,교차로 - 교차로횡단보도내,화물,남,65세,상해없음,보행자,여,71세,중상
5456,2021101400100094,2021년 10월 14일 08시,목요일,서울특별시 서초구 잠원동,경상사고,0,0,1,0,차대사람 - 기타,안전운전불이행,포장 - 건조,맑음,교차로 - 교차로안,승용,남,31세,상해없음,보행자,여,31세,경상
5457,2021101400100132,2021년 10월 14일 09시,목요일,서울특별시 종로구 종로4가,부상신고사고,0,0,0,1,차대사람 - 횡단중,안전운전불이행,포장 - 건조,맑음,단일로 - 기타,승합,남,54세,상해없음,보행자,남,61세,부상신고
5458,2021101400100176,2021년 10월 14일 10시,목요일,서울특별시 용산구 이태원동,중상사고,0,1,0,0,차대사람 - 기타,안전운전불이행,포장 - 건조,맑음,단일로 - 기타,승용,남,80세,기타불명,보행자,여,65세,중상
5459,2021101400100180,2021년 10월 14일 10시,목요일,서울특별시 강남구 수서동,경상사고,0,0,1,0,차대사람 - 차도통행중,안전운전불이행,포장 - 건조,맑음,단일로 - 기타,승용,남,60세,상해없음,보행자,남,40세,경상
5460,2021101400100206,2021년 10월 14일 11시,목요일,서울특별시 광진구 자양동,중상사고,0,1,0,0,차대사람 - 기타,안전운전불이행,포장 - 건조,맑음,기타 - 기타,승합,남,53세,상해없음,보행자,남,67세,중상
5461,2021101400100209,2021년 10월 14일 11시,목요일,서울특별시 송파구 장지동,중상사고,0,1,0,0,차대사람 - 기타,안전운전불이행,포장 - 건조,맑음,기타 - 기타,승합,남,58세,상해없음,보행자,여,87세,중상
5462,2021101400100210,2021년 10월 14일 11시,목요일,서울특별시 서초구 양재동,경상사고,0,0,1,0,차대사람 - 기타,안전운전불이행,포장 - 건조,맑음,단일로 - 기타,승용,남,74세,상해없음,보행자,여,23세,경상
5463,2021101400100243,2021년 10월 14일 12시,목요일,서울특별시 중구 신당동,중상사고,0,1,0,0,차대사람 - 기타,안전운전불이행,포장 - 건조,맑음,단일로 - 기타,이륜,남,37세,중상,보행자,남,42세,상해없음
5464,2021101400100278,2021년 10월 14일 13시,목요일,서울특별시 종로구 명륜1가,경상사고,0,0,1,0,차대사람 - 횡단중,안전운전불이행,포장 - 건조,맑음,단일로 - 기타,원동기,남,29세,경상,보행자,남,78세,상해없음
5465,2021101400100316,2021년 10월 14일 14시,목요일,서울특별시 영등포구 영등포동1가,경상사고,0,0,1,0,차대사람 - 기타,안전운전불이행,포장 - 건조,맑음,단일로 - 기타,승용,남,58세,상해없음,보행자,남,67세,경상
5466,2021101400100317,2021년 10월 14일 14시,목요일,서울특별시 관악구 신림동,중상사고,0,1,0,0,차대사람 - 기타,안전운전불이행,포장 - 건조,맑음,단일로 - 기타,승합,남,68세,상해없음,보행자,여,83세,중상
5467,2021101400100320,2021년 10월 14일 14시,목요일,서울특별시 강남구 세곡동,경상사고,0,0,1,0,차대사람 - 횡단중,안전운전불이행,포장 - 건조,맑음,단일로 - 기타,이륜,남,41세,상해없음,보행자,남,9세,경상
5468,2021101400100355,2021년 10월 14일 15시,목요일,서울특별시 강북구 번동,경상사고,0,0,1,0,차대사람 - 차도통행중,안전운전불이행,포장 - 건조,맑음,교차로 - 교차로부근,화물,남,51세,상해없음,보행자,여,94세,경상
5469,2021101400100359,2021년 10월 14일 15시,목요일,서울특별시 서초구 서초동,경상사고,0,0,1,0,차대사람 - 보도통행중,기타,포장 - 건조,맑음,단일로 - 기타,승용,남,43세,상해없음,보행자,남,20세,경상
5470,2021101400100360,2021년 10월 14일 15시,목요일,서울특별시 도봉구 쌍문동,중상사고,0,1,0,0,차대사람 - 기타,안전운전불이행,포장 - 건조,맑음,단일로 - 기타,건설기계,남,63세,상해없음,보행자,남,61세,중상
5471,2021101400100388,2021년 10월 14일 16시,목요일,서울특별시 강동구 암사동,중상사고,0,1,0,0,차대사람 - 기타,안전운전불이행,포장 - 건조,맑음,단일로 - 기타,승용,남,64세,상해없음,보행자,여,67세,중상
5472,2021101400100389,2021년 10월 14일 16시,목요일,서울특별시 강남구 역삼동,경상사고,0,0,1,0,차대사람 - 길가장자리구역통행중,안전운전불이행,포장 - 건조,맑음,교차로 - 교차로부근,승용,남,70세,상해없음,보행자,남,53세,경상
5473,2021101400100423,2021년 10월 14일 17시,목요일,서울특별시 관악구 봉천동,경상사고,0,0,1,0,차대사람 - 횡단중,보행자보호의무위반,포장 - 건조,맑음,교차로 - 교차로횡단보도내,승용,남,63세,상해없음,보행자,남,63세,경상
5474,2021101400100426,2021년 10월 14일 17시,목요일,서울특별시 송파구 가락동,경상사고,0,0,1,0,차대사람 - 기타,기타,포장 - 건조,맑음,단일로 - 기타,자전거,여,42세,상해없음,보행자,남,43세,경상
5475,2021101400100472,2021년 10월 14일 18시,목요일,서울특별시 관악구 신림동,중상사고,0,1,1,0,차대사람 - 횡단중,안전운전불이행,포장 - 건조,맑음,단일로 - 기타,이륜,남,32세,경상,보행자,남,20세,중상
5476,2021101400100532,2021년 10월 14일 19시,목요일,서울특별시 중랑구 면목동,중상사고,0,1,0,0,차대사람 - 기타,안전운전불이행,포장 - 건조,맑음,교차로 - 교차로안,승용,남,63세,상해없음,보행자,여,53세,중상
5477,2021101400100535,2021년 10월 14일 19시,목요일,서울특별시 강남구 역삼동,중상사고,0,1,0,0,차대사람 - 기타,안전운전불이행,포장 - 건조,기타,단일로 - 기타,승합,남,66세,상해없음,보행자,남,58세,중상
5478,2021101400100577,2021년 10월 14일 20시,목요일,서울특별시 서초구 서초동,부상신고사고,0,0,0,1,차대사람 - 기타,안전운전불이행,포장 - 건조,흐림,교차로 - 교차로부근,승용,여,42세,상해없음,보행자,남,38세,부상신고
5479,2021101500100065,2021년 10월 15일 08시,금요일,서울특별시 송파구 가락동,중상사고,0,1,0,0,차대사람 - 기타,안전운전불이행,포장 - 건조,맑음,단일로 - 기타,자전거,여,25세,상해없음,보행자,여,26세,중상
5480,2021101500100148,2021년 10월 15일 10시,금요일,서울특별시 성북구 동소문동4가,중상사고,0,1,0,0,차대사람 - 횡단중,보행자보호의무위반,포장 - 건조,맑음,교차로 - 교차로횡단보도내,승용,남,75세,상해없음,보행자,여,78세,중상
5481,2021101500100149,2021년 10월 15일 10시,금요일,서울특별시 동작구 흑석동,경상사고,0,0,1,0,차대사람 - 기타,기타,포장 - 건조,맑음,단일로 - 기타,승용,여,42세,상해없음,보행자,여,27세,경상
5482,2021101500100151,2021년 10월 15일 10시,금요일,서울특별시 구로구 개봉동,중상사고,0,2,0,0,차대사람 - 보도통행중,기타,포장 - 건조,맑음,단일로 - 기타,승용,남,70세,상해없음,보행자,여,50세,중상
5483,2021101500100191,2021년 10월 15일 11시,금요일,서울특별시 영등포구 문래동3가,경상사고,0,0,2,0,차대사람 - 기타,안전운전불이행,포장 - 건조,맑음,기타 - 기타,승용,남,46세,상해없음,보행자,남,65세,경상
5484,2021101500100193,2021년 10월 15일 11시,금요일,서울특별시 성북구 하월곡동,경상사고,0,0,1,0,차대사람 - 횡단중,보행자보호의무위반,포장 - 건조,흐림,단일로 - 기타,승용,여,52세,상해없음,보행자,남,68세,경상
5485,2021101500100196,2021년 10월 15일 11시,금요일,서울특별시 강남구 역삼동,중상사고,0,1,0,0,차대사람 - 횡단중,안전운전불이행,포장 - 건조,맑음,단일로 - 기타,이륜,남,40세,상해없음,보행자,남,48세,중상
5486,2021101500100233,2021년 10월 15일 12시,금요일,서울특별시 중랑구 중화동,경상사고,0,0,1,0,차대사람 - 횡단중,안전운전불이행,포장 - 건조,맑음,단일로 - 지하차도(도로)내,이륜,남,61세,상해없음,보행자,남,83세,경상
5487,2021101500100267,2021년 10월 15일 13시,금요일,서울특별시 성동구 행당동,경상사고,0,0,1,0,차대사람 - 기타,안전운전불이행,포장 - 건조,맑음,단일로 - 기타,승용,남,28세,상해없음,보행자,여,47세,경상
5488,2021101500100268,2021년 10월 15일 13시,금요일,서울특별시 양천구 신월동,경상사고,0,0,1,0,차대사람 - 차도통행중,안전운전불이행,포장 - 건조,맑음,단일로 - 기타,승용,여,60세,상해없음,보행자,여,65세,경상
5489,2021101500100330,2021년 10월 15일 15시,금요일,서울특별시 영등포구 신길동,중상사고,0,1,0,0,차대사람 - 차도통행중,안전운전불이행,포장 - 건조,맑음,단일로 - 기타,화물,남,72세,상해없음,보행자,여,76세,중상
5490,2021101500100358,2021년 10월 15일 16시,금요일,서울특별시 서대문구 홍은동,경상사고,0,0,1,0,차대사람 - 횡단중,신호위반,포장 - 건조,맑음,교차로 - 교차로부근,승용,남,43세,상해없음,보행자,남,13세,경상
5491,2021101500100363,2021년 10월 15일 16시,금요일,서울특별시 강남구 청담동,경상사고,0,0,1,0,차대사람 - 차도통행중,안전운전불이행,포장 - 기타,맑음,단일로 - 기타,승용,남,50세,기타불명,보행자,남,35세,경상
5492,2021101500100364,2021년 10월 15일 16시,금요일,서울특별시 강서구 화곡동,경상사고,0,0,1,0,차대사람 - 기타,안전운전불이행,포장 - 건조,맑음,기타 - 기타,승용,남,66세,상해없음,보행자,남,9세,경상
5493,2021101500100399,2021년 10월 15일 17시,금요일,서울특별시 마포구 염리동,경상사고,0,0,1,0,차대사람 - 횡단중,신호위반,포장 - 건조,맑음,단일로 - 기타,승용,여,55세,상해없음,보행자,여,68세,경상
5494,2021101500100400,2021년 10월 15일 17시,금요일,서울특별시 영등포구 문래동3가,중상사고,0,1,0,0,차대사람 - 횡단중,신호위반,포장 - 건조,맑음,교차로 - 교차로안,승용,남,45세,상해없음,보행자,남,71세,중상
5495,2021101500100436,2021년 10월 15일 18시,금요일,서울특별시 동대문구 휘경동,경상사고,0,0,1,0,차대사람 - 차도통행중,안전운전불이행,포장 - 건조,맑음,단일로 - 기타,이륜,남,27세,상해없음,보행자,남,44세,경상
5496,2021101500100437,2021년 10월 15일 18시,금요일,서울특별시 동작구 사당동,경상사고,0,0,1,0,차대사람 - 기타,안전운전불이행,포장 - 건조,맑음,단일로 - 기타,승용,남,61세,상해없음,보행자,여,44세,경상
5497,2021101500100438,2021년 10월 15일 18시,금요일,서울특별시 동작구 상도동,중상사고,0,1,0,0,차대사람 - 횡단중,보행자보호의무위반,포장 - 건조,맑음,교차로 - 교차로횡단보도내,이륜,여,24세,상해없음,보행자,여,63세,중상
5498,2021101500100440,2021년 10월 15일 18시,금요일,서울특별시 강서구 화곡동,경상사고,0,0,1,0,차대사람 - 보도통행중,보행자보호의무위반,포장 - 건조,맑음,교차로 - 교차로안,승용,여,45세,상해없음,보행자,남,14세,경상
5499,2021101500100441,2021년 10월 15일 18시,금요일,서울특별시 송파구 문정동,중상사고,0,1,0,0,차대사람 - 보도통행중,기타,포장 - 건조,맑음,교차로 - 교차로부근,개인형이동수단(PM),남,39세,상해없음,보행자,남,38세,중상
5500,2021101500100505,2021년 10월 15일 19시,금요일,서울특별시 동작구 신대방동,경상사고,0,0,1,0,차대사람 - 횡단중,안전운전불이행,포장 - 건조,맑음,교차로 - 교차로부근,승용,남,45세,상해없음,보행자,남,52세,경상
5501,2021101500100507,2021년 10월 15일 19시,금요일,서울특별시 강남구 역삼동,경상사고,0,0,1,0,차대사람 - 길가장자리구역통행중,안전운전불이행,포장 - 건조,맑음,단일로 - 기타,승용,남,44세,상해없음,보행자,남,22세,경상
5502,2021101500100558,2021년 10월 15일 20시,금요일,서울특별시 마포구 대흥동,중상사고,0,1,0,0,차대사람 - 차도통행중,안전운전불이행,포장 - 건조,맑음,단일로 - 기타,원동기,남,17세,상해없음,보행자,남,73세,중상
5503,2021101500100597,2021년 10월 15일 21시,금요일,서울특별시 마포구 염리동,부상신고사고,0,0,0,1,차대사람 - 기타,안전운전불이행,포장 - 건조,맑음,단일로 - 기타,기타불명,기타불명,미분류,기타불명,보행자,여,51세,부상신고
5504,2021101500100622,2021년 10월 15일 22시,금요일,서울특별시 중랑구 상봉동,중상사고,0,1,0,0,차대사람 - 횡단중,안전운전불이행,포장 - 건조,맑음,단일로 - 기타,승용,남,29세,상해없음,보행자,남,66세,중상
5505,2021101500100624,2021년 10월 15일 22시,금요일,서울특별시 강동구 암사동,중상사고,0,1,0,0,차대사람 - 횡단중,안전운전불이행,포장 - 건조,맑음,단일로 - 기타,자전거,남,59세,상해없음,보행자,여,57세,중상
5506,2021101500100665,2021년 10월 15일 23시,금요일,서울특별시 노원구 중계동,경상사고,0,0,1,0,차대사람 - 횡단중,보행자보호의무위반,포장 - 건조,맑음,교차로 - 교차로부근,승용,남,67세,상해없음,보행자,남,18세,경상
5507,2021101600100079,2021년 10월 16일 08시,토요일,서울특별시 양천구 목동,중상사고,0,1,0,0,차대사람 - 횡단중,안전운전불이행,포장 - 건조,맑음,교차로 - 교차로횡단보도내,승용,남,55세,상해없음,보행자,여,34세,중상
5508,2021101600100131,2021년 10월 16일 10시,토요일,서울특별시 강동구 성내동,경상사고,0,0,1,0,차대사람 - 기타,안전운전불이행,포장 - 건조,맑음,기타 - 기타,승합,여,47세,상해없음,보행자,남,82세,경상
5509,2021101600100149,2021년 10월 16일 11시,토요일,서울특별시 광진구 군자동,경상사고,0,0,1,0,차대사람 - 보도통행중,안전운전불이행,포장 - 건조,맑음,단일로 - 기타,자전거,남,38세,상해없음,보행자,남,64세,경상
5510,2021101600100150,2021년 10월 16일 11시,토요일,서울특별시 송파구 오금동,경상사고,0,0,1,0,차대사람 - 차도통행중,안전운전불이행,포장 - 건조,맑음,단일로 - 기타,승용,여,38세,상해없음,보행자,남,92세,경상
5511,2021101600100179,2021년 10월 16일 12시,토요일,서울특별시 강남구 역삼동,중상사고,0,1,0,0,차대사람 - 차도통행중,기타,포장 - 기타,맑음,단일로 - 기타,승용,남,35세,상해없음,보행자,여,59세,중상
5512,2021101600100323,2021년 10월 16일 16시,토요일,서울특별시 동작구 사당동,부상신고사고,0,0,0,1,차대사람 - 기타,안전운전불이행,포장 - 건조,맑음,단일로 - 기타,승용,남,65세,상해없음,보행자,남,48세,부상신고
5513,2021101600100464,2021년 10월 16일 21시,토요일,서울특별시 서대문구 홍제동,경상사고,0,0,1,0,차대사람 - 기타,안전운전불이행,포장 - 건조,맑음,단일로 - 기타,승용,남,56세,상해없음,보행자,남,49세,경상
5514,2021101600100486,2021년 10월 16일 22시,토요일,서울특별시 동대문구 답십리동,경상사고,0,0,1,0,차대사람 - 횡단중,신호위반,포장 - 건조,맑음,교차로 - 교차로안,승용,남,62세,상해없음,보행자,남,39세,경상
5515,2021101600100488,2021년 10월 16일 22시,토요일,서울특별시 강남구 신사동,중상사고,0,1,0,0,차대사람 - 기타,안전운전불이행,포장 - 기타,맑음,단일로 - 기타,승용,남,22세,상해없음,보행자,남,22세,중상