,사고번호,사고일시,요일,시군구,사고내용,사망자수,중상자수,경상자수,부상신고자수,사고유형,법규위반,노면상태,기상상태,도로형태,가해운전자 차종,가해운전자 성별,가해운전자 연령,가해운전자 상해정도,피해운전자 차종,피해운전자 성별,피해운전자 연령,피해운전자 상해정도
6073,2021111200100305,2021년 11월 12일 14시,금요일,서울특별시 강동구 고덕동,사망사고,1,0,0,0,차대사람 - 횡단중,보행자보호의무위반,포장 - 건조,맑음,교차로 - 교차로횡단보도내,건설기계,남,62세,상해없음,보행자,여,77세,사망
6074,2021111200100306,2021년 11월 12일 14시,금요일,서울특별시 성북구 하월곡동,경상사고,0,0,1,0,차대사람 - 보도통행중,안전운전불이행,포장 - 건조,맑음,단일로 - 기타,승용,남,57세,상해없음,보행자,남,42세,경상
6075,2021111200100335,2021년 11월 12일 15시,금요일,서울특별시 동작구 본동,중상사고,0,1,0,0,차대사람 - 기타,안전운전불이행,포장 - 건조,맑음,단일로 - 기타,자전거,남,49세,상해없음,보행자,남,70세,중상
6076,2021111200100340,2021년 11월 12일 15시,금요일,서울특별시 강서구 내발산동,경상사고,0,0,1,0,차대사람 - 횡단중,안전운전불이행,포장 - 건조,맑음,교차로 - 교차로부근,이륜,남,16세,상해없음,보행자,여,14세,경상
6077,2021111200100342,2021년 11월 12일 15시,금요일,서울특별시 송파구 신천동,경상사고,0,0,1,0,차대사람 - 기타,안전운전불이행,포장 - 건조,맑음,단일로 - 기타,자전거,여,36세,상해없음,보행자,여,51세,경상
6078,2021111200100345,2021년 11월 12일 15시,금요일,서울특별시 은평구 대조동,중상사고,0,2,0,0,차대사람 - 횡단중,신호위반,포장 - 건조,맑음,단일로 - 기타,승용,남,78세,상해없음,보행자,여,39세,중상
6079,2021111200100384,2021년 11월 12일 16시,금요일,서울특별시 금천구 시흥동,경상사고,0,0,1,0,차대사람 - 길가장자리구역통행중,안전운전불이행,포장 - 건조,맑음,단일로 - 기타,자전거,남,79세,상해없음,보행자,남,8세,경상
6080,2021111200100385,2021년 11월 12일 16시,금요일,서울특별시 중랑구 면목동,경상사고,0,0,1,0,차대사람 - 기타,안전운전불이행,포장 - 건조,맑음,단일로 - 기타,승용,남,77세,상해없음,보행자,여,54세,경상
6081,2021111200100426,2021년 11월 12일 17시,금요일,서울특별시 송파구 삼전동,경상사고,0,0,1,0,차대사람 - 보도통행중,안전운전불이행,포장 - 건조,맑음,단일로 - 기타,승용,여,57세,상해없음,보행자,여,60세,경상
6082,2021111200100461,2021년 11월 12일 18시,금요일,서울특별시 성북구 정릉동,경상사고,0,0,1,0,차대사람 - 횡단중,보행자보호의무위반,포장 - 건조,맑음,교차로 - 교차로부근,승용,남,29세,상해없음,보행자,남,59세,경상
6083,2021111200100462,2021년 11월 12일 18시,금요일,서울특별시 동대문구 장안동,경상사고,0,0,1,0,차대사람 - 기타,안전운전불이행,포장 - 건조,맑음,교차로 - 교차로안,이륜,남,53세,상해없음,보행자,남,65세,경상
6084,2021111200100463,2021년 11월 12일 18시,금요일,서울특별시 광진구 광장동,중상사고,0,1,0,0,차대사람 - 기타,안전운전불이행,포장 - 건조,맑음,기타 - 기타,자전거,남,32세,상해없음,보행자,남,77세,중상
6085,2021111200100464,2021년 11월 12일 18시,금요일,서울특별시 마포구 서교동,중상사고,0,1,0,1,차대사람 - 횡단중,보행자보호의무위반,포장 - 건조,맑음,교차로 - 교차로횡단보도내,승용,남,67세,기타불명,보행자,남,66세,중상
6086,2021111200100469,2021년 11월 12일 18시,금요일,서울특별시 강서구 화곡동,경상사고,0,0,1,0,차대사람 - 기타,안전운전불이행,포장 - 건조,맑음,교차로 - 교차로안,승용,남,55세,상해없음,보행자,여,79세,경상
6087,2021111200100524,2021년 11월 12일 19시,금요일,서울특별시 중구 장충동1가,중상사고,0,1,0,0,차대사람 - 횡단중,보행자보호의무위반,포장 - 건조,맑음,교차로 - 교차로횡단보도내,승용,남,49세,기타불명,보행자,여,65세,중상
6088,2021111200100529,2021년 11월 12일 19시,금요일,서울특별시 송파구 가락동,경상사고,0,0,1,0,차대사람 - 보도통행중,안전운전불이행,포장 - 건조,맑음,단일로 - 기타,승용,남,70세,상해없음,보행자,남,56세,경상
6089,2021111200100530,2021년 11월 12일 19시,금요일,서울특별시 구로구 고척동,경상사고,0,0,1,0,차대사람 - 횡단중,보행자보호의무위반,포장 - 건조,맑음,교차로 - 교차로안,승용,남,58세,상해없음,보행자,남,60세,경상
6090,2021111200100534,2021년 11월 12일 19시,금요일,서울특별시 양천구 목동,경상사고,0,0,1,0,차대사람 - 기타,안전운전불이행,포장 - 건조,맑음,기타 - 기타,승용,여,53세,상해없음,보행자,남,53세,경상
6091,2021111200100573,2021년 11월 12일 20시,금요일,서울특별시 영등포구 당산동3가,부상신고사고,0,0,0,1,차대사람 - 기타,안전운전불이행,포장 - 건조,맑음,교차로 - 교차로부근,기타불명,기타불명,미분류,기타불명,보행자,여,23세,부상신고
6092,2021111200100579,2021년 11월 12일 20시,금요일,서울특별시 노원구 상계동,중상사고,0,1,0,0,차대사람 - 기타,기타,포장 - 건조,맑음,기타 - 기타,자전거,남,14세,상해없음,보행자,여,68세,중상
6093,2021111200100639,2021년 11월 12일 22시,금요일,서울특별시 성동구 송정동,사망사고,1,0,0,0,차대사람 - 기타,안전운전불이행,포장 - 건조,맑음,단일로 - 기타,승용,남,53세,상해없음,보행자,남,65세,사망
6094,2021111300100003,2021년 11월 13일 00시,토요일,서울특별시 동대문구 제기동,부상신고사고,0,0,0,1,차대사람 - 보도통행중,안전운전불이행,포장 - 건조,맑음,단일로 - 기타,이륜,남,36세,부상신고,보행자,남,17세,상해없음
6095,2021111300100028,2021년 11월 13일 01시,토요일,서울특별시 서초구 서초동,경상사고,0,0,1,0,차대사람 - 기타,안전운전불이행,포장 - 건조,맑음,교차로 - 교차로부근,승용,남,42세,상해없음,보행자,여,28세,경상
6096,2021111300100046,2021년 11월 13일 02시,토요일,서울특별시 광진구 화양동,경상사고,0,0,1,0,차대사람 - 기타,안전운전불이행,포장 - 건조,맑음,단일로 - 기타,승용,남,70세,상해없음,보행자,여,24세,경상
6097,2021111300100055,2021년 11월 13일 03시,토요일,서울특별시 영등포구 영등포동3가,부상신고사고,0,0,0,1,차대사람 - 길가장자리구역통행중,보행자보호의무위반,포장 - 건조,맑음,단일로 - 기타,승용,남,24세,상해없음,보행자,남,19세,부상신고
6098,2021111300100067,2021년 11월 13일 05시,토요일,서울특별시 광진구 화양동,경상사고,0,0,1,0,차대사람 - 기타,안전운전불이행,포장 - 건조,맑음,기타 - 기타,승용,남,64세,상해없음,보행자,남,29세,경상
6099,2021111300100102,2021년 11월 13일 08시,토요일,서울특별시 광진구 구의동,중상사고,0,1,0,0,차대사람 - 횡단중,신호위반,포장 - 건조,맑음,교차로 - 교차로횡단보도내,승용,남,31세,상해없음,보행자,여,50세,중상
6100,2021111300100128,2021년 11월 13일 09시,토요일,서울특별시 강남구 대치동,중상사고,0,1,0,0,차대사람 - 기타,안전운전불이행,포장 - 건조,맑음,교차로 - 교차로안,승용,남,64세,상해없음,보행자,남,79세,중상
6101,2021111300100155,2021년 11월 13일 10시,토요일,서울특별시 서초구 서초동,경상사고,0,0,1,0,차대사람 - 길가장자리구역통행중,안전운전불이행,포장 - 건조,맑음,기타 - 기타,승용,남,25세,상해없음,보행자,남,29세,경상
6102,2021111300100193,2021년 11월 13일 11시,토요일,서울특별시 마포구 합정동,중상사고,0,1,0,0,차대사람 - 횡단중,보행자보호의무위반,포장 - 건조,맑음,교차로 - 교차로횡단보도내,승용,남,47세,상해없음,보행자,남,27세,중상
6103,2021111300100196,2021년 11월 13일 11시,토요일,서울특별시 강남구 청담동,부상신고사고,0,0,0,1,차대사람 - 기타,안전운전불이행,포장 - 건조,맑음,단일로 - 기타,승용,남,28세,상해없음,보행자,여,11세,부상신고
6104,2021111300100198,2021년 11월 13일 11시,토요일,서울특별시 강남구 역삼동,중상사고,0,1,0,0,차대사람 - 기타,보행자보호의무위반,포장 - 건조,맑음,교차로 - 교차로안,승용,남,41세,상해없음,보행자,남,43세,중상
6105,2021111300100237,2021년 11월 13일 12시,토요일,서울특별시 중구 장충동1가,경상사고,0,0,1,0,차대사람 - 기타,안전운전불이행,포장 - 건조,맑음,단일로 - 기타,승용,남,33세,상해없음,보행자,남,30세,경상
6106,2021111300100271,2021년 11월 13일 13시,토요일,서울특별시 송파구 잠실동,경상사고,0,0,1,0,차대사람 - 기타,안전운전불이행,포장 - 건조,맑음,기타 - 기타,승용,여,76세,상해없음,보행자,남,32세,경상
6107,2021111300100351,2021년 11월 13일 15시,토요일,서울특별시 동대문구 휘경동,중상사고,0,1,0,0,차대사람 - 기타,안전운전불이행,포장 - 기타,맑음,단일로 - 기타,화물,남,59세,상해없음,보행자,여,69세,중상
6108,2021111300100352,2021년 11월 13일 15시,토요일,서울특별시 동대문구 용두동,중상사고,0,1,0,0,차대사람 - 차도통행중,안전운전불이행,포장 - 건조,흐림,교차로 - 교차로부근,승용,여,54세,상해없음,보행자,남,76세,중상
6109,2021111300100394,2021년 11월 13일 16시,토요일,서울특별시 중랑구 면목동,부상신고사고,0,0,0,1,차대사람 - 기타,안전운전불이행,포장 - 건조,맑음,단일로 - 기타,기타불명,기타불명,미분류,기타불명,보행자,남,51세,부상신고
6110,2021111300100430,2021년 11월 13일 17시,토요일,서울특별시 강서구 화곡동,경상사고,0,0,1,0,차대사람 - 길가장자리구역통행중,안전운전불이행,포장 - 건조,맑음,단일로 - 기타,승용,남,64세,상해없음,보행자,여,6세,경상
6111,2021111300100432,2021년 11월 13일 17시,토요일,서울특별시 강남구 대치동,경상사고,0,0,1,0,차대사람 - 횡단중,보행자보호의무위반,포장 - 건조,맑음,단일로 - 기타,승용,여,37세,상해없음,보행자,남,10세,경상
6112,2021111300100472,2021년 11월 13일 18시,토요일,서울특별시 노원구 상계동,경상사고,0,0,1,0,차대사람 - 보도통행중,안전운전불이행,포장 - 건조,맑음,교차로 - 교차로부근,개인형이동수단(PM),남,17세,상해없음,보행자,남,63세,경상
6113,2021111300100512,2021년 11월 13일 19시,토요일,서울특별시 종로구 익선동,경상사고,0,0,1,0,차대사람 - 기타,안전운전불이행,포장 - 건조,맑음,단일로 - 기타,승용,남,74세,상해없음,보행자,남,22세,경상
6114,2021111300100555,2021년 11월 13일 20시,토요일,서울특별시 노원구 월계동,경상사고,0,0,1,0,차대사람 - 횡단중,신호위반,포장 - 젖음/습기,흐림,교차로 - 교차로부근,이륜,남,55세,상해없음,보행자,여,29세,경상
6115,2021111300100583,2021년 11월 13일 21시,토요일,서울특별시 서초구 서초동,경상사고,0,0,1,0,차대사람 - 보도통행중,안전운전불이행,포장 - 건조,맑음,단일로 - 기타,승용,여,44세,상해없음,보행자,여,42세,경상
6116,2021111300100638,2021년 11월 13일 23시,토요일,서울특별시 중랑구 면목동,중상사고,0,1,0,0,차대사람 - 횡단중,과속,포장 - 건조,맑음,단일로 - 지하차도(도로)내,승용,남,55세,상해없음,보행자,남,48세,중상
6117,2021111300100640,2021년 11월 13일 23시,토요일,서울특별시 양천구 신월동,경상사고,0,0,1,0,차대사람 - 기타,안전운전불이행,포장 - 건조,맑음,단일로 - 기타,승용,남,64세,상해없음,보행자,남,48세,경상
6118,2021111400100002,2021년 11월 14일 00시,일요일,서울특별시 강남구 삼성동,경상사고,0,0,1,0,차대사람 - 기타,안전운전불이행,포장 - 건조,맑음,단일로 - 기타,승용,남,46세,상해없음,보행자,남,47세,경상
6119,2021111400100017,2021년 11월 14일 01시,일요일,서울특별시 강북구 수유동,부상신고사고,0,0,0,1,차대사람 - 기타,안전운전불이행,포장 - 건조,맑음,기타 - 기타,승용,남,22세,상해없음,보행자,남,25세,부상신고
6120,2021111400100018,2021년 11월 14일 01시,일요일,서울특별시 마포구 상수동,경상사고,0,0,1,0,차대사람 - 보도통행중,기타,포장 - 건조,맑음,단일로 - 기타,개인형이동수단(PM),여,25세,기타불명,보행자,남,32세,경상
6121,2021111400100048,2021년 11월 14일 03시,일요일,서울특별시 강북구 수유동,경상사고,0,0,1,0,차대사람 - 횡단중,보행자보호의무위반,포장 - 건조,맑음,교차로 - 교차로횡단보도내,이륜,남,31세,상해없음,보행자,남,28세,경상
6122,2021111400100050,2021년 11월 14일 03시,일요일,서울특별시 서초구 서초동,경상사고,0,0,1,0,차대사람 - 기타,안전운전불이행,포장 - 건조,맑음,단일로 - 기타,승용,남,30세,상해없음,보행자,남,30세,경상
6123,2021111400100051,2021년 11월 14일 03시,일요일,서울특별시 서초구 서초동,경상사고,0,0,1,0,차대사람 - 기타,안전운전불이행,포장 - 건조,맑음,단일로 - 기타,승용,남,19세,상해없음,보행자,남,35세,경상
6124,2021111400100108,2021년 11월 14일 10시,일요일,서울특별시 영등포구 여의도동,경상사고,0,0,1,0,차대사람 - 보도통행중,기타,포장 - 건조,맑음,단일로 - 기타,개인형이동수단(PM),여,23세,상해없음,보행자,여,65세,경상
6125,2021111400100213,2021년 11월 14일 14시,일요일,서울특별시 강남구 역삼동,경상사고,0,0,1,0,차대사람 - 기타,신호위반,포장 - 기타,맑음,단일로 - 기타,승용,남,34세,상해없음,보행자,남,39세,경상
6126,2021111400100214,2021년 11월 14일 14시,일요일,서울특별시 강남구 신사동,경상사고,0,0,1,0,차대사람 - 길가장자리구역통행중,안전운전불이행,포장 - 건조,맑음,단일로 - 기타,승용,남,54세,기타불명,보행자,여,9세,경상
6127,2021111400100241,2021년 11월 14일 15시,일요일,서울특별시 금천구 독산동,경상사고,0,0,1,0,차대사람 - 기타,안전운전불이행,포장 - 건조,맑음,단일로 - 기타,승용,여,46세,상해없음,보행자,남,31세,경상
6128,2021111400100273,2021년 11월 14일 16시,일요일,서울특별시 용산구 효창동,경상사고,0,0,1,0,차대사람 - 기타,안전운전불이행,포장 - 건조,맑음,단일로 - 기타,승용,남,54세,상해없음,보행자,여,23세,경상
6129,2021111400100303,2021년 11월 14일 17시,일요일,서울특별시 중랑구 면목동,경상사고,0,0,1,0,차대사람 - 길가장자리구역통행중,안전운전불이행,포장 - 건조,맑음,단일로 - 기타,화물,남,65세,상해없음,보행자,남,46세,경상
6130,2021111400100350,2021년 11월 14일 18시,일요일,서울특별시 중랑구 상봉동,경상사고,0,0,1,0,차대사람 - 기타,안전운전불이행,포장 - 건조,맑음,교차로 - 교차로안,화물,남,41세,상해없음,보행자,남,67세,경상
6131,2021111400100351,2021년 11월 14일 18시,일요일,서울특별시 송파구 장지동,경상사고,0,0,1,0,차대사람 - 기타,안전운전불이행,포장 - 건조,맑음,기타 - 기타,승용,남,43세,상해없음,보행자,남,20세,경상
6132,2021111400100440,2021년 11월 14일 21시,일요일,서울특별시 서대문구 북가좌동,부상신고사고,0,0,0,1,차대사람 - 차도통행중,안전운전불이행,포장 - 건조,맑음,교차로 - 교차로안,기타불명,기타불명,미분류,기타불명,보행자,남,27세,부상신고
6133,2021111500100065,2021년 11월 15일 07시,월요일,서울특별시 서초구 양재동,사망사고,1,0,0,1,차대사람 - 기타,안전운전불이행,포장 - 건조,맑음,단일로 - 기타,화물,남,53세,부상신고,보행자,남,66세,사망
6134,2021111500100087,2021년 11월 15일 08시,월요일,서울특별시 마포구 용강동,부상신고사고,0,0,0,1,차대사람 - 횡단중,보행자보호의무위반,포장 - 건조,맑음,단일로 - 기타,개인형이동수단(PM),남,44세,상해없음,보행자,여,74세,부상신고
6135,2021111500100089,2021년 11월 15일 08시,월요일,서울특별시 노원구 중계동,부상신고사고,0,0,0,1,차대사람 - 보도통행중,기타,포장 - 건조,맑음,기타 - 기타,기타불명,기타불명,미분류,기타불명,보행자,여,43세,부상신고
6136,2021111500100152,2021년 11월 15일 10시,월요일,서울특별시 영등포구 양평동1가,경상사고,0,0,1,0,차대사람 - 횡단중,보행자보호의무위반,포장 - 건조,맑음,교차로 - 교차로안,승용,남,57세,상해없음,보행자,남,30세,경상
6137,2021111500100153,2021년 11월 15일 10시,월요일,서울특별시 서초구 서초동,중상사고,0,1,0,0,차대사람 - 기타,안전운전불이행,포장 - 건조,맑음,단일로 - 기타,승용,남,64세,상해없음,보행자,남,51세,중상
6138,2021111500100155,2021년 11월 15일 10시,월요일,서울특별시 강남구 개포동,경상사고,0,0,1,0,차대사람 - 길가장자리구역통행중,안전운전불이행,포장 - 건조,맑음,단일로 - 기타,승용,남,71세,상해없음,보행자,여,53세,경상
6139,2021111500100221,2021년 11월 15일 12시,월요일,서울특별시 관악구 신림동,경상사고,0,0,1,0,차대사람 - 기타,안전운전불이행,포장 - 건조,맑음,기타 - 기타,승용,남,60세,상해없음,보행자,여,51세,경상
6140,2021111500100327,2021년 11월 15일 15시,월요일,서울특별시 동작구 사당동,경상사고,0,0,1,0,차대사람 - 기타,안전운전불이행,포장 - 건조,맑음,단일로 - 기타,승용,남,61세,상해없음,보행자,여,40세,경상
6141,2021111500100357,2021년 11월 15일 16시,월요일,서울특별시 은평구 응암동,경상사고,0,0,1,0,차대사람 - 보도통행중,보행자보호의무위반,포장 - 건조,맑음,교차로 - 교차로안,승합,남,71세,상해없음,보행자,여,69세,경상
6142,2021111500100365,2021년 11월 15일 16시,월요일,서울특별시 구로구 구로동,중상사고,0,1,0,0,차대사람 - 기타,안전운전불이행,포장 - 건조,맑음,교차로 - 교차로안,승용,여,32세,상해없음,보행자,남,78세,중상
6143,2021111500100391,2021년 11월 15일 17시,월요일,서울특별시 종로구 교남동,경상사고,0,0,1,0,차대사람 - 기타,보행자보호의무위반,포장 - 건조,맑음,단일로 - 기타,승용,남,64세,상해없음,보행자,여,26세,경상
6144,2021111500100402,2021년 11월 15일 17시,월요일,서울특별시 노원구 하계동,중상사고,0,1,0,0,차대사람 - 횡단중,보행자보호의무위반,포장 - 건조,맑음,교차로 - 교차로부근,승용,여,41세,상해없음,보행자,여,34세,중상
6145,2021111500100526,2021년 11월 15일 19시,월요일,서울특별시 강동구 천호동,경상사고,0,0,1,0,차대사람 - 횡단중,보행자보호의무위반,포장 - 건조,맑음,교차로 - 교차로횡단보도내,승용,남,62세,상해없음,보행자,여,36세,경상
6146,2021111500100584,2021년 11월 15일 21시,월요일,서울특별시 중구 을지로1가,중상사고,0,1,0,0,차대사람 - 차도통행중,안전운전불이행,포장 - 건조,맑음,단일로 - 기타,승용,남,61세,상해없음,보행자,여,74세,중상
6147,2021111500100609,2021년 11월 15일 22시,월요일,서울특별시 강북구 수유동,경상사고,0,0,1,0,차대사람 - 기타,안전운전불이행,포장 - 건조,맑음,단일로 - 기타,승용,남,36세,상해없음,보행자,남,31세,경상
6148,2021111500100611,2021년 11월 15일 22시,월요일,서울특별시 영등포구 신길동,경상사고,0,0,1,0,차대사람 - 횡단중,신호위반,포장 - 건조,맑음,교차로 - 교차로안,승용,남,38세,상해없음,보행자,여,14세,경상
6149,2021111500100612,2021년 11월 15일 22시,월요일,서울특별시 중랑구 중화동,경상사고,0,0,1,0,차대사람 - 길가장자리구역통행중,안전운전불이행,포장 - 건조,맑음,단일로 - 기타,승용,여,57세,상해없음,보행자,남,36세,경상
6150,2021111500100616,2021년 11월 15일 22시,월요일,서울특별시 강동구 명일동,경상사고,0,0,1,0,차대사람 - 기타,안전운전불이행,포장 - 건조,맑음,교차로 - 교차로부근,승용,여,64세,상해없음,보행자,여,23세,경상
6151,2021111500100633,2021년 11월 15일 23시,월요일,서울특별시 서대문구 홍제동,중상사고,0,1,0,0,차대사람 - 기타,안전운전불이행,포장 - 건조,맑음,기타 - 기타,승용,남,57세,상해없음,보행자,남,28세,중상
6152,2021111600100005,2021년 11월 16일 00시,화요일,서울특별시 양천구 목동,경상사고,0,0,1,0,차대사람 - 기타,안전운전불이행,포장 - 건조,흐림,교차로 - 교차로부근,승용,남,50세,상해없음,보행자,남,43세,경상
6153,2021111600100030,2021년 11월 16일 03시,화요일,서울특별시 성동구 마장동,경상사고,0,0,1,0,차대사람 - 횡단중,신호위반,포장 - 건조,맑음,교차로 - 교차로횡단보도내,승용,남,58세,상해없음,보행자,여,69세,경상
6154,2021111600100032,2021년 11월 16일 03시,화요일,서울특별시 서초구 서초동,경상사고,0,0,1,0,차대사람 - 기타,안전운전불이행,포장 - 건조,맑음,단일로 - 기타,승용,남,55세,상해없음,보행자,남,27세,경상
6155,2021111600100051,2021년 11월 16일 06시,화요일,서울특별시 광진구 자양동,사망사고,1,0,0,0,차대사람 - 기타,안전운전불이행,포장 - 건조,맑음,단일로 - 기타,승용,남,28세,상해없음,보행자,여,28세,사망
6156,2021111600100072,2021년 11월 16일 07시,화요일,서울특별시 금천구 시흥동,중상사고,0,1,0,0,차대사람 - 기타,안전운전불이행,포장 - 건조,맑음,교차로 - 교차로안,화물,남,56세,상해없음,보행자,남,67세,중상
6157,2021111600100075,2021년 11월 16일 07시,화요일,서울특별시 관악구 봉천동,경상사고,0,0,1,0,차대사람 - 기타,기타,포장 - 건조,맑음,단일로 - 기타,승합,남,49세,상해없음,보행자,여,71세,경상
6158,2021111600100076,2021년 11월 16일 07시,화요일,서울특별시 양천구 신정동,경상사고,0,0,1,0,차대사람 - 횡단중,안전운전불이행,포장 - 건조,맑음,단일로 - 기타,승용,남,36세,상해없음,보행자,여,64세,경상
6159,2021111600100098,2021년 11월 16일 08시,화요일,서울특별시 중구 의주로1가,중상사고,0,1,0,0,차대사람 - 보도통행중,보행자보호의무위반,포장 - 건조,맑음,단일로 - 기타,승용,여,84세,상해없음,보행자,여,44세,중상
6160,2021111600100101,2021년 11월 16일 08시,화요일,서울특별시 성동구 성수동2가,경상사고,0,0,1,0,차대사람 - 차도통행중,안전운전불이행,포장 - 건조,맑음,단일로 - 기타,개인형이동수단(PM),여,19세,상해없음,보행자,여,30세,경상
6161,2021111600100149,2021년 11월 16일 09시,화요일,서울특별시 서초구 잠원동,경상사고,0,0,1,0,차대사람 - 횡단중,보행자보호의무위반,포장 - 건조,맑음,단일로 - 기타,승용,남,64세,상해없음,보행자,여,26세,경상
6162,2021111600100184,2021년 11월 16일 10시,화요일,서울특별시 강동구 천호동,경상사고,0,0,1,0,차대사람 - 횡단중,보행자보호의무위반,포장 - 건조,맑음,단일로 - 기타,건설기계,남,46세,상해없음,보행자,여,77세,경상
6163,2021111600100220,2021년 11월 16일 11시,화요일,서울특별시 강서구 방화동,경상사고,0,0,1,0,차대사람 - 횡단중,신호위반,포장 - 건조,맑음,교차로 - 교차로횡단보도내,승용,남,80세,상해없음,보행자,여,78세,경상
6164,2021111600100251,2021년 11월 16일 12시,화요일,서울특별시 양천구 목동,경상사고,0,0,1,0,차대사람 - 횡단중,신호위반,포장 - 건조,맑음,단일로 - 기타,이륜,남,41세,상해없음,보행자,남,7세,경상
6165,2021111600100292,2021년 11월 16일 13시,화요일,서울특별시 영등포구 대림동,중상사고,0,1,0,0,차대사람 - 기타,안전운전불이행,포장 - 건조,맑음,기타 - 기타,승용,여,57세,상해없음,보행자,여,75세,중상
6166,2021111600100358,2021년 11월 16일 15시,화요일,서울특별시 성북구 장위동,경상사고,0,0,1,0,차대사람 - 기타,안전운전불이행,포장 - 건조,맑음,단일로 - 기타,승합,남,37세,상해없음,보행자,여,66세,경상
6167,2021111600100389,2021년 11월 16일 16시,화요일,서울특별시 은평구 진관동,중상사고,0,1,0,0,차대사람 - 횡단중,안전운전불이행,포장 - 건조,맑음,교차로 - 교차로부근,화물,남,59세,상해없음,보행자,여,64세,중상
6168,2021111600100390,2021년 11월 16일 16시,화요일,서울특별시 은평구 갈현동,경상사고,0,0,1,0,차대사람 - 길가장자리구역통행중,안전운전불이행,포장 - 건조,맑음,교차로 - 교차로부근,승용,남,92세,상해없음,보행자,남,12세,경상
6169,2021111600100431,2021년 11월 16일 17시,화요일,서울특별시 동대문구 청량리동,중상사고,0,1,0,0,차대사람 - 횡단중,보행자보호의무위반,포장 - 건조,맑음,단일로 - 기타,승용,여,37세,상해없음,보행자,남,60세,중상
6170,2021111600100432,2021년 11월 16일 17시,화요일,서울특별시 영등포구 양평동1가,부상신고사고,0,0,0,1,차대사람 - 기타,안전운전불이행,포장 - 건조,맑음,단일로 - 기타,승용,여,40세,상해없음,보행자,남,13세,부상신고
6171,2021111600100531,2021년 11월 16일 19시,화요일,서울특별시 성동구 행당동,중상사고,0,1,0,0,차대사람 - 기타,안전운전불이행,포장 - 건조,맑음,교차로 - 교차로안,승용,남,58세,상해없음,보행자,남,69세,중상
6172,2021111600100532,2021년 11월 16일 19시,화요일,서울특별시 금천구 독산동,사망사고,1,0,0,0,차대사람 - 차도통행중,과속,포장 - 건조,맑음,단일로 - 기타,승용,남,44세,상해없음,보행자,남,80세,사망
6173,2021111600100533,2021년 11월 16일 19시,화요일,서울특별시 강서구 내발산동,경상사고,0,0,1,0,차대사람 - 기타,안전운전불이행,포장 - 건조,맑음,교차로 - 교차로안,승용,남,43세,상해없음,보행자,남,44세,경상
6174,2021111600100568,2021년 11월 16일 20시,화요일,서울특별시 강남구 청담동,경상사고,0,0,1,0,차대사람 - 기타,안전운전불이행,포장 - 건조,맑음,주차장 - 주차장,승용,남,49세,상해없음,보행자,남,21세,경상
6175,2021111700100018,2021년 11월 17일 02시,수요일,서울특별시 서초구 방배동,경상사고,0,0,1,0,차대사람 - 기타,안전운전불이행,포장 - 건조,맑음,기타 - 기타,승용,남,28세,상해없음,보행자,남,52세,경상
6176,2021111700100039,2021년 11월 17일 06시,수요일,서울특별시 서대문구 남가좌동,경상사고,0,0,1,0,차대사람 - 횡단중,보행자보호의무위반,포장 - 건조,맑음,교차로 - 교차로안,승용,여,28세,상해없음,보행자,남,66세,경상
6177,2021111700100061,2021년 11월 17일 07시,수요일,서울특별시 강서구 화곡동,경상사고,0,0,1,0,차대사람 - 횡단중,안전운전불이행,포장 - 건조,맑음,기타 - 기타,승용,남,68세,상해없음,보행자,남,30세,경상
6178,2021111700100077,2021년 11월 17일 08시,수요일,서울특별시 강서구 방화동,중상사고,0,1,0,0,차대사람 - 길가장자리구역통행중,보행자보호의무위반,포장 - 건조,맑음,교차로 - 교차로횡단보도내,화물,남,29세,상해없음,보행자,여,74세,중상
6179,2021111700100078,2021년 11월 17일 08시,수요일,서울특별시 송파구 방이동,중상사고,0,1,0,0,차대사람 - 횡단중,보행자보호의무위반,포장 - 건조,기타,단일로 - 기타,승용,여,43세,상해없음,보행자,남,83세,중상
6180,2021111700100128,2021년 11월 17일 09시,수요일,서울특별시 서초구 서초동,중상사고,0,1,0,0,차대사람 - 차도통행중,안전운전불이행,포장 - 건조,맑음,단일로 - 기타,승용,여,25세,상해없음,보행자,남,55세,중상
6181,2021111700100160,2021년 11월 17일 10시,수요일,서울특별시 중랑구 신내동,중상사고,0,1,1,0,차대사람 - 기타,안전운전불이행,포장 - 건조,맑음,주차장 - 주차장,승용,남,81세,상해없음,보행자,여,51세,중상
6182,2021111700100242,2021년 11월 17일 12시,수요일,서울특별시 성동구 성수동1가,경상사고,0,0,1,0,차대사람 - 기타,안전운전불이행,포장 - 건조,맑음,단일로 - 기타,이륜,남,32세,상해없음,보행자,남,21세,경상
6183,2021111700100243,2021년 11월 17일 12시,수요일,서울특별시 동작구 흑석동,중상사고,0,1,0,0,차대사람 - 기타,안전운전불이행,포장 - 건조,맑음,단일로 - 기타,승용,남,34세,상해없음,보행자,여,72세,중상