,사고번호,사고일시,요일,시군구,사고내용,사망자수,중상자수,경상자수,부상신고자수,사고유형,법규위반,노면상태,기상상태,도로형태,가해운전자 차종,가해운전자 성별,가해운전자 연령,가해운전자 상해정도,피해운전자 차종,피해운전자 성별,피해운전자 연령,피해운전자 상해정도
6407,2021112800100408,2021년 11월 28일 20시,일요일,서울특별시 서대문구 연희동,경상사고,0,0,1,0,차대사람 - 횡단중,신호위반,포장 - 건조,맑음,교차로 - 교차로횡단보도내,승용,여,59세,상해없음,보행자,여,31세,경상
6408,2021112800100410,2021년 11월 28일 20시,일요일,서울특별시 성북구 석관동,부상신고사고,0,0,0,1,차대사람 - 횡단중,안전운전불이행,포장 - 건조,맑음,단일로 - 기타,승용,남,45세,상해없음,보행자,여,79세,부상신고
6409,2021112800100437,2021년 11월 28일 21시,일요일,서울특별시 서대문구 홍은동,경상사고,0,0,1,0,차대사람 - 길가장자리구역통행중,안전운전불이행,포장 - 건조,맑음,단일로 - 기타,승용,여,59세,상해없음,보행자,여,67세,경상
6410,2021112800100440,2021년 11월 28일 21시,일요일,서울특별시 양천구 신월동,경상사고,0,0,1,0,차대사람 - 기타,신호위반,포장 - 건조,맑음,단일로 - 기타,승용,남,49세,상해없음,보행자,여,60세,경상
6411,2021112800100458,2021년 11월 28일 22시,일요일,서울특별시 강동구 길동,경상사고,0,0,1,0,차대사람 - 기타,안전운전불이행,포장 - 건조,맑음,교차로 - 교차로부근,승용,남,60세,상해없음,보행자,남,41세,경상
6412,2021112800100459,2021년 11월 28일 22시,일요일,서울특별시 송파구 잠실동,중상사고,0,1,1,0,차대사람 - 길가장자리구역통행중,안전운전불이행,포장 - 건조,맑음,교차로 - 교차로안,승용,남,19세,상해없음,보행자,여,45세,중상
6413,2021112800100474,2021년 11월 28일 23시,일요일,서울특별시 성북구 동선동1가,경상사고,0,0,1,0,차대사람 - 횡단중,안전운전불이행,포장 - 건조,맑음,단일로 - 기타,이륜,남,26세,상해없음,보행자,남,27세,경상
6414,2021112900100010,2021년 11월 29일 01시,월요일,서울특별시 마포구 서교동,부상신고사고,0,0,0,1,차대사람 - 횡단중,신호위반,포장 - 건조,맑음,교차로 - 교차로횡단보도내,승용,남,73세,상해없음,보행자,남,29세,부상신고
6415,2021112900100090,2021년 11월 29일 08시,월요일,서울특별시 종로구 예지동,중상사고,0,1,0,0,차대사람 - 횡단중,안전운전불이행,포장 - 건조,맑음,단일로 - 기타,이륜,남,59세,상해없음,보행자,여,72세,중상
6416,2021112900100091,2021년 11월 29일 08시,월요일,서울특별시 은평구 역촌동,경상사고,0,0,1,0,차대사람 - 보도통행중,안전운전불이행,포장 - 건조,맑음,기타 - 기타,자전거,남,14세,상해없음,보행자,여,20세,경상
6417,2021112900100093,2021년 11월 29일 08시,월요일,서울특별시 강동구 고덕동,경상사고,0,0,1,0,차대사람 - 기타,안전운전불이행,포장 - 건조,맑음,기타 - 기타,승용,남,66세,상해없음,보행자,남,44세,경상
6418,2021112900100095,2021년 11월 29일 08시,월요일,서울특별시 노원구 월계동,중상사고,0,1,0,0,차대사람 - 횡단중,보행자보호의무위반,포장 - 건조,맑음,교차로 - 교차로횡단보도내,승용,남,72세,상해없음,보행자,여,69세,중상
6419,2021112900100229,2021년 11월 29일 12시,월요일,서울특별시 중구 남대문로1가,경상사고,0,0,1,0,차대사람 - 횡단중,보행자보호의무위반,포장 - 건조,맑음,단일로 - 기타,승용,남,42세,상해없음,보행자,남,37세,경상
6420,2021112900100259,2021년 11월 29일 13시,월요일,서울특별시 중랑구 상봉동,경상사고,0,0,1,0,차대사람 - 기타,보행자보호의무위반,포장 - 건조,맑음,교차로 - 교차로부근,승용,남,32세,상해없음,보행자,여,22세,경상
6421,2021112900100293,2021년 11월 29일 14시,월요일,서울특별시 서대문구 홍은동,경상사고,0,0,1,0,차대사람 - 횡단중,안전운전불이행,포장 - 건조,맑음,교차로 - 교차로안,승용,남,48세,상해없음,보행자,여,15세,경상
6422,2021112900100342,2021년 11월 29일 15시,월요일,서울특별시 성동구 성수동1가,중상사고,0,1,0,0,차대사람 - 기타,안전운전불이행,포장 - 건조,맑음,교차로 - 교차로부근,화물,남,63세,상해없음,보행자,여,28세,중상
6423,2021112900100386,2021년 11월 29일 16시,월요일,서울특별시 강북구 미아동,경상사고,0,0,1,0,차대사람 - 기타,안전운전불이행,포장 - 건조,맑음,교차로 - 교차로안,화물,남,69세,상해없음,보행자,남,13세,경상
6424,2021112900100387,2021년 11월 29일 16시,월요일,서울특별시 강남구 청담동,경상사고,0,0,1,0,차대사람 - 횡단중,안전운전불이행,포장 - 건조,맑음,교차로 - 교차로안,승용,남,27세,상해없음,보행자,여,45세,경상
6425,2021112900100390,2021년 11월 29일 16시,월요일,서울특별시 강남구 대치동,중상사고,0,1,0,0,차대사람 - 기타,안전운전불이행,포장 - 건조,맑음,단일로 - 기타,승용,여,65세,상해없음,보행자,여,89세,중상
6426,2021112900100425,2021년 11월 29일 17시,월요일,서울특별시 중랑구 면목동,경상사고,0,0,1,0,차대사람 - 기타,기타,포장 - 건조,맑음,단일로 - 기타,승용,남,65세,상해없음,보행자,남,51세,경상
6427,2021112900100426,2021년 11월 29일 17시,월요일,서울특별시 관악구 신림동,중상사고,0,1,0,0,차대사람 - 횡단중,안전운전불이행,포장 - 건조,맑음,교차로 - 교차로안,승합,남,63세,상해없음,보행자,남,74세,중상
6428,2021112900100478,2021년 11월 29일 18시,월요일,서울특별시 관악구 봉천동,경상사고,0,0,1,0,차대사람 - 횡단중,안전운전불이행,포장 - 건조,맑음,교차로 - 교차로횡단보도내,개인형이동수단(PM),남,31세,상해없음,보행자,여,29세,경상
6429,2021112900100479,2021년 11월 29일 18시,월요일,서울특별시 구로구 구로동,중상사고,0,1,0,0,차대사람 - 보도통행중,보행자보호의무위반,포장 - 건조,맑음,교차로 - 교차로횡단보도내,화물,남,55세,상해없음,보행자,남,16세,중상
6430,2021112900100529,2021년 11월 29일 19시,월요일,서울특별시 동작구 대방동,경상사고,0,0,1,0,차대사람 - 기타,기타,포장 - 건조,맑음,단일로 - 기타,승합,남,41세,상해없음,보행자,여,65세,경상
6431,2021112900100563,2021년 11월 29일 20시,월요일,서울특별시 동대문구 이문동,경상사고,0,0,1,0,차대사람 - 기타,안전운전불이행,포장 - 건조,맑음,기타 - 기타,승합,남,44세,상해없음,보행자,여,71세,경상
6432,2021112900100611,2021년 11월 29일 22시,월요일,서울특별시 종로구 종로3가,경상사고,0,0,1,0,차대사람 - 횡단중,신호위반,포장 - 기타,맑음,단일로 - 기타,이륜,남,21세,상해없음,보행자,여,53세,경상
6433,2021112900100612,2021년 11월 29일 22시,월요일,서울특별시 성북구 성북동,경상사고,0,0,1,0,차대사람 - 기타,중앙선침범,포장 - 건조,맑음,단일로 - 기타,승용,여,35세,상해없음,보행자,여,48세,경상
6434,2021112900100613,2021년 11월 29일 22시,월요일,서울특별시 동작구 신대방동,부상신고사고,0,0,0,1,차대사람 - 기타,안전운전불이행,포장 - 건조,맑음,단일로 - 기타,승합,남,34세,상해없음,보행자,남,67세,부상신고
6435,2021112900100615,2021년 11월 29일 22시,월요일,서울특별시 구로구 개봉동,경상사고,0,0,1,0,차대사람 - 보도통행중,기타,포장 - 건조,맑음,교차로 - 교차로안,승용,남,48세,상해없음,보행자,남,50세,경상
6436,2021113000100025,2021년 11월 30일 05시,화요일,서울특별시 중랑구 상봉동,중상사고,0,1,0,0,차대사람 - 횡단중,안전운전불이행,포장 - 젖음/습기,비,단일로 - 기타,승용,남,56세,상해없음,보행자,남,61세,중상
6437,2021113000100026,2021년 11월 30일 05시,화요일,서울특별시 관악구 신림동,중상사고,0,1,0,0,차대사람 - 횡단중,신호위반,포장 - 젖음/습기,비,단일로 - 기타,화물,남,53세,상해없음,보행자,남,42세,중상
6438,2021113000100036,2021년 11월 30일 06시,화요일,서울특별시 강서구 가양동,경상사고,0,0,1,0,차대사람 - 기타,안전운전불이행,포장 - 젖음/습기,비,기타 - 기타,기타불명,기타불명,미분류,기타불명,보행자,여,32세,경상
6439,2021113000100039,2021년 11월 30일 06시,화요일,서울특별시 서초구 우면동,부상신고사고,0,0,0,1,차대사람 - 차도통행중,기타,포장 - 젖음/습기,비,교차로 - 교차로부근,화물,남,45세,상해없음,보행자,남,61세,부상신고
6440,2021113000100076,2021년 11월 30일 07시,화요일,서울특별시 송파구 신천동,중상사고,0,1,0,0,차대사람 - 횡단중,보행자보호의무위반,포장 - 건조,맑음,단일로 - 기타,승용,남,28세,상해없음,보행자,여,31세,중상
6441,2021113000100077,2021년 11월 30일 07시,화요일,서울특별시 구로구 구로동,중상사고,0,1,0,0,차대사람 - 길가장자리구역통행중,안전운전불이행,포장 - 젖음/습기,흐림,단일로 - 터널,승용,남,25세,상해없음,보행자,여,66세,중상
6442,2021113000100078,2021년 11월 30일 07시,화요일,서울특별시 노원구 상계동,부상신고사고,0,0,0,1,차대사람 - 횡단중,안전운전불이행,포장 - 젖음/습기,비,교차로 - 교차로안,승용,남,47세,상해없음,보행자,여,53세,부상신고
6443,2021113000100111,2021년 11월 30일 08시,화요일,서울특별시 송파구 송파동,경상사고,0,0,1,0,차대사람 - 기타,안전운전불이행,포장 - 건조,맑음,단일로 - 기타,승용,남,67세,상해없음,보행자,여,63세,경상
6444,2021113000100166,2021년 11월 30일 09시,화요일,서울특별시 구로구 구로동,경상사고,0,0,1,0,차대사람 - 횡단중,보행자보호의무위반,포장 - 젖음/습기,비,단일로 - 기타,승용,남,66세,상해없음,보행자,여,25세,경상
6445,2021113000100197,2021년 11월 30일 10시,화요일,서울특별시 동작구 흑석동,경상사고,0,0,1,0,차대사람 - 횡단중,보행자보호의무위반,포장 - 건조,맑음,단일로 - 기타,승용,남,66세,상해없음,보행자,여,74세,경상
6446,2021113000100200,2021년 11월 30일 10시,화요일,서울특별시 노원구 상계동,경상사고,0,0,1,0,차대사람 - 기타,안전운전불이행,포장 - 젖음/습기,비,주차장 - 주차장,화물,남,57세,상해없음,보행자,여,29세,경상
6447,2021113000100353,2021년 11월 30일 15시,화요일,서울특별시 서대문구 홍제동,경상사고,0,0,1,0,차대사람 - 기타,안전운전불이행,포장 - 건조,맑음,단일로 - 기타,승용,여,29세,상해없음,보행자,여,52세,경상
6448,2021113000100354,2021년 11월 30일 15시,화요일,서울특별시 동대문구 회기동,경상사고,0,0,1,0,차대사람 - 길가장자리구역통행중,안전운전불이행,포장 - 기타,맑음,단일로 - 기타,승용,여,47세,상해없음,보행자,남,42세,경상
6449,2021113000100356,2021년 11월 30일 15시,화요일,서울특별시 구로구 개봉동,중상사고,0,1,0,0,차대사람 - 기타,안전운전불이행,포장 - 건조,맑음,단일로 - 기타,화물,남,64세,상해없음,보행자,여,79세,중상
6450,2021113000100383,2021년 11월 30일 16시,화요일,서울특별시 구로구 개봉동,경상사고,0,0,1,0,차대사람 - 기타,안전운전불이행,포장 - 젖음/습기,비,단일로 - 기타,승합,여,58세,상해없음,보행자,여,45세,경상
6451,2021113000100483,2021년 11월 30일 18시,화요일,서울특별시 은평구 진관동,중상사고,0,1,0,0,차대사람 - 기타,안전운전불이행,포장 - 건조,맑음,단일로 - 기타,승용,여,57세,상해없음,보행자,남,49세,중상
6452,2021113000100613,2021년 11월 30일 21시,화요일,서울특별시 구로구 가리봉동,경상사고,0,0,1,0,차대사람 - 기타,안전운전불이행,포장 - 건조,맑음,단일로 - 기타,승용,남,40세,상해없음,보행자,남,54세,경상
6453,2021113000100615,2021년 11월 30일 21시,화요일,서울특별시 은평구 대조동,부상신고사고,0,0,0,1,차대사람 - 기타,안전운전불이행,포장 - 건조,맑음,단일로 - 기타,승용,남,20세,상해없음,보행자,여,56세,부상신고
6454,2021120100100016,2021년 12월 1일 01시,수요일,서울특별시 구로구 구로동,경상사고,0,0,1,0,차대사람 - 길가장자리구역통행중,안전운전불이행,포장 - 건조,맑음,단일로 - 기타,승용,남,19세,상해없음,보행자,남,27세,경상
6455,2021120100100091,2021년 12월 1일 08시,수요일,서울특별시 송파구 문정동,경상사고,0,0,1,0,차대사람 - 보도통행중,보행자보호의무위반,포장 - 건조,맑음,기타 - 기타,화물,남,66세,상해없음,보행자,여,48세,경상
6456,2021120100100092,2021년 12월 1일 08시,수요일,서울특별시 도봉구 창동,경상사고,0,0,1,0,차대사람 - 횡단중,보행자보호의무위반,포장 - 건조,맑음,교차로 - 교차로횡단보도내,승용,여,44세,상해없음,보행자,남,15세,경상
6457,2021120100100132,2021년 12월 1일 09시,수요일,서울특별시 서초구 잠원동,중상사고,0,1,0,0,차대사람 - 보도통행중,보행자보호의무위반,포장 - 건조,맑음,교차로 - 교차로횡단보도내,승용,여,41세,상해없음,보행자,여,52세,중상
6458,2021120100100169,2021년 12월 1일 10시,수요일,서울특별시 동대문구 회기동,경상사고,0,0,1,0,차대사람 - 길가장자리구역통행중,안전운전불이행,포장 - 건조,맑음,단일로 - 기타,승용,남,70세,상해없음,보행자,남,23세,경상
6459,2021120100100173,2021년 12월 1일 10시,수요일,서울특별시 강남구 압구정동,경상사고,0,0,2,0,차대사람 - 횡단중,안전운전불이행,포장 - 기타,기타,미분류 - 미분류,이륜,남,32세,경상,보행자,여,86세,경상
6460,2021120100100175,2021년 12월 1일 10시,수요일,서울특별시 서초구 서초동,경상사고,0,0,1,0,차대사람 - 기타,안전운전불이행,포장 - 건조,맑음,단일로 - 기타,승합,남,60세,상해없음,보행자,남,28세,경상
6461,2021120100100201,2021년 12월 1일 11시,수요일,서울특별시 동대문구 휘경동,중상사고,0,1,0,0,차대사람 - 보도통행중,보행자보호의무위반,포장 - 건조,맑음,단일로 - 기타,화물,남,39세,상해없음,보행자,여,50세,중상
6462,2021120100100202,2021년 12월 1일 11시,수요일,서울특별시 동작구 상도동,경상사고,0,0,1,0,차대사람 - 기타,안전운전불이행,포장 - 건조,맑음,단일로 - 기타,승합,남,47세,상해없음,보행자,여,78세,경상
6463,2021120100100231,2021년 12월 1일 12시,수요일,서울특별시 영등포구 대림동,경상사고,0,0,1,0,차대사람 - 기타,기타,포장 - 건조,맑음,단일로 - 기타,승합,남,50세,상해없음,보행자,여,52세,경상
6464,2021120100100232,2021년 12월 1일 12시,수요일,서울특별시 관악구 신림동,중상사고,0,1,0,0,차대사람 - 기타,안전운전불이행,포장 - 건조,맑음,단일로 - 기타,승용,여,60세,상해없음,보행자,여,66세,중상
6465,2021120100100285,2021년 12월 1일 14시,수요일,서울특별시 강동구 명일동,중상사고,0,1,0,0,차대사람 - 횡단중,신호위반,포장 - 건조,맑음,교차로 - 교차로횡단보도내,이륜,남,58세,상해없음,보행자,남,59세,중상
6466,2021120100100357,2021년 12월 1일 16시,수요일,서울특별시 마포구 합정동,경상사고,0,0,1,0,차대사람 - 기타,안전운전불이행,포장 - 건조,맑음,단일로 - 기타,승용,여,33세,상해없음,보행자,남,43세,경상
6467,2021120100100358,2021년 12월 1일 16시,수요일,서울특별시 성동구 행당동,경상사고,0,0,1,0,차대사람 - 기타,안전운전불이행,포장 - 건조,맑음,교차로 - 교차로안,화물,남,47세,상해없음,보행자,남,71세,경상
6468,2021120100100359,2021년 12월 1일 16시,수요일,서울특별시 중랑구 면목동,경상사고,0,0,1,0,차대사람 - 횡단중,안전운전불이행,포장 - 건조,맑음,교차로 - 교차로부근,승용,남,58세,상해없음,보행자,여,19세,경상
6469,2021120100100361,2021년 12월 1일 16시,수요일,서울특별시 강남구 수서동,경상사고,0,0,1,0,차대사람 - 차도통행중,안전운전불이행,포장 - 건조,맑음,단일로 - 기타,특수,남,57세,상해없음,보행자,남,3세,경상
6470,2021120100100385,2021년 12월 1일 17시,수요일,서울특별시 중구 신당동,사망사고,1,0,0,0,차대사람 - 횡단중,안전운전불이행,포장 - 건조,맑음,단일로 - 기타,승용,남,77세,상해없음,보행자,여,71세,사망
6471,2021120100100387,2021년 12월 1일 17시,수요일,서울특별시 금천구 독산동,중상사고,0,1,0,0,차대사람 - 기타,보행자보호의무위반,포장 - 건조,맑음,교차로 - 교차로안,승용,여,35세,상해없음,보행자,여,78세,중상
6472,2021120100100388,2021년 12월 1일 17시,수요일,서울특별시 관악구 봉천동,경상사고,0,0,1,0,차대사람 - 기타,안전운전불이행,포장 - 건조,맑음,기타 - 기타,승용,여,35세,상해없음,보행자,여,31세,경상
6473,2021120100100389,2021년 12월 1일 17시,수요일,서울특별시 서초구 서초동,경상사고,0,0,1,0,차대사람 - 횡단중,보행자보호의무위반,포장 - 건조,맑음,교차로 - 교차로횡단보도내,승용,여,76세,상해없음,보행자,남,71세,경상
6474,2021120100100391,2021년 12월 1일 17시,수요일,서울특별시 노원구 상계동,경상사고,0,0,1,0,차대사람 - 기타,안전운전불이행,포장 - 건조,맑음,단일로 - 기타,화물,남,57세,기타불명,보행자,남,28세,경상
6475,2021120100100392,2021년 12월 1일 17시,수요일,서울특별시 노원구 상계동,경상사고,0,0,1,0,차대사람 - 횡단중,신호위반,포장 - 건조,맑음,교차로 - 교차로횡단보도내,승용,여,35세,상해없음,보행자,여,38세,경상
6476,2021120100100512,2021년 12월 1일 19시,수요일,서울특별시 동작구 노량진동,경상사고,0,0,1,0,차대사람 - 보도통행중,안전운전불이행,포장 - 건조,맑음,기타 - 기타,개인형이동수단(PM),남,25세,상해없음,보행자,남,23세,경상
6477,2021120100100514,2021년 12월 1일 19시,수요일,서울특별시 관악구 신림동,경상사고,0,0,1,0,차대사람 - 횡단중,신호위반,포장 - 건조,맑음,교차로 - 교차로횡단보도내,승용,남,30세,상해없음,보행자,남,54세,경상
6478,2021120100100548,2021년 12월 1일 20시,수요일,서울특별시 강남구 논현동,경상사고,0,0,1,0,차대사람 - 길가장자리구역통행중,안전운전불이행,포장 - 건조,맑음,교차로 - 교차로안,승용,남,52세,상해없음,보행자,여,27세,경상
6479,2021120100100550,2021년 12월 1일 20시,수요일,서울특별시 서초구 서초동,경상사고,0,0,1,0,차대사람 - 차도통행중,안전운전불이행,포장 - 건조,맑음,단일로 - 기타,승용,여,55세,기타불명,보행자,여,23세,경상
6480,2021120100100575,2021년 12월 1일 21시,수요일,서울특별시 동작구 사당동,중상사고,0,1,0,0,차대사람 - 기타,안전운전불이행,포장 - 건조,맑음,단일로 - 기타,화물,남,56세,상해없음,보행자,여,59세,중상
6481,2021120100100612,2021년 12월 1일 23시,수요일,서울특별시 용산구 한강로3가,중상사고,0,1,0,0,차대사람 - 횡단중,안전운전불이행,포장 - 건조,맑음,단일로 - 기타,승용,남,61세,상해없음,보행자,남,62세,중상
6482,2021120200100015,2021년 12월 2일 01시,목요일,서울특별시 강북구 번동,경상사고,0,0,1,0,차대사람 - 횡단중,신호위반,포장 - 건조,맑음,교차로 - 교차로부근,이륜,남,26세,기타불명,보행자,남,20세,경상
6483,2021120200100031,2021년 12월 2일 05시,목요일,서울특별시 노원구 월계동,경상사고,0,0,1,0,차대사람 - 차도통행중,신호위반,포장 - 건조,맑음,교차로 - 교차로안,승용,남,56세,상해없음,보행자,남,58세,경상
6484,2021120200100064,2021년 12월 2일 07시,목요일,서울특별시 도봉구 창동,중상사고,0,1,0,0,차대사람 - 기타,안전운전불이행,포장 - 건조,맑음,교차로 - 교차로안,승용,남,67세,상해없음,보행자,남,20세,중상
6485,2021120200100092,2021년 12월 2일 08시,목요일,서울특별시 강남구 논현동,경상사고,0,0,1,0,차대사람 - 기타,안전운전불이행,포장 - 건조,맑음,단일로 - 기타,승용,남,55세,상해없음,보행자,여,44세,경상
6486,2021120200100094,2021년 12월 2일 08시,목요일,서울특별시 양천구 신정동,경상사고,0,0,1,0,차대사람 - 기타,안전운전불이행,포장 - 건조,맑음,교차로 - 교차로안,승용,여,53세,상해없음,보행자,남,68세,경상
6487,2021120200100136,2021년 12월 2일 09시,목요일,서울특별시 강동구 명일동,중상사고,0,1,0,0,차대사람 - 기타,안전운전불이행,포장 - 건조,맑음,단일로 - 기타,화물,남,41세,상해없음,보행자,여,88세,중상
6488,2021120200100161,2021년 12월 2일 10시,목요일,서울특별시 용산구 한남동,경상사고,0,0,1,0,차대사람 - 보도통행중,안전운전불이행,포장 - 건조,맑음,기타 - 기타,승합,남,47세,상해없음,보행자,여,75세,경상
6489,2021120200100162,2021년 12월 2일 10시,목요일,서울특별시 영등포구 여의도동,경상사고,0,0,1,0,차대사람 - 기타,안전운전불이행,포장 - 건조,맑음,기타 - 기타,승용,여,70세,상해없음,보행자,남,29세,경상
6490,2021120200100200,2021년 12월 2일 11시,목요일,서울특별시 동대문구 신설동,경상사고,0,0,1,0,차대사람 - 횡단중,신호위반,포장 - 건조,맑음,단일로 - 기타,이륜,남,70세,상해없음,보행자,남,29세,경상
6491,2021120200100201,2021년 12월 2일 11시,목요일,서울특별시 금천구 시흥동,경상사고,0,0,1,0,차대사람 - 기타,안전운전불이행,포장 - 건조,맑음,단일로 - 기타,승용,여,46세,상해없음,보행자,여,80세,경상
6492,2021120200100202,2021년 12월 2일 11시,목요일,서울특별시 강남구 역삼동,중상사고,0,1,0,0,차대사람 - 횡단중,보행자보호의무위반,포장 - 건조,맑음,단일로 - 기타,승용,여,30세,상해없음,보행자,여,55세,중상
6493,2021120200100229,2021년 12월 2일 12시,목요일,서울특별시 송파구 문정동,경상사고,0,0,1,0,차대사람 - 차도통행중,안전운전불이행,포장 - 건조,맑음,단일로 - 기타,승용,여,44세,상해없음,보행자,여,31세,경상
6494,2021120200100297,2021년 12월 2일 14시,목요일,서울특별시 동대문구 용두동,부상신고사고,0,0,0,1,차대사람 - 기타,기타,포장 - 건조,맑음,기타 - 기타,자전거,여,60세,부상신고,보행자,남,56세,상해없음
6495,2021120200100298,2021년 12월 2일 14시,목요일,서울특별시 성북구 장위동,중상사고,0,1,0,0,차대사람 - 보도통행중,기타,포장 - 건조,맑음,단일로 - 기타,화물,남,48세,상해없음,보행자,여,75세,중상
6496,2021120200100407,2021년 12월 2일 17시,목요일,서울특별시 송파구 잠실동,중상사고,0,1,0,0,차대사람 - 기타,안전운전불이행,포장 - 건조,맑음,단일로 - 기타,승용,여,68세,상해없음,보행자,남,35세,중상
6497,2021120200100450,2021년 12월 2일 18시,목요일,서울특별시 영등포구 여의도동,경상사고,0,0,1,0,차대사람 - 횡단중,보행자보호의무위반,포장 - 건조,맑음,교차로 - 교차로부근,승용,남,51세,상해없음,보행자,남,26세,경상
6498,2021120200100453,2021년 12월 2일 18시,목요일,서울특별시 강남구 청담동,부상신고사고,0,0,0,1,차대사람 - 기타,안전운전불이행,포장 - 건조,맑음,단일로 - 기타,승용,여,54세,상해없음,보행자,남,55세,부상신고
6499,2021120200100454,2021년 12월 2일 18시,목요일,서울특별시 송파구 마천동,경상사고,0,0,1,0,차대사람 - 기타,안전운전불이행,포장 - 건조,맑음,단일로 - 기타,승용,남,48세,상해없음,보행자,남,47세,경상
6500,2021120200100456,2021년 12월 2일 18시,목요일,서울특별시 구로구 고척동,중상사고,0,1,0,0,차대사람 - 보도통행중,신호위반,포장 - 건조,맑음,교차로 - 교차로횡단보도내,승합,남,60세,상해없음,보행자,남,57세,중상
6501,2021120200100457,2021년 12월 2일 18시,목요일,서울특별시 서초구 방배동,경상사고,0,0,1,0,차대사람 - 보도통행중,안전운전불이행,포장 - 건조,맑음,기타 - 기타,개인형이동수단(PM),여,22세,상해없음,보행자,여,36세,경상
6502,2021120200100514,2021년 12월 2일 19시,목요일,서울특별시 동작구 상도동,경상사고,0,0,1,0,차대사람 - 기타,보행자보호의무위반,포장 - 건조,기타,기타 - 기타,승용,여,63세,상해없음,보행자,남,33세,경상
6503,2021120200100516,2021년 12월 2일 19시,목요일,서울특별시 강서구 내발산동,경상사고,0,0,1,0,차대사람 - 기타,안전운전불이행,포장 - 건조,흐림,단일로 - 기타,기타불명,기타불명,미분류,기타불명,보행자,남,7세,경상
6504,2021120200100517,2021년 12월 2일 19시,목요일,서울특별시 송파구 석촌동,경상사고,0,0,1,0,차대사람 - 기타,안전운전불이행,포장 - 건조,맑음,단일로 - 기타,승용,남,56세,상해없음,보행자,남,77세,경상
6505,2021120200100518,2021년 12월 2일 19시,목요일,서울특별시 서초구 반포동,중상사고,0,1,0,0,차대사람 - 차도통행중,안전운전불이행,포장 - 젖음/습기,흐림,기타 - 기타,승합,남,61세,상해없음,보행자,남,48세,중상
6506,2021120200100574,2021년 12월 2일 21시,목요일,서울특별시 성동구 성수동2가,경상사고,0,0,1,0,차대사람 - 기타,안전운전불이행,포장 - 건조,맑음,교차로 - 교차로횡단보도내,승용,남,46세,상해없음,보행자,남,79세,경상
6507,2021120200100595,2021년 12월 2일 22시,목요일,서울특별시 마포구 상암동,중상사고,0,1,0,0,차대사람 - 횡단중,안전운전불이행,포장 - 젖음/습기,맑음,교차로 - 교차로안,승용,여,41세,상해없음,보행자,여,25세,중상
6508,2021120300100001,2021년 12월 3일 00시,금요일,서울특별시 마포구 노고산동,경상사고,0,0,1,0,차대사람 - 횡단중,신호위반,포장 - 젖음/습기,흐림,교차로 - 교차로안,이륜,남,25세,상해없음,보행자,여,22세,경상
6509,2021120300100002,2021년 12월 3일 00시,금요일,서울특별시 송파구 방이동,중상사고,0,2,0,0,차대사람 - 기타,신호위반,포장 - 건조,맑음,교차로 - 교차로안,이륜,남,18세,상해없음,보행자,남,31세,중상
6510,2021120300100014,2021년 12월 3일 01시,금요일,서울특별시 강남구 삼성동,중상사고,0,1,0,0,차대사람 - 기타,안전운전불이행,포장 - 건조,맑음,단일로 - 기타,승용,남,32세,상해없음,보행자,남,29세,중상
6511,2021120300100030,2021년 12월 3일 03시,금요일,서울특별시 구로구 오류동,중상사고,0,1,0,0,차대사람 - 횡단중,안전운전불이행,포장 - 건조,맑음,교차로 - 교차로횡단보도내,승용,남,46세,상해없음,보행자,남,44세,중상
6512,2021120300100032,2021년 12월 3일 04시,금요일,서울특별시 용산구 한남동,중상사고,0,2,0,0,차대사람 - 횡단중,보행자보호의무위반,포장 - 건조,맑음,단일로 - 기타,화물,남,65세,상해없음,보행자,남,36세,중상
6513,2021120300100051,2021년 12월 3일 06시,금요일,서울특별시 영등포구 양평동3가,중상사고,0,1,0,0,차대사람 - 차도통행중,안전운전불이행,포장 - 건조,맑음,교차로 - 교차로안,승용,여,33세,상해없음,보행자,남,87세,중상
6514,2021120300100134,2021년 12월 3일 08시,금요일,서울특별시 동대문구 전농동,경상사고,0,0,1,0,차대사람 - 횡단중,신호위반,포장 - 건조,맑음,교차로 - 교차로부근,승용,여,31세,상해없음,보행자,남,26세,경상
6515,2021120300100226,2021년 12월 3일 10시,금요일,서울특별시 노원구 상계동,중상사고,0,1,0,0,차대사람 - 횡단중,보행자보호의무위반,포장 - 건조,맑음,교차로 - 교차로안,승용,남,72세,상해없음,보행자,여,78세,중상
6516,2021120300100254,2021년 12월 3일 11시,금요일,서울특별시 동대문구 휘경동,경상사고,0,0,1,0,차대사람 - 차도통행중,안전운전불이행,포장 - 기타,기타,단일로 - 기타,자전거,남,78세,상해없음,보행자,여,63세,경상
6517,2021120300100260,2021년 12월 3일 11시,금요일,서울특별시 강남구 역삼동,중상사고,0,1,0,0,차대사람 - 횡단중,보행자보호의무위반,포장 - 건조,맑음,교차로 - 교차로횡단보도내,승용,남,46세,상해없음,보행자,남,72세,중상