,사고번호,사고일시,요일,시군구,사고내용,사망자수,중상자수,경상자수,부상신고자수,사고유형,법규위반,노면상태,기상상태,도로형태,가해운전자 차종,가해운전자 성별,가해운전자 연령,가해운전자 상해정도,피해운전자 차종,피해운전자 성별,피해운전자 연령,피해운전자 상해정도
6742,2021121400100202,2021년 12월 14일 13시,화요일,서울특별시 강북구 번동,경상사고,0,0,1,0,차대사람 - 횡단중,안전운전불이행,포장 - 건조,맑음,단일로 - 기타,승용,여,50세,상해없음,보행자,남,70세,경상
6743,2021121400100320,2021년 12월 14일 17시,화요일,서울특별시 강남구 역삼동,경상사고,0,0,1,0,차대사람 - 기타,안전운전불이행,포장 - 젖음/습기,비,교차로 - 교차로부근,이륜,남,18세,상해없음,보행자,여,65세,경상
6744,2021121400100323,2021년 12월 14일 17시,화요일,서울특별시 강서구 염창동,경상사고,0,0,1,0,차대사람 - 기타,안전운전불이행,포장 - 건조,맑음,단일로 - 기타,승용,남,45세,상해없음,보행자,여,54세,경상
6745,2021121400100326,2021년 12월 14일 17시,화요일,서울특별시 노원구 상계동,경상사고,0,0,1,0,차대사람 - 보도통행중,보행자보호의무위반,포장 - 젖음/습기,비,교차로 - 교차로횡단보도내,승용,여,54세,상해없음,보행자,남,14세,경상
6746,2021121400100374,2021년 12월 14일 18시,화요일,서울특별시 성북구 동선동1가,경상사고,0,0,1,0,차대사람 - 길가장자리구역통행중,안전운전불이행,포장 - 젖음/습기,비,단일로 - 기타,승용,여,33세,상해없음,보행자,여,16세,경상
6747,2021121400100376,2021년 12월 14일 18시,화요일,서울특별시 동작구 상도동,중상사고,0,1,0,0,차대사람 - 횡단중,신호위반,포장 - 젖음/습기,비,교차로 - 교차로횡단보도내,승용,남,56세,상해없음,보행자,남,68세,중상
6748,2021121400100377,2021년 12월 14일 18시,화요일,서울특별시 관악구 신림동,경상사고,0,0,2,0,차대사람 - 횡단중,보행자보호의무위반,포장 - 건조,맑음,단일로 - 기타,원동기,남,21세,상해없음,보행자,남,28세,경상
6749,2021121400100379,2021년 12월 14일 18시,화요일,서울특별시 강남구 역삼동,경상사고,0,0,1,0,차대사람 - 횡단중,안전운전불이행,포장 - 젖음/습기,비,교차로 - 교차로안,화물,남,61세,기타불명,보행자,남,45세,경상
6750,2021121400100381,2021년 12월 14일 18시,화요일,서울특별시 구로구 고척동,중상사고,0,1,0,0,차대사람 - 기타,안전운전불이행,포장 - 건조,맑음,단일로 - 기타,화물,남,30세,상해없음,보행자,여,43세,중상
6751,2021121400100440,2021년 12월 14일 19시,화요일,서울특별시 송파구 석촌동,경상사고,0,0,1,0,차대사람 - 횡단중,안전운전불이행,포장 - 젖음/습기,비,단일로 - 기타,기타불명,기타불명,미분류,기타불명,보행자,여,50세,경상
6752,2021121400100477,2021년 12월 14일 20시,화요일,서울특별시 강남구 논현동,경상사고,0,0,1,0,차대사람 - 차도통행중,교차로운행방법위반,포장 - 기타,기타,기타 - 기타,승용,남,34세,상해없음,보행자,여,69세,경상
6753,2021121400100528,2021년 12월 14일 22시,화요일,서울특별시 영등포구 문래동3가,중상사고,0,1,0,0,차대사람 - 기타,신호위반,포장 - 건조,맑음,교차로 - 교차로안,승용,남,49세,상해없음,보행자,남,51세,중상
6754,2021121500100042,2021년 12월 15일 05시,수요일,서울특별시 도봉구 창동,경상사고,0,0,1,0,차대사람 - 횡단중,안전운전불이행,포장 - 젖음/습기,비,교차로 - 교차로횡단보도내,승용,여,46세,상해없음,보행자,여,27세,경상
6755,2021121500100053,2021년 12월 15일 06시,수요일,서울특별시 강북구 번동,사망사고,1,0,0,0,차대사람 - 기타,안전운전불이행,포장 - 젖음/습기,비,단일로 - 기타,건설기계,남,46세,상해없음,보행자,남,47세,사망
6756,2021121500100074,2021년 12월 15일 07시,수요일,서울특별시 종로구 평동,경상사고,0,0,1,0,차대사람 - 횡단중,보행자보호의무위반,포장 - 건조,맑음,교차로 - 교차로횡단보도내,승용,남,62세,상해없음,보행자,남,39세,경상
6757,2021121500100075,2021년 12월 15일 07시,수요일,서울특별시 영등포구 여의도동,경상사고,0,0,1,0,차대사람 - 보도통행중,보행자보호의무위반,포장 - 젖음/습기,비,단일로 - 기타,승용,남,63세,상해없음,보행자,남,35세,경상
6758,2021121500100076,2021년 12월 15일 07시,수요일,서울특별시 관악구 봉천동,사망사고,1,0,0,0,차대사람 - 횡단중,안전운전불이행,포장 - 젖음/습기,비,단일로 - 기타,승용,남,49세,상해없음,보행자,여,79세,사망
6759,2021121500100108,2021년 12월 15일 08시,수요일,서울특별시 서대문구 대현동,경상사고,0,0,1,0,차대사람 - 기타,안전운전불이행,포장 - 건조,맑음,교차로 - 교차로부근,승용,남,55세,상해없음,보행자,남,74세,경상
6760,2021121500100141,2021년 12월 15일 09시,수요일,서울특별시 성동구 사근동,경상사고,0,0,1,0,차대사람 - 기타,안전운전불이행,포장 - 건조,맑음,주차장 - 주차장,승용,남,63세,기타불명,보행자,남,62세,경상
6761,2021121500100194,2021년 12월 15일 11시,수요일,서울특별시 관악구 봉천동,중상사고,0,1,0,0,차대사람 - 기타,안전운전불이행,포장 - 건조,맑음,교차로 - 교차로부근,화물,남,65세,상해없음,보행자,남,29세,중상
6762,2021121500100195,2021년 12월 15일 11시,수요일,서울특별시 강남구 청담동,부상신고사고,0,0,0,1,차대사람 - 기타,안전운전불이행,포장 - 건조,맑음,단일로 - 기타,승용,여,27세,상해없음,보행자,여,48세,부상신고
6763,2021121500100229,2021년 12월 15일 12시,수요일,서울특별시 성동구 행당동,경상사고,0,0,1,0,차대사람 - 기타,안전운전불이행,포장 - 건조,맑음,단일로 - 기타,이륜,남,36세,상해없음,보행자,남,43세,경상
6764,2021121500100258,2021년 12월 15일 13시,수요일,서울특별시 서초구 서초동,경상사고,0,0,1,0,차대사람 - 차도통행중,안전운전불이행,포장 - 건조,맑음,단일로 - 기타,승용,남,25세,상해없음,보행자,남,32세,경상
6765,2021121500100283,2021년 12월 15일 14시,수요일,서울특별시 양천구 신월동,경상사고,0,0,1,0,차대사람 - 보도통행중,안전운전불이행,포장 - 건조,맑음,단일로 - 기타,승용,남,72세,상해없음,보행자,여,39세,경상
6766,2021121500100363,2021년 12월 15일 17시,수요일,서울특별시 강서구 방화동,경상사고,0,0,1,0,차대사람 - 기타,안전운전불이행,포장 - 건조,맑음,기타 - 기타,승용,남,24세,상해없음,보행자,여,17세,경상
6767,2021121500100409,2021년 12월 15일 18시,수요일,서울특별시 금천구 시흥동,경상사고,0,0,1,0,차대사람 - 기타,안전운전불이행,포장 - 건조,맑음,단일로 - 기타,승합,남,64세,상해없음,보행자,여,64세,경상
6768,2021121500100413,2021년 12월 15일 18시,수요일,서울특별시 관악구 신림동,경상사고,0,0,1,0,차대사람 - 보도통행중,안전운전불이행,포장 - 건조,맑음,기타 - 기타,개인형이동수단(PM),남,24세,상해없음,보행자,남,29세,경상
6769,2021121500100538,2021년 12월 15일 20시,수요일,서울특별시 서초구 우면동,경상사고,0,0,2,0,차대사람 - 횡단중,보행자보호의무위반,포장 - 건조,맑음,교차로 - 교차로횡단보도내,승용,남,65세,상해없음,보행자,남,34세,경상
6770,2021121500100563,2021년 12월 15일 21시,수요일,서울특별시 노원구 상계동,중상사고,0,1,0,0,차대사람 - 보도통행중,안전운전불이행,포장 - 건조,맑음,단일로 - 기타,자전거,남,34세,상해없음,보행자,여,51세,중상
6771,2021121500100585,2021년 12월 15일 22시,수요일,서울특별시 은평구 녹번동,경상사고,0,0,1,0,차대사람 - 기타,안전운전불이행,포장 - 건조,맑음,단일로 - 기타,승합,남,61세,상해없음,보행자,남,45세,경상
6772,2021121600100001,2021년 12월 16일 00시,목요일,서울특별시 강북구 번동,경상사고,0,0,1,0,차대사람 - 횡단중,신호위반,포장 - 건조,맑음,교차로 - 교차로횡단보도내,승용,남,63세,상해없음,보행자,남,27세,경상
6773,2021121600100004,2021년 12월 16일 00시,목요일,서울특별시 강남구 신사동,경상사고,0,0,1,0,차대사람 - 기타,안전운전불이행,포장 - 건조,맑음,단일로 - 기타,승용,남,29세,상해없음,보행자,여,26세,경상
6774,2021121600100005,2021년 12월 16일 00시,목요일,서울특별시 송파구 거여동,중상사고,0,1,0,0,차대사람 - 차도통행중,안전운전불이행,포장 - 건조,맑음,교차로 - 교차로부근,승용,남,60세,상해없음,보행자,남,66세,중상
6775,2021121600100055,2021년 12월 16일 07시,목요일,서울특별시 송파구 문정동,경상사고,0,0,1,0,차대사람 - 보도통행중,보행자보호의무위반,포장 - 건조,맑음,교차로 - 교차로안,승용,여,67세,상해없음,보행자,여,27세,경상
6776,2021121600100134,2021년 12월 16일 10시,목요일,서울특별시 동대문구 이문동,경상사고,0,0,1,0,차대사람 - 보도통행중,기타,포장 - 건조,맑음,단일로 - 기타,화물,남,62세,상해없음,보행자,여,85세,경상
6777,2021121600100168,2021년 12월 16일 11시,목요일,서울특별시 서초구 방배동,중상사고,0,1,0,0,차대사람 - 횡단중,신호위반,포장 - 건조,맑음,단일로 - 기타,승용,남,63세,상해없음,보행자,여,62세,중상
6778,2021121600100193,2021년 12월 16일 12시,목요일,서울특별시 영등포구 영등포동4가,중상사고,0,1,0,0,차대사람 - 기타,안전운전불이행,포장 - 기타,기타,기타 - 기타,건설기계,남,39세,상해없음,보행자,여,76세,중상
6779,2021121600100196,2021년 12월 16일 12시,목요일,서울특별시 송파구 방이동,중상사고,0,1,0,0,차대사람 - 기타,안전운전불이행,포장 - 건조,맑음,단일로 - 기타,승용,남,64세,상해없음,보행자,여,72세,중상
6780,2021121600100197,2021년 12월 16일 12시,목요일,서울특별시 송파구 가락동,중상사고,0,1,0,0,차대사람 - 기타,안전운전불이행,포장 - 건조,맑음,교차로 - 교차로안,승용,남,68세,상해없음,보행자,남,64세,중상
6781,2021121600100220,2021년 12월 16일 13시,목요일,서울특별시 강남구 신사동,경상사고,0,0,1,0,차대사람 - 길가장자리구역통행중,안전운전불이행,포장 - 건조,맑음,단일로 - 기타,승용,여,31세,기타불명,보행자,여,10세,경상
6782,2021121600100221,2021년 12월 16일 13시,목요일,서울특별시 강남구 삼성동,경상사고,0,0,1,0,차대사람 - 길가장자리구역통행중,안전운전불이행,포장 - 건조,맑음,단일로 - 기타,승용,여,28세,상해없음,보행자,여,32세,경상
6783,2021121600100244,2021년 12월 16일 14시,목요일,서울특별시 중랑구 중화동,부상신고사고,0,0,0,1,차대사람 - 차도통행중,안전운전불이행,포장 - 건조,맑음,단일로 - 기타,승용,남,62세,상해없음,보행자,남,9세,부상신고
6784,2021121600100245,2021년 12월 16일 14시,목요일,서울특별시 송파구 문정동,중상사고,0,1,0,0,차대사람 - 횡단중,안전운전불이행,포장 - 건조,맑음,교차로 - 교차로안,승용,남,35세,상해없음,보행자,여,61세,중상
6785,2021121600100275,2021년 12월 16일 15시,목요일,서울특별시 성북구 하월곡동,경상사고,0,0,1,0,차대사람 - 기타,안전운전불이행,포장 - 건조,맑음,교차로 - 교차로부근,화물,남,53세,상해없음,보행자,남,35세,경상
6786,2021121600100326,2021년 12월 16일 17시,목요일,서울특별시 동작구 사당동,부상신고사고,0,0,0,1,차대사람 - 기타,안전운전불이행,포장 - 건조,맑음,교차로 - 교차로안,화물,남,52세,상해없음,보행자,남,59세,부상신고
6787,2021121600100375,2021년 12월 16일 18시,목요일,서울특별시 성북구 동소문동1가,경상사고,0,0,1,0,차대사람 - 기타,신호위반,포장 - 건조,맑음,교차로 - 교차로안,승용,남,68세,상해없음,보행자,남,37세,경상
6788,2021121600100376,2021년 12월 16일 18시,목요일,서울특별시 강북구 수유동,부상신고사고,0,0,0,1,차대사람 - 길가장자리구역통행중,안전운전불이행,포장 - 건조,맑음,단일로 - 기타,승용,여,66세,상해없음,보행자,남,46세,부상신고
6789,2021121600100494,2021년 12월 16일 22시,목요일,서울특별시 관악구 봉천동,경상사고,0,0,1,0,차대사람 - 기타,안전운전불이행,포장 - 건조,맑음,단일로 - 기타,이륜,남,23세,상해없음,보행자,남,37세,경상
6790,2021121700100003,2021년 12월 17일 00시,금요일,서울특별시 서초구 방배동,중상사고,0,1,0,0,차대사람 - 차도통행중,안전운전불이행,포장 - 건조,맑음,단일로 - 기타,화물,남,33세,상해없음,보행자,남,30세,중상
6791,2021121700100051,2021년 12월 17일 06시,금요일,서울특별시 영등포구 영등포동,중상사고,0,1,0,0,차대사람 - 기타,신호위반,포장 - 건조,맑음,단일로 - 기타,승용,남,54세,상해없음,보행자,여,70세,중상
6792,2021121700100090,2021년 12월 17일 08시,금요일,서울특별시 강북구 미아동,중상사고,0,1,0,0,차대사람 - 기타,안전운전불이행,포장 - 건조,맑음,교차로 - 교차로안,승용,남,42세,상해없음,보행자,남,71세,중상
6793,2021121700100119,2021년 12월 17일 09시,금요일,서울특별시 강남구 개포동,중상사고,0,1,0,0,차대사람 - 횡단중,보행자보호의무위반,포장 - 건조,맑음,교차로 - 교차로횡단보도내,승용,남,60세,상해없음,보행자,남,62세,중상
6794,2021121700100169,2021년 12월 17일 11시,금요일,서울특별시 성동구 송정동,경상사고,0,0,1,0,차대사람 - 기타,안전운전불이행,포장 - 건조,맑음,단일로 - 기타,자전거,남,71세,경상,보행자,남,44세,상해없음
6795,2021121700100205,2021년 12월 17일 12시,금요일,서울특별시 동대문구 신설동,중상사고,0,1,0,0,차대사람 - 기타,안전운전불이행,포장 - 건조,맑음,단일로 - 기타,승합,남,66세,상해없음,보행자,남,72세,중상
6796,2021121700100207,2021년 12월 17일 12시,금요일,서울특별시 강남구 청담동,부상신고사고,0,0,0,1,차대사람 - 기타,안전운전불이행,포장 - 기타,맑음,기타 - 기타,승용,남,68세,기타불명,보행자,남,54세,부상신고
6797,2021121700100212,2021년 12월 17일 12시,금요일,서울특별시 서초구 서초동,부상신고사고,0,0,0,1,차대사람 - 길가장자리구역통행중,안전운전불이행,포장 - 건조,맑음,기타 - 기타,기타불명,기타불명,미분류,기타불명,보행자,여,28세,부상신고
6798,2021121700100241,2021년 12월 17일 13시,금요일,서울특별시 서대문구 홍은동,경상사고,0,0,1,0,차대사람 - 횡단중,중앙선침범,포장 - 건조,맑음,교차로 - 교차로안,이륜,남,42세,상해없음,보행자,여,69세,경상
6799,2021121700100242,2021년 12월 17일 13시,금요일,서울특별시 성동구 성수동2가,중상사고,0,1,1,0,차대사람 - 기타,안전운전불이행,포장 - 건조,맑음,교차로 - 교차로부근,승용,여,33세,기타불명,보행자,여,10세,중상
6800,2021121700100243,2021년 12월 17일 13시,금요일,서울특별시 중랑구 망우동,경상사고,0,0,1,0,차대사람 - 차도통행중,안전운전불이행,포장 - 건조,맑음,교차로 - 교차로안,화물,남,64세,상해없음,보행자,남,60세,경상
6801,2021121700100273,2021년 12월 17일 14시,금요일,서울특별시 금천구 시흥동,부상신고사고,0,0,0,1,차대사람 - 기타,안전운전불이행,포장 - 건조,맑음,단일로 - 기타,승용,남,55세,상해없음,보행자,여,52세,부상신고
6802,2021121700100274,2021년 12월 17일 14시,금요일,서울특별시 송파구 문정동,경상사고,0,0,1,0,차대사람 - 기타,안전운전불이행,포장 - 건조,맑음,기타 - 기타,승용,남,74세,기타불명,보행자,여,89세,경상
6803,2021121700100305,2021년 12월 17일 15시,금요일,서울특별시 종로구 재동,경상사고,0,0,1,0,차대사람 - 횡단중,신호위반,포장 - 건조,맑음,교차로 - 교차로부근,이륜,남,66세,상해없음,보행자,여,46세,경상
6804,2021121700100306,2021년 12월 17일 15시,금요일,서울특별시 성북구 정릉동,경상사고,0,0,1,0,차대사람 - 횡단중,보행자보호의무위반,포장 - 건조,맑음,단일로 - 기타,이륜,남,52세,기타불명,보행자,여,43세,경상
6805,2021121700100348,2021년 12월 17일 16시,금요일,서울특별시 성북구 삼선동5가,경상사고,0,0,1,0,차대사람 - 기타,안전운전불이행,포장 - 건조,맑음,단일로 - 기타,자전거,여,49세,상해없음,보행자,여,68세,경상
6806,2021121700100545,2021년 12월 17일 19시,금요일,서울특별시 강서구 화곡동,경상사고,0,0,1,0,차대사람 - 횡단중,안전운전불이행,포장 - 건조,맑음,단일로 - 기타,이륜,남,42세,상해없음,보행자,여,70세,경상
6807,2021121700100546,2021년 12월 17일 19시,금요일,서울특별시 송파구 마천동,중상사고,0,1,0,0,차대사람 - 보도통행중,안전운전불이행,포장 - 건조,맑음,단일로 - 기타,승용,남,50세,상해없음,보행자,남,45세,중상
6808,2021121700100549,2021년 12월 17일 19시,금요일,서울특별시 서초구 서초동,부상신고사고,0,0,0,1,차대사람 - 길가장자리구역통행중,안전운전불이행,포장 - 건조,맑음,기타 - 기타,기타불명,기타불명,미분류,기타불명,보행자,여,19세,부상신고
6809,2021121700100649,2021년 12월 17일 22시,금요일,서울특별시 강서구 화곡동,중상사고,0,1,0,0,차대사람 - 횡단중,신호위반,포장 - 건조,맑음,교차로 - 교차로횡단보도내,이륜,남,52세,상해없음,보행자,남,15세,중상
6810,2021121700100680,2021년 12월 17일 23시,금요일,서울특별시 강남구 신사동,경상사고,0,0,1,0,차대사람 - 기타,안전운전불이행,포장 - 건조,맑음,단일로 - 기타,승용,남,64세,상해없음,보행자,여,66세,경상
6811,2021121800100002,2021년 12월 18일 00시,토요일,서울특별시 마포구 동교동,경상사고,0,0,2,0,차대사람 - 보도통행중,안전운전불이행,포장 - 건조,맑음,기타 - 기타,개인형이동수단(PM),남,20세,상해없음,보행자,여,25세,경상
6812,2021121800100007,2021년 12월 18일 00시,토요일,서울특별시 강서구 화곡동,경상사고,0,0,1,0,차대사람 - 횡단중,안전운전불이행,포장 - 건조,맑음,교차로 - 교차로횡단보도내,승용,남,41세,상해없음,보행자,남,29세,경상
6813,2021121800100009,2021년 12월 18일 00시,토요일,서울특별시 강남구 도곡동,경상사고,0,0,1,0,차대사람 - 횡단중,보행자보호의무위반,포장 - 건조,맑음,교차로 - 교차로횡단보도내,승용,남,65세,상해없음,보행자,여,24세,경상
6814,2021121800100041,2021년 12월 18일 01시,토요일,서울특별시 영등포구 대림동,중상사고,0,1,0,0,차대사람 - 횡단중,신호위반,포장 - 건조,맑음,교차로 - 교차로안,승용,남,48세,상해없음,보행자,남,33세,중상
6815,2021121800100043,2021년 12월 18일 01시,토요일,서울특별시 송파구 잠실동,중상사고,0,1,0,0,차대사람 - 차도통행중,안전운전불이행,포장 - 건조,맑음,단일로 - 기타,승용,남,39세,상해없음,보행자,남,29세,중상
6816,2021121800100071,2021년 12월 18일 05시,토요일,서울특별시 영등포구 신길동,경상사고,0,0,1,0,차대사람 - 기타,안전운전불이행,포장 - 건조,흐림,기타 - 기타,자전거,남,59세,상해없음,보행자,여,68세,경상
6817,2021121800100158,2021년 12월 18일 11시,토요일,서울특별시 금천구 독산동,경상사고,0,0,1,0,차대사람 - 기타,안전운전불이행,포장 - 건조,맑음,단일로 - 기타,승용,남,59세,상해없음,보행자,남,52세,경상
6818,2021121800100211,2021년 12월 18일 13시,토요일,서울특별시 성북구 동선동1가,경상사고,0,0,1,0,차대사람 - 보도통행중,안전운전불이행,포장 - 건조,맑음,교차로 - 교차로안,승용,여,53세,상해없음,보행자,여,44세,경상
6819,2021121800100219,2021년 12월 18일 13시,토요일,서울특별시 도봉구 도봉동,중상사고,0,1,0,0,차대사람 - 기타,안전운전불이행,포장 - 건조,흐림,단일로 - 기타,승용,남,34세,상해없음,보행자,여,71세,중상
6820,2021121800100255,2021년 12월 18일 14시,토요일,서울특별시 서초구 서초동,중상사고,0,1,0,0,차대사람 - 기타,보행자보호의무위반,포장 - 젖음/습기,눈,교차로 - 교차로횡단보도내,승용,남,52세,상해없음,보행자,여,22세,중상
6821,2021121800100307,2021년 12월 18일 15시,토요일,서울특별시 성북구 동소문동1가,부상신고사고,0,0,0,1,차대사람 - 기타,안전운전불이행,포장 - 서리/결빙,눈,단일로 - 기타,기타불명,기타불명,미분류,기타불명,보행자,남,12세,부상신고
6822,2021121800100310,2021년 12월 18일 15시,토요일,서울특별시 관악구 신림동,중상사고,0,1,0,0,차대사람 - 횡단중,신호위반,포장 - 적설,눈,교차로 - 교차로부근,승용,여,63세,상해없음,보행자,여,70세,중상
6823,2021121800100362,2021년 12월 18일 16시,토요일,서울특별시 강서구 화곡동,중상사고,0,1,0,0,차대사람 - 기타,안전운전불이행,포장 - 서리/결빙,눈,단일로 - 기타,기타불명,기타불명,미분류,기타불명,보행자,여,41세,중상
6824,2021121800100450,2021년 12월 18일 18시,토요일,서울특별시 강동구 강일동,중상사고,0,1,0,0,차대사람 - 기타,안전운전불이행,포장 - 건조,맑음,교차로 - 교차로부근,승용,남,37세,상해없음,보행자,남,62세,중상
6825,2021121800100515,2021년 12월 18일 20시,토요일,서울특별시 동대문구 제기동,경상사고,0,0,1,0,차대사람 - 횡단중,보행자보호의무위반,포장 - 적설,흐림,교차로 - 교차로횡단보도내,승용,남,55세,상해없음,보행자,남,45세,경상
6826,2021121800100517,2021년 12월 18일 20시,토요일,서울특별시 금천구 독산동,중상사고,0,1,0,0,차대사람 - 기타,안전운전불이행,포장 - 건조,맑음,단일로 - 기타,승합,남,50세,상해없음,보행자,남,60세,중상
6827,2021121900100038,2021년 12월 19일 06시,일요일,서울특별시 관악구 신림동,사망사고,1,0,0,0,차대사람 - 기타,안전운전불이행,포장 - 서리/결빙,흐림,단일로 - 기타,승용,남,72세,상해없음,보행자,남,83세,사망
6828,2021121900100055,2021년 12월 19일 09시,일요일,서울특별시 서초구 양재동,사망사고,1,0,0,0,차대사람 - 횡단중,신호위반,포장 - 건조,맑음,단일로 - 기타,승합,남,53세,상해없음,보행자,남,44세,사망
6829,2021121900100157,2021년 12월 19일 14시,일요일,서울특별시 강서구 등촌동,경상사고,0,0,1,0,차대사람 - 횡단중,보행자보호의무위반,포장 - 건조,맑음,교차로 - 교차로안,승용,여,53세,상해없음,보행자,여,14세,경상
6830,2021121900100185,2021년 12월 19일 15시,일요일,서울특별시 강남구 수서동,부상신고사고,0,0,0,1,차대사람 - 기타,안전운전불이행,포장 - 건조,맑음,단일로 - 기타,승용,남,38세,상해없음,보행자,남,66세,부상신고
6831,2021121900100199,2021년 12월 19일 16시,일요일,서울특별시 성동구 응봉동,경상사고,0,0,1,0,차대사람 - 기타,안전운전불이행,포장 - 건조,맑음,단일로 - 기타,자전거,남,45세,상해없음,보행자,여,59세,경상
6832,2021121900100200,2021년 12월 19일 16시,일요일,서울특별시 중랑구 면목동,경상사고,0,0,1,0,차대사람 - 횡단중,안전운전불이행,포장 - 건조,맑음,주차장 - 주차장,승용,남,54세,상해없음,보행자,남,31세,경상
6833,2021121900100221,2021년 12월 19일 17시,일요일,서울특별시 서대문구 북아현동,경상사고,0,0,1,0,차대사람 - 횡단중,안전운전불이행,포장 - 젖음/습기,흐림,교차로 - 교차로횡단보도내,승용,남,63세,상해없음,보행자,남,23세,경상
6834,2021121900100222,2021년 12월 19일 17시,일요일,서울특별시 강남구 신사동,경상사고,0,0,1,0,차대사람 - 기타,안전운전불이행,포장 - 건조,맑음,단일로 - 기타,승용,남,27세,상해없음,보행자,남,20세,경상
6835,2021121900100244,2021년 12월 19일 18시,일요일,서울특별시 성북구 석관동,중상사고,0,1,0,0,차대사람 - 길가장자리구역통행중,안전운전불이행,포장 - 건조,맑음,단일로 - 기타,승용,남,40세,상해없음,보행자,여,57세,중상
6836,2021121900100295,2021년 12월 19일 20시,일요일,서울특별시 강북구 수유동,경상사고,0,0,2,0,차대사람 - 기타,신호위반,포장 - 건조,맑음,교차로 - 교차로안,개인형이동수단(PM),남,21세,상해없음,보행자,남,65세,경상
6837,2021121900100324,2021년 12월 19일 21시,일요일,서울특별시 금천구 독산동,경상사고,0,0,1,0,차대사람 - 횡단중,신호위반,포장 - 건조,맑음,교차로 - 교차로횡단보도내,승용,남,64세,상해없음,보행자,남,27세,경상
6838,2021121900100357,2021년 12월 19일 23시,일요일,서울특별시 영등포구 여의도동,중상사고,0,1,0,0,차대사람 - 기타,신호위반,포장 - 젖음/습기,맑음,교차로 - 교차로안,승용,여,26세,상해없음,보행자,남,65세,중상
6839,2021122000100007,2021년 12월 20일 03시,월요일,서울특별시 강북구 수유동,경상사고,0,0,1,0,차대사람 - 횡단중,안전운전불이행,포장 - 건조,맑음,단일로 - 기타,승용,여,64세,상해없음,보행자,남,74세,경상
6840,2021122000100038,2021년 12월 20일 07시,월요일,서울특별시 서초구 반포동,경상사고,0,0,1,0,차대사람 - 횡단중,안전운전불이행,포장 - 건조,흐림,단일로 - 기타,승용,남,75세,상해없음,보행자,남,16세,경상
6841,2021122000100150,2021년 12월 20일 11시,월요일,서울특별시 강남구 도곡동,중상사고,0,1,0,0,차대사람 - 횡단중,안전운전불이행,포장 - 건조,맑음,교차로 - 교차로부근,화물,남,36세,상해없음,보행자,남,57세,중상
6842,2021122000100186,2021년 12월 20일 12시,월요일,서울특별시 송파구 송파동,경상사고,0,0,1,0,차대사람 - 기타,기타,포장 - 건조,맑음,교차로 - 교차로안,승용,남,66세,상해없음,보행자,여,36세,경상
6843,2021122000100219,2021년 12월 20일 13시,월요일,서울특별시 중구 을지로6가,경상사고,0,0,1,0,차대사람 - 횡단중,보행자보호의무위반,포장 - 건조,맑음,교차로 - 교차로횡단보도내,승용,남,66세,상해없음,보행자,여,31세,경상
6844,2021122000100220,2021년 12월 20일 13시,월요일,서울특별시 광진구 자양동,경상사고,0,0,1,0,차대사람 - 기타,안전운전불이행,포장 - 건조,맑음,단일로 - 기타,원동기,여,57세,상해없음,보행자,남,20세,경상
6845,2021122000100248,2021년 12월 20일 14시,월요일,서울특별시 서대문구 옥천동,중상사고,0,1,0,0,차대사람 - 횡단중,보행자보호의무위반,포장 - 건조,맑음,단일로 - 기타,승용,여,42세,상해없음,보행자,여,98세 이상,중상
6846,2021122000100254,2021년 12월 20일 14시,월요일,서울특별시 양천구 신정동,경상사고,0,0,1,0,차대사람 - 횡단중,보행자보호의무위반,포장 - 건조,맑음,교차로 - 교차로횡단보도내,승용,여,48세,상해없음,보행자,여,72세,경상
6847,2021122000100286,2021년 12월 20일 15시,월요일,서울특별시 용산구 한강로2가,경상사고,0,0,1,0,차대사람 - 횡단중,보행자보호의무위반,포장 - 건조,맑음,교차로 - 교차로횡단보도내,승용,남,59세,상해없음,보행자,여,24세,경상
6848,2021122000100291,2021년 12월 20일 15시,월요일,서울특별시 강동구 암사동,경상사고,0,0,1,0,차대사람 - 기타,안전운전불이행,포장 - 건조,맑음,단일로 - 기타,승용,여,60세,상해없음,보행자,남,36세,경상
6849,2021122000100375,2021년 12월 20일 17시,월요일,서울특별시 성동구 용답동,경상사고,0,0,1,0,차대사람 - 기타,안전운전불이행,포장 - 건조,맑음,단일로 - 기타,승용,남,65세,상해없음,보행자,여,32세,경상
6850,2021122000100379,2021년 12월 20일 17시,월요일,서울특별시 강서구 등촌동,중상사고,0,1,0,0,차대사람 - 횡단중,보행자보호의무위반,포장 - 건조,맑음,교차로 - 교차로안,승용,남,63세,상해없음,보행자,여,82세,중상
6851,2021122000100381,2021년 12월 20일 17시,월요일,서울특별시 강동구 고덕동,경상사고,0,0,1,0,차대사람 - 기타,안전운전불이행,포장 - 건조,맑음,단일로 - 기타,승용,여,58세,상해없음,보행자,여,42세,경상
6852,2021122000100382,2021년 12월 20일 17시,월요일,서울특별시 송파구 풍납동,경상사고,0,0,1,0,차대사람 - 기타,보행자보호의무위반,포장 - 건조,맑음,교차로 - 교차로안,기타불명,기타불명,미분류,기타불명,보행자,남,53세,경상